stain_label,calcium_label,overlap_px,frac_stain,stain_area,calcium_area,calcium AUC,calcium response time,calcium_auc_w1,calcium_auc_w2,calcium_auc_w3,calcium_auc_norm_w1,calcium_auc_norm_w2,calcium_auc_norm_w3,calcium_active_time_w1,calcium_active_time_w2,calcium_active_time_w3,calcium_response_time_w1,calcium_response_time_w2,calcium_response_time_w3,calcium_auc_w2_w3,calcium_auc_norm_w2_w3,calcium_AUC_norm,calcium_baseline_F0,calcium_baseline_mean_dff,calcium_baseline_sd_dff,cell_area,O4_prop,O4_mfi_norm,PDGFRa_prop,PDGFRa_mfi_norm,MBP_prop,MBP_mfi_norm
38,72,8610,0.7481101746459293,11509,9290,147.00018945336342,0.21875,0.047020211175549775,51.20459571480751,95.79559373855591,0.0006717173025078539,0.8127713605525002,1.496806152164936,70.0,63.0,64.0,0.0,0.21875,1.0,147.00018945336342,1.157481806719397,1.157481806719397,776.938232421875,-0.06581462919712067,0.2477150857448578,1473,0.06992532247114731,1.2594159950939925,0.0,0.9915747269198587,1.0,2.2211598011061633
255,232,8423,0.997867551238005,8441,15443,206.5879771709442,1.0,5.474543333053589,89.45474588871002,117.13323128223419,0.07934120772541434,1.4199166014080955,1.8020497120343721,69.0,63.0,65.0,0.05714285714285714,1.0,1.0,206.5879771709442,1.6139685716480017,1.6139685716480017,533.6204833984375,0.0028083561919629574,0.022310271859169006,1553,0.6445589182227945,1.6583935756682107,0.330328396651642,1.2218828231038965,0.0669671603348358,1.3889083524583925
392,361,6816,0.708303024004988,9623,7159,18.049247696995735,0.8125,5.282905552536249,10.125140577554703,7.924107119441032,0.07547007932194642,0.1607165171040429,0.12190934029909281,70.0,63.0,65.0,0.0,0.8125,0.3787878787878788,18.049247696995735,0.14100974763277918,0.14100974763277918,869.002685546875,-0.011231799609959126,0.029038850218057632,2847,0.03723217421847559,1.1005946768860948,0.0,0.8872579702221899,0.9694415173867229,2.4116063121914513
242,219,6519,0.730665770006725,8922,7786,91.84822189062834,1.0,0.3058699765824713,78.5627028644085,13.285519026219845,0.0044328982113401635,1.2470270295937855,0.20439260040338222,69.0,63.0,65.0,0.0,1.0,0.6818181818181818,91.84822189062834,0.7175642335205339,0.7175642335205339,615.5338134765625,0.005871306639164686,0.028857102617621422,4166,0.6488238118098896,1.5309610707164112,0.0,0.8846477410633212,0.4042246759481517,1.762707255034607
31,57,6264,0.8069045472111297,7763,7066,18.489292409736663,0.15625,0.02729589305818081,2.113200339023024,16.37609207071364,0.000389941329402583,0.03354286252417498,0.2558764386049006,70.0,63.0,64.0,0.0,0.15625,0.7230769230769231,18.489292409736663,0.1455849796042257,0.1455849796042257,756.4466552734375,-0.004557967651635408,0.01567743718624115,3637,0.14544954632939236,1.07700730117289,0.0,0.9130821585421127,1.0,2.716712830495589
422,377,6000,0.9445843828715366,6352,20193,5.4420764980168315,0.0,2.7834085271460935,5.02155345864594,0.42052303937089164,0.03976297895922991,0.07970719775628476,0.0064695852210906405,70.0,63.0,65.0,0.0,0.0,0.0,5.4420764980168315,0.042516222640756496,0.042516222640756496,1372.193115234375,-0.007010061293840408,0.04593224078416824,5141,0.4292939116903326,1.222400944364945,0.6590157556895546,1.468643582296653,0.1795370550476561,1.5144493890360464
276,260,5485,0.95640802092415,5735,10163,164.56915938854218,1.0,4.939962450414896,84.08148467540741,80.48767471313477,0.07057089214878423,1.3346267408794827,1.2382719186636117,70.0,63.0,65.0,0.22535211267605634,1.0,1.0,164.56915938854218,1.2856965577229857,1.2856965577229857,719.6246337890625,0.0018100064480677247,0.01776430383324623,9,1.0,1.5655080692117327,0.0,1.0260541469979716,0.0,1.569982275357586
23,53,5325,0.99198956780924,5368,8082,53.31965969083831,0.46153846153846156,0.43786248145624995,19.217349234502763,34.102310456335545,0.006255178306517856,0.30027108178910566,0.5328486008802429,70.0,64.0,64.0,0.0,0.46153846153846156,0.9076923076923077,53.31965969083831,0.4165598413346743,0.4165598413346743,546.9656982421875,0.0001284902245970443,0.024800578132271767,2015,0.27841191066997517,0.9892203285942809,0.19057071960297767,1.329353758349005,0.9702233250620348,2.405953888508363
481,425,5296,0.9996224990562477,5298,12914,281.9669192433357,1.0,4.874272183282301,193.04127252101898,88.92564672231674,0.06963245976117573,3.0162698831409216,1.368086872651027,70.0,64.0,65.0,0.0,1.0,1.0,281.9669192433357,2.1857900716537655,2.1857900716537655,267.26043701171875,-0.0010099069913849235,0.061523064970970154,4751,0.8242475268364555,1.5827747579599951,0.0,1.0453971920635494,0.20101031361818564,1.4557910968025076
87,108,5042,0.9011617515638963,5595,6462,248.80792117118835,1.0,1.9624290650244802,107.85183489322662,140.95608627796173,0.028441000942383773,1.7119338871940735,2.202438848093152,69.0,63.0,64.0,0.0,1.0,1.0,248.80792117118835,1.9591174895369161,1.9591174895369161,722.5459594726562,-0.004009793512523174,0.024472888559103012,3031,0.4067964368195315,1.3315194809142943,0.0,1.0188718592955477,0.6466512702078522,2.4053642142444773
47,77,5017,0.9302799925829779,5393,6315,173.71976147592068,1.0,0.0,53.460534796118736,120.25922667980194,0.0,0.8485799173987101,1.8790504168719053,70.0,63.0,64.0,0.0,1.0,1.0,173.71976147592068,1.3678721376056746,1.3678721376056746,556.7820434570312,-0.001702551613561809,0.022087693214416504,121,0.628099173553719,1.3365370514167298,0.19834710743801653,0.9416244111316541,0.17355371900826447,1.4369052965298692
108,125,4547,0.8915686274509804,5100,9471,205.02129197120667,1.0,3.8470412185415626,84.20335674285889,120.81793522834778,0.05575422055857337,1.3365612181406172,1.887780237942934,69.0,63.0,64.0,0.0,1.0,1.0,205.02129197120667,1.6143408816630447,1.6143408816630447,474.71014404296875,-0.0011223740875720978,0.024768253788352013,2913,0.5022313765877102,1.4882417643535018,0.18537590113285274,1.7030871915544974,0.6347408170271198,2.3429516165129813
36,61,4543,1.0,4543,13899,195.75594168901443,1.0,3.054528977489099,87.70448368787766,108.05145800113678,0.04363612824984427,1.3921346617123438,1.6883040312677622,70.0,63.0,64.0,0.0,1.0,1.0,195.75594168901443,1.5413853676300349,1.5413853676300349,819.4785766601562,-0.00950846541672945,0.04805878549814224,3612,0.8754152823920266,1.7139935554872583,0.0,0.8971671615005934,0.1539313399778516,1.2147475701551385
262,240,4522,0.8536907683594488,5297,10841,145.7357158958912,1.0,5.894641923718154,103.79688286781311,41.93883302807808,0.08542959309736456,1.647569569330367,0.6452128158165858,69.0,63.0,65.0,0.02857142857142857,1.0,1.0,145.7357158958912,1.13856028043665,1.13856028043665,506.07000732421875,-0.00033064172021113336,0.030811836943030357,51,1.0,1.5615899618068283,0.0,1.178173084350325,0.0,3.3649027648835426
226,209,4476,0.7717241379310344,5800,6363,73.56162470579147,1.0,0.16058985673589632,52.09200519323349,21.469619512557983,0.0023273892280564683,0.8268572252894205,0.3354628048837185,69.0,63.0,64.0,0.0,1.0,1.0,73.56162470579147,0.5792253913841848,0.5792253913841848,1230.59130859375,-0.0010519145289435983,0.02883199229836464,489,0.983640081799591,1.856248950255711,0.0,0.948627065751547,0.5828220858895705,1.9418212848127367
48,78,4398,0.8451191391237509,5204,11780,164.13888055086136,1.0,1.2890688425395638,70.03479486703873,94.10408568382263,0.018415269179136624,1.1116634105879164,1.4703763388097286,70.0,63.0,64.0,0.028169014084507043,1.0,1.0,164.13888055086136,1.292432130321743,1.292432130321743,837.5465698242188,0.002942444058135152,0.015031521208584309,3967,0.9498361482228385,1.6030737606310848,0.0,0.8642047372627063,0.05016385177716158,1.2098154285536584
438,406,4277,0.8953317981997069,4777,6813,45.614225545781665,1.0,2.0359941799542867,42.6439069211483,2.9703186246333644,0.029085631142204096,0.6768874114467984,0.04569720960974407,70.0,63.0,65.0,0.0,1.0,0.07575757575757576,45.614225545781665,0.35636113707641925,0.35636113707641925,686.6080932617188,0.012251549400389194,0.041275423020124435,1155,1.0,1.74651084357272,0.0,2.3540118293976313,0.0,1.5194553683883998
436,405,4264,1.0,4264,12516,24.54815536737442,0.78125,6.123952925205231,14.327263429760933,10.220891937613487,0.08748504178864615,0.22741687983747513,0.1572444913478998,70.0,63.0,65.0,0.0,0.78125,0.07575757575757576,24.54815536737442,0.19178246380761266,0.19178246380761266,646.0488891601562,0.0011870184680446982,0.04078267887234688,0,0.0,,0.0,,0.0,
77,103,4235,0.9459459459459459,4477,8171,50.27648499328643,0.546875,0.05283511022571474,14.710604113526642,35.56588087975979,0.000754787288938782,0.233501652595661,0.5557168887462467,70.0,63.0,64.0,0.0,0.546875,1.0,50.27648499328643,0.39587783459280657,0.39587783459280657,1271.970703125,-0.0002352687733946368,0.025899549946188927,3389,0.3567424018884627,1.257658203578509,0.0,0.9311538515461427,0.8164650339333137,2.3146296772413675
268,245,4204,0.9561064362065045,4397,10875,5.001828977488913,0.0,2.828643623739481,1.026790426694788,3.9750385507941246,0.04099483512665914,0.01629826074118711,0.06115443924298653,69.0,63.0,65.0,0.0,0.0,0.06060606060606061,5.001828977488913,0.03907678888663213,0.03907678888663213,1219.357666015625,0.0019497704925015569,0.018459614366292953,806,0.3511166253101737,1.5545027676595422,0.0,0.9378617744867622,0.9230769230769231,2.294971827922112
280,262,4148,0.8111067657411029,5114,4425,29.75966578722,1.0,6.541585306636989,16.594652727246284,13.165013059973717,0.0934512186662427,0.26340718614676645,0.2025386624611341,70.0,63.0,65.0,0.2676056338028169,1.0,1.0,29.75966578722,0.23249738896265626,0.23249738896265626,820.9366455078125,-0.004079575650393963,0.025403885170817375,0,0.0,,0.0,,0.0,
426,384,4127,0.8540976821192053,4832,11670,195.16174536943436,1.0,7.705212181434035,121.00096428394318,74.16078108549118,0.11007445973477194,1.9206502267292567,1.1409350936229412,70.0,63.0,65.0,0.04225352112676056,1.0,1.0,195.16174536943436,1.524701135698706,1.524701135698706,574.5955810546875,-0.00677272817119956,0.03535190969705582,1017,0.9773844641101278,1.7476182973858438,0.0,1.005247471185383,0.18092428711897737,1.5903415026658743
64,94,4075,0.825901905147953,4934,4343,42.172999212518334,0.296875,2.3846926542464644,8.611187467351556,33.56181174516678,0.03406703791780663,0.1366855153547866,0.5244033085182309,70.0,63.0,64.0,0.08450704225352113,0.296875,1.0,42.172999212518334,0.33207085994108926,0.33207085994108926,869.2075805664062,-0.004716952331364155,0.019209902733564377,684,0.40350877192982454,1.3327481003315345,0.0,0.9807375665992134,0.6067251461988304,1.7163185293811505
401,365,3945,0.9215136650315346,4281,5195,51.02589837508276,0.9375,1.47477170615457,50.806718066334724,0.21918030874803662,0.02106816723077957,0.8064558423227735,0.0033720047499697942,70.0,63.0,65.0,0.0,0.9375,0.0,51.02589837508276,0.39863983105533407,0.39863983105533407,626.173095703125,0.004248910117894411,0.03173088654875755,2448,0.02287581699346405,1.0830425895667086,0.6421568627450981,1.6456444013744722,0.35375816993464054,1.487328903734178
434,400,3933,1.0,3933,13316,72.8390810340643,1.0,9.044781185686588,53.27388855814934,19.565192475914955,0.1292111597955227,0.8456172787007832,0.3010029611679224,70.0,63.0,65.0,0.0,1.0,0.6666666666666666,72.8390810340643,0.5690553205786273,0.5690553205786273,410.32342529296875,0.005183510947972536,0.04864829033613205,3306,0.8218390804597702,1.637178172389737,0.40229885057471265,1.4874375362704866,0.029038112522686024,1.0751051714126605
178,169,3926,0.7469558599695586,5256,5080,0.18760930164717138,0.0,1.1141738187870942,0.0,0.18760930164717138,0.01614744664908832,0.0,0.002931395338237053,69.0,63.0,64.0,0.0,0.0,0.0,0.18760930164717138,0.0014772385956470188,0.0014772385956470188,1329.454833984375,0.013183916918933392,0.03819536417722702,4888,0.601063829787234,1.5460506875819837,0.05482815057283143,1.0834735295741966,0.6839198036006546,2.357116677682582
294,274,3913,0.7841683366733467,4990,4817,5.276311593130231,0.3125,0.5825601322649163,3.354719570837915,1.921592022292316,0.008322287603784518,0.05324951699742722,0.029562954189112554,70.0,63.0,65.0,0.0,0.3125,0.07575757575757576,5.276311593130231,0.04122118432132993,0.04122118432132993,1208.942138671875,-0.0009380161063745618,0.013861162588000298,17,0.0,1.0604489550757121,1.0,1.5648522557832079,0.0,1.186896864252731
486,428,3823,0.9418576003941858,4059,5394,77.03597196936607,0.9692307692307692,5.808222305029631,55.992353439331055,21.04361853003502,0.08297460435756615,0.8748805224895477,0.32374797738515415,70.0,64.0,65.0,0.0,0.9692307692307692,0.5454545454545454,77.03597196936607,0.5971780772819075,0.5971780772819075,669.162841796875,-0.010715916752815247,0.06378792971372604,1304,0.0,1.2260904457855122,0.059049079754601226,1.0671257817398976,1.0,2.3547230881269576
306,281,3805,0.8830355070782084,4309,4891,17.904614306986332,0.703125,3.5263642072677612,14.188993141055107,3.715621165931225,0.05037663153239659,0.22522211335008108,0.057163402552788074,70.0,63.0,65.0,0.0,0.703125,0.0,17.904614306986332,0.13987979927333072,0.13987979927333072,1098.74951171875,0.004332166630774736,0.02543494664132595,887,0.0,1.3550551239699693,0.0,1.085581986936971,1.0,2.480537402565031
258,243,3688,0.7951703320396722,4638,4880,129.4033486843109,1.0,2.4910338347544894,100.93756902217865,28.465779662132263,0.03610193963412303,1.602183635272677,0.43793507172511176,69.0,63.0,65.0,0.05714285714285714,1.0,1.0,129.4033486843109,1.010963661596179,1.010963661596179,672.7525634765625,0.0004547308781184256,0.018203673884272575,226,1.0,1.6343718157807094,0.0,2.0787645893386526,0.0,1.1135348061214518
284,254,3615,0.9254992319508448,3906,4986,3.1344049281906337,0.0,3.910303156124428,0.4124652303289622,2.7219396978616714,0.0558614736589204,0.0065470671480787656,0.04187599535171802,70.0,63.0,65.0,0.0,0.0,0.0,3.1344049281906337,0.024487538501489325,0.024487538501489325,1422.198486328125,-0.008672691881656647,0.025997336953878403,0,0.0,,0.0,,0.0,
201,186,3600,0.9906439185470556,3634,7396,264.83387994766235,1.0,4.53533298894763,126.4462720155716,138.38760793209076,0.06572946360793666,2.007083682786851,2.162306373938918,69.0,63.0,64.0,0.014285714285714285,1.0,1.0,264.83387994766235,2.085306141320176,2.085306141320176,592.721923828125,-0.002614745870232582,0.029163317754864693,1430,0.5,1.440184786437343,0.10909090909090909,1.1955017607272052,0.4937062937062937,1.4546934319925682
405,376,3544,0.9852654990269669,3597,6035,43.22377644479275,1.0,2.3150498550385237,28.673061043024063,14.550715401768684,0.03307214078626462,0.455127953063874,0.22385716002721054,70.0,63.0,65.0,0.0,1.0,1.0,43.22377644479275,0.33768575347494334,0.33768575347494334,1296.520263671875,-8.449544111499563e-05,0.028445500880479813,580,0.0,1.0779277413339972,0.0,0.8798919998310022,1.0,2.0476287046194317
11,39,3519,0.9675556777563926,3637,6372,198.309499502182,1.0,0.13595379004254937,82.42363655567169,115.88586294651031,0.001942197000607848,1.2878693211823702,1.8107166085392237,70.0,64.0,64.0,0.0,1.0,1.0,198.309499502182,1.549292964860797,1.549292964860797,965.9420776367188,0.005102698225528002,0.0248916894197464,4478,0.8780705672175079,1.7729571168738942,0.029477445288075034,0.9958537934549035,0.23425636444841447,1.5133196265092899
374,336,3405,0.9670548139733031,3521,6664,76.50617030262947,1.0,11.801790900528431,51.841917246580124,24.664253056049347,0.16859701286469186,0.8228875753425416,0.3794500470161438,70.0,63.0,65.0,0.29577464788732394,1.0,1.0,76.50617030262947,0.5977044554892927,0.5977044554892927,550.940185546875,0.0002494842919986695,0.04390062764286995,110,0.0,0.9179548208337059,0.0,0.9177444427081332,1.0,1.7177709044654266
32,60,3381,0.9912049252418645,3411,4901,66.85021353513002,0.921875,0.08366237301379442,31.923751659691334,34.92646187543869,0.0011951767573399202,0.5067262168204973,0.5457259668037295,70.0,63.0,64.0,0.0,0.921875,1.0,66.85021353513002,0.5263796341348821,0.5263796341348821,678.4464111328125,-4.7764118789928034e-05,0.02134806662797928,2547,0.10836277974087162,1.3315624515389262,0.9909697683549273,2.499241335529489,0.0,1.33599317780322
387,352,3246,0.9842328684050939,3298,6091,5.981704172329046,0.296875,1.4415005344635574,5.828968206420541,0.15273596590850502,0.02059286477805082,0.09252330486381811,0.002349784090900077,70.0,63.0,65.0,0.0,0.296875,0.0,5.981704172329046,0.04673206384632067,0.04673206384632067,784.9678344726562,0.0014796938048675656,0.02803863398730755,2205,0.2834467120181406,1.0046993227328698,0.49387755102040815,1.339284071557836,0.3401360544217687,1.5541574733172354
336,299,3111,0.9866793529971456,3153,11465,42.291101180016994,1.0,3.832509383559227,35.05605685710907,7.235044322907925,0.0547501340508461,0.5564453469382392,0.11130837419858346,70.0,63.0,65.0,0.0,1.0,0.24242424242424243,42.291101180016994,0.33039922796888277,0.33039922796888277,670.96044921875,0.0032701867166906595,0.026914410293102264,1131,0.0,1.1200501410502255,0.0,0.8914458285051545,1.0,2.279284194570115
223,203,3096,0.9269461077844311,3340,6122,0.4251742592314258,0.0,0.16059762838995084,0.031932351528666914,0.3932419077027589,0.0023275018607239253,0.0005068627226772526,0.006144404807855608,69.0,63.0,64.0,0.0,0.0,0.0,0.4251742592314258,0.003347828812845873,0.003347828812845873,1831.69970703125,0.003915120847523212,0.021548479795455933,0,0.0,,0.0,,0.0,
347,317,3028,0.9206445728184859,3289,3664,105.75904772430658,1.0,5.01263621635735,95.82928213477135,9.929765589535236,0.07160908880510501,1.521099716424942,0.15276562445438824,70.0,63.0,65.0,0.0,1.0,0.13636363636363635,105.75904772430658,0.8262425603461452,0.8262425603461452,560.2152099609375,-0.0002031596377491951,0.044013310223817825,1500,0.5853333333333334,1.4498138622275556,0.0,1.165026927389016,0.4146666666666667,1.7093844135012122
104,115,2923,1.0,2923,6170,127.38424071669579,1.0,0.181379470275715,45.64414098858833,81.74009972810745,0.002628687975010362,0.724510174422037,1.277189058251679,69.0,63.0,64.0,0.0,1.0,1.0,127.38424071669579,1.0030255174542975,1.0030255174542975,904.5717163085938,-0.0014764729421585798,0.01475153025239706,2701,0.022584228063680118,1.092859691731925,0.9866716031099593,3.2835985672924757,0.0,1.341722973080105
398,362,2918,0.9955646537018082,2931,10323,4.902727901295293,0.046875,2.6865556933917105,1.887023194518406,3.015704706776887,0.03837936704845301,0.02995274911933978,0.046395457027336724,70.0,63.0,65.0,0.07042253521126761,0.046875,0.24242424242424243,4.902727901295293,0.03830256172886948,0.03830256172886948,1152.7744140625,0.0020907288417220116,0.015741664916276932,5221,0.8808657345336143,2.462757108231781,0.9159164910936602,3.900541298600287,0.13618080827427695,1.4198230289488152
418,383,2907,1.0,2907,12533,90.48958319425583,1.0,8.442010343074799,63.67146307229996,26.81812012195587,0.12060014775821142,1.0106581440047613,0.41258646341470573,70.0,63.0,65.0,0.04225352112676056,1.0,1.0,90.48958319425583,0.7069498687051237,0.7069498687051237,493.51239013671875,-0.0029402722138911486,0.0358014814555645,1135,0.0,1.25958671580005,0.9982378854625551,1.6634299944591353,0.001762114537444934,1.3080728422780827
340,306,2875,1.0,2875,9007,0.07261745166033506,0.0,0.0872518009855412,0.0222339304164052,0.05038352124392986,0.0012464542997934456,0.00035291953041913015,0.0007751310960604595,70.0,63.0,65.0,0.0,0.0,0.0,0.07261745166033506,0.0005673238410963677,0.0005673238410963677,1187.1998291015625,-0.00019624337437562644,0.021336907520890236,2161,0.33317908375751965,1.1672841143706743,0.14900509023600186,1.2495093189622328,0.7695511337343822,2.0792339143379475
78,97,2848,1.0,2848,5676,148.3233019709587,1.0,0.023367829155176878,74.47665944695473,73.84664252400398,0.0003338261307882411,1.18216919757071,1.1538537894375622,70.0,63.0,64.0,0.0,1.0,1.0,148.3233019709587,1.16790001551936,1.16790001551936,927.8466796875,-0.004889798816293478,0.039077647030353546,1890,0.2523809523809524,1.1697956723442913,0.0,0.9218346939956101,0.8941798941798942,2.5384866402548814
148,155,2792,0.7403871652081676,3771,3866,294.99909591674805,1.0,5.688518149778247,132.87466549873352,162.12443041801453,0.08244229202577169,2.1091216745830716,2.533194225281477,69.0,63.0,64.0,0.0,1.0,1.0,294.99909591674805,2.322827526903528,2.322827526903528,900.4556884765625,0.012360385619103909,0.04095946252346039,65,0.0,1.5619308545391057,1.0,1.429566517680159,0.0,1.016131554990495
248,224,2780,0.8842239185750637,3144,4678,22.78857641480863,0.484375,3.3304592687636614,14.158586045727134,8.629990369081497,0.04826752563425596,0.22473946104328785,0.1327690826012538,69.0,63.0,65.0,0.0,0.484375,0.6363636363636364,22.78857641480863,0.17803575324069243,0.17803575324069243,1862.3927001953125,0.004318147897720337,0.023444222286343575,482,1.0,1.4797494968207126,0.0,0.8932200869961993,0.0,1.4338732661847609
423,394,2723,0.9978013924514474,2729,7541,26.02053364412859,0.984375,6.390330329537392,21.151777654886246,4.868755989242345,0.09129043327910559,0.33574250245851184,0.07490393829603607,70.0,63.0,65.0,0.0,0.984375,0.06060606060606061,26.02053364412859,0.20328541909475462,0.20328541909475462,543.4707641601562,-0.0034141293726861477,0.0385882742702961,1145,0.3799126637554585,1.0987032476722136,0.211353711790393,1.0925941622119753,0.6489082969432315,1.833298911858801
56,80,2720,1.0,2720,7131,6.866913457313785,0.0,4.620962696149945,0.3694508456683252,6.49746261164546,0.06601375280214207,0.005864299137592463,0.10152285330696031,70.0,63.0,64.0,0.23943661971830985,0.0,0.7230769230769231,6.866913457313785,0.05407018470325815,0.05407018470325815,1843.16845703125,0.005483503919094801,0.015951016917824745,1608,0.8880597014925373,1.6399216789239832,0.1691542288557214,1.885634019863516,0.1486318407960199,1.7384874466088744
106,124,2688,0.9434889434889435,2849,3971,0.6253712824545801,0.0,1.3713529941160232,0.00412013428285718,0.6212511481717229,0.019874681074145265,6.539895687074888e-05,0.00970704919018317,69.0,63.0,64.0,0.0,0.0,0.0,0.6253712824545801,0.004924183326414016,0.004924183326414016,1479.580322265625,-0.003931920509785414,0.030665801838040352,3136,0.8794642857142857,1.937041134038882,0.0,3.063297908620254,0.7758290816326531,2.7342436135911026
337,303,2656,0.8988155668358714,2955,3551,7.92128750642587,0.171875,4.548750206828117,5.687177894636989,2.234109611788881,0.06498214581183025,0.09027266499423792,0.03437091710444432,70.0,63.0,65.0,0.0,0.171875,0.0,7.92128750642587,0.06188505864395211,0.06188505864395211,1234.16015625,0.0023460935335606337,0.026899544522166252,1929,0.008812856402280975,1.1229147440367315,0.0,0.9497986565528369,1.0,2.572986898391503
150,147,2614,0.853969291081346,3061,6193,227.62967938184738,1.0,1.5031104615190998,99.8588896393776,127.77078974246979,0.02178420958723333,1.5850617403075808,1.9964185897260904,69.0,63.0,64.0,0.0,1.0,1.0,227.62967938184738,1.7923596801720267,1.7923596801720267,1077.6727294921875,-0.0004954527248628438,0.0264479648321867,4159,0.615051695119019,1.5280859408252223,0.551574897811974,1.4835478561312883,0.6996874248617456,2.454299881517962
348,314,2607,0.749568717653824,3478,3784,2.8461754141608253,0.0,3.110860910266638,1.2254643031628802,1.620711110997945,0.044440870146666256,0.019451814335918735,0.02493401709227608,70.0,63.0,65.0,0.0,0.0,0.0,2.8461754141608253,0.022235745423131448,0.022235745423131448,864.9412231445312,-0.003546640742570162,0.03176714479923248,1092,1.0,1.5803355068467302,0.0,2.2576513638745923,0.0,1.3564989705535686
90,110,2603,0.8056329309811204,3231,4398,224.62050032615662,1.0,0.6058588678715751,117.20635616779327,107.41414415836334,0.008780563302486595,1.8604183518697346,1.6783460024744272,69.0,63.0,64.0,0.0,1.0,1.0,224.62050032615662,1.768665356898871,1.768665356898871,465.60186767578125,-0.005895142909139395,0.04378997161984444,6023,0.0036526647849908682,0.9914647914092192,1.0,3.7241702690231757,0.0006641208699983397,1.0616864220348738
308,285,2593,0.9642989959092599,2689,7326,56.108784049749374,1.0,3.6190506042912602,36.59927597641945,19.509508073329926,0.05170072291844657,0.5809408885145945,0.3001462780512296,70.0,63.0,65.0,0.0,1.0,1.0,56.108784049749374,0.438349875388667,0.438349875388667,1030.407958984375,-0.004101271275430918,0.03208291158080101,3954,0.7673242286292362,1.8438396807056603,0.65402124430956,2.0853603173008577,0.0,1.3379805646234237
414,386,2588,0.8471358428805237,3055,2784,25.45042227394879,0.46875,3.9223967883735895,25.150962916668504,0.29945935728028417,0.05603423983390842,0.3992216335979128,0.004607067035081295,70.0,63.0,65.0,0.0,0.46875,0.0,25.45042227394879,0.1988314240152249,0.1988314240152249,681.6768798828125,0.013324820436537266,0.05214070901274681,3300,0.0,1.0585108995520183,1.0,3.0864447619626363,0.0,1.1791084393528217
236,210,2556,1.0,2556,11254,230.0975388288498,1.0,7.81692074611783,113.57117557525635,116.52636325359344,0.1132887064654758,1.8027170726231165,1.8207244258373976,69.0,63.0,64.0,0.8714285714285714,1.0,1.0,230.0975388288498,1.811791644321652,1.811791644321652,427.65728759765625,-0.0017363288206979632,0.015697460621595383,1345,0.07360594795539034,1.3558417948491515,0.7234200743494423,2.6635607495316695,0.5977695167286246,1.777165942204122
88,114,2549,0.7000823949464433,3641,3783,0.8784068891545758,0.0,0.0365644941048231,0.0,0.8784068891545758,0.000529920204417726,0.0,0.013725107643040246,69.0,63.0,64.0,0.0,0.0,0.015384615384615385,0.8784068891545758,0.006916589678382486,0.006916589678382486,1296.4971923828125,0.00842026062309742,0.023099936544895172,0,0.0,,0.0,,0.0,
322,292,2525,0.8056796426292279,3134,3256,2.968256122490857,0.0,1.6715363063849509,2.2375317555852234,0.7307243669056334,0.023879090091213584,0.035516377072781324,0.011241913337009744,70.0,63.0,65.0,0.0,0.0,0.0,2.968256122490857,0.02318950095695982,0.02318950095695982,886.1297607421875,0.0003155020240228623,0.038894668221473694,324,0.5216049382716049,1.2286484187990252,0.4783950617283951,1.092183468671522,0.0,1.3391118624228695
473,419,2523,0.998417095370004,2527,7687,15.475218402221799,0.375,2.034162416246545,15.46926165279001,0.005956749431788921,0.02905946308923636,0.24554383575857158,9.164229895059879e-05,70.0,63.0,65.0,0.0,0.375,0.0,15.475218402221799,0.1209001437673578,0.1209001437673578,864.8974609375,-0.011270950548350811,0.03832091763615608,438,1.0,1.4902371463219215,0.0,1.3905663358389664,0.0,1.6915955604846136
404,373,2515,0.7798449612403101,3225,3050,42.916266821324825,1.0,2.010491894558072,35.400330156087875,7.51593666523695,0.02872131277940103,0.5619100024775853,0.11562979484979923,70.0,63.0,65.0,0.0,1.0,0.19696969696969696,42.916266821324825,0.3352833345416002,0.3352833345416002,1285.93896484375,-0.0007878193282522261,0.030095618218183517,1181,0.0,1.024834346394629,1.0,1.9766340576142245,0.0,1.1328017714705707
377,342,2485,0.9583494022367913,2593,3547,118.60010279715061,1.0,4.372387023176998,92.93614912033081,25.6639536768198,0.0624626717596714,1.4751769701639812,0.3948300565664585,70.0,63.0,65.0,0.0,1.0,0.9848484848484849,118.60010279715061,0.9265633031027392,0.9265633031027392,700.3193359375,-0.0031566431280225515,0.036194637417793274,795,1.0,1.6420932930484544,0.0,0.9435328220378703,0.0,1.3415004185030013
345,307,2465,0.9643974960876369,2556,4661,3.478007992700441,0.0,1.6257610889151692,2.308222425635904,1.1697855670645367,0.023225158413073845,0.0366384512005699,0.017996701031762104,70.0,63.0,65.0,0.0,0.0,0.0,3.478007992700441,0.027171937442972194,0.027171937442972194,850.0643310546875,0.00557316979393363,0.032344769686460495,0,0.0,,0.0,,0.0,
224,205,2458,0.9620352250489237,2555,4559,2.6936016026884317,0.0,2.075761313433759,0.6213883073069155,2.072213295381516,0.030083497296141435,0.009863306465189136,0.03237833274033619,69.0,63.0,64.0,0.0,0.0,0.0,2.6936016026884317,0.02120946143849159,0.02120946143849159,1060.21533203125,0.00363662326708436,0.03470063582062721,4841,0.23734765544309028,0.9793048529744696,0.9857467465399711,3.5707386251743123,0.020243751291055566,1.0693005592467355
303,276,2419,0.7199404761904762,3360,2463,17.983802002156153,0.5625,2.1823719438398257,17.875833613798022,0.10796838835813105,0.031176742054854652,0.2837433906952067,0.0016610521285866315,70.0,63.0,65.0,0.0,0.5625,0.0,17.983802002156153,0.14049845314184495,0.14049845314184495,1792.74072265625,-0.0024103836622089148,0.027969371527433395,1715,0.8478134110787172,1.0413341871377018,0.0,1.0805385598119535,0.717201166180758,2.0941408061673052
265,239,2401,1.0,2401,12830,101.2741687297821,1.0,0.007540662074461579,63.98599696159363,37.28817176818848,0.00010928495760089245,1.015650745422121,0.5736641810490535,69.0,63.0,65.0,0.0,1.0,1.0,101.2741687297821,0.7912044432014227,0.7912044432014227,573.275390625,0.006177757401019335,0.022637849673628807,1148,0.7151567944250871,1.1213559596259968,0.09407665505226481,1.0364981504566462,0.4259581881533101,1.565632995969789
385,348,2400,0.9029345372460497,2658,3253,14.504982186481357,0.03125,2.6289525097236037,8.58725056797266,5.917731618508697,0.03755646442462291,0.1363055645709946,0.0910420249001338,70.0,63.0,65.0,0.0,0.03125,0.0,14.504982186481357,0.1133201733318856,0.1133201733318856,940.0073852539062,-0.014419285580515862,0.046087753027677536,0,0.0,,0.0,,0.0,
50,82,2377,0.9987394957983193,2380,4340,5.6906905846553855,0.0625,1.8703485522419214,2.329973922634963,3.3607166620204225,0.02671926503202745,0.03698371305769783,0.0525111978440691,70.0,63.0,64.0,0.0,0.0625,0.046153846153846156,5.6906905846553855,0.044808587280751065,0.044808587280751065,913.0672607421875,-0.00472650583833456,0.04767724499106407,0,0.0,,0.0,,0.0,
462,422,2373,0.9904006677796328,2396,2809,11.436096908291802,0.0,3.3485612184740603,9.237594049423933,2.198502858867869,0.04783658883534372,0.14662847697498307,0.03382312090565952,70.0,63.0,65.0,0.0,0.0,0.0,11.436096908291802,0.0893445070960297,0.0893445070960297,521.2176513671875,-0.01994927041232586,0.07096698880195618,2549,0.9635151039623382,1.7288029348354497,0.09690074539034915,1.154404578216547,0.0,0.9267621388821564
257,236,2364,0.7369077306733167,3208,2589,7.310265740205068,0.25,0.7636322190519422,5.5685493179480545,1.7417164222570136,0.011067133609448438,0.08838967171346118,0.026795637265492517,69.0,63.0,65.0,0.0,0.25,0.0,7.310265740205068,0.057111451095352095,0.057111451095352095,1363.302978515625,-0.005120082758367062,0.018741171807050705,1384,0.0,1.458866874211736,0.6430635838150289,3.67777668980141,0.440028901734104,1.80488706932398
384,346,2353,0.9723140495867768,2420,6075,20.03680488676764,0.984375,0.8925901107977552,17.586006499826908,2.4507983869407326,0.01275128729711079,0.2791429603147128,0.037704590568318964,70.0,63.0,65.0,0.0,0.984375,0.07575757575757576,20.03680488676764,0.1565375381778722,0.1565375381778722,922.927490234375,-0.00370800937525928,0.020335739478468895,135,0.0,1.1175277428217723,0.0,0.7477237257951636,1.0,1.605632379183702
199,182,2345,1.0,2345,7382,1.3850006938446313,0.0,0.47706058411858976,0.0072807809337973595,1.377719912910834,0.006913921508965069,0.00011556795133011681,0.02152687363923178,69.0,63.0,64.0,0.0,0.0,0.0,1.3850006938446313,0.010905517274367177,0.010905517274367177,1320.93408203125,-0.0006376501987688243,0.016004398465156555,0,0.0,,0.0,,0.0,
360,325,2339,1.0,2339,4407,9.2239052481018,0.015625,6.431712329387665,6.355336071923375,2.8685691761784256,0.09188160470553806,0.10087835034799009,0.044131833479668085,70.0,63.0,65.0,0.0,0.015625,0.015151515151515152,9.2239052481018,0.07206175975079532,0.07206175975079532,1003.3479614257812,0.01410703081637621,0.037584949284791946,885,1.0,1.0567252333057822,0.0,1.0345381862381813,0.0,1.271936393061559
237,216,2328,0.8855077976416889,2629,3642,285.60980892181396,1.0,0.8050693417317234,155.34231102466583,130.26749789714813,0.01166767161930034,2.4657509686454895,2.0354296546429396,69.0,63.0,64.0,0.0,1.0,1.0,285.60980892181396,2.2488961332426296,2.2488961332426296,546.0816650390625,0.006581120193004608,0.03876107931137085,4290,0.4386946386946387,1.4690401457791822,0.955944055944056,3.9269809305740373,0.06503496503496503,1.2091971008936382
21,51,2304,0.9608006672226855,2398,3336,1.2335115384194069,0.0,0.0041367970407009125,0.4022890694322996,0.8312224689871073,5.9097100581441606e-05,0.006285766709879681,0.012987851077923551,70.0,64.0,64.0,0.0,0.0,0.0,1.2335115384194069,0.009636808893901616,0.009636808893901616,1331.508056640625,0.007342332974076271,0.044075701385736465,2130,0.32582159624413143,1.1652382441421014,0.9314553990610329,3.264266721932943,0.0,1.3720192522531163
362,328,2294,0.8201644619234895,2797,3349,70.4442545324564,1.0,8.070519383996725,55.87013903260231,14.574115499854088,0.11529313405709607,0.8868276036921001,0.22421716153621674,70.0,63.0,65.0,0.0,1.0,0.2727272727272727,70.4442545324564,0.5503457385348156,0.5503457385348156,911.781982421875,0.009121090173721313,0.04859360307455063,2053,0.19240136385776913,1.2829605587192834,0.8670238675109596,2.67449577034525,0.0,1.2641423016515492
165,164,2293,0.7831284153005464,2928,2547,4.740562429651618,0.109375,0.5276006374042481,4.740562429651618,0.0,0.007646386049336929,0.07524702269288283,0.0,69.0,63.0,64.0,0.0,0.109375,0.0,4.740562429651618,0.03732726322560329,0.03732726322560329,1014.32763671875,-0.009363110177218914,0.061505887657403946,0,0.0,,0.0,,0.0,
338,308,2283,0.9132,2500,3259,25.16083327308297,0.890625,7.795421298593283,16.90825453400612,8.252578739076853,0.11136316140847546,0.2683849926032717,0.12696274983195158,70.0,63.0,65.0,0.028169014084507043,0.890625,0.030303030303030304,25.16083327308297,0.19656900994596072,0.19656900994596072,957.0220947265625,0.013928229920566082,0.03819841518998146,1050,0.024761904761904763,1.1528626149892143,0.9304761904761905,2.5452897088999946,0.06952380952380953,1.655259840291639
80,104,2256,0.9973474801061007,2262,3516,264.6039009690285,1.0,1.7832013776060194,95.84033280611038,168.7635681629181,0.025474305394371705,1.521275123906514,2.636930752545595,70.0,63.0,64.0,0.0,1.0,1.0,264.6039009690285,2.0834952832206968,2.0834952832206968,856.2720336914062,0.008718508295714855,0.03909531608223915,3287,0.09644052327350168,1.2348757205479464,0.9975661697596593,4.245315633198978,0.09278977791299056,1.349155418474566
281,259,2231,0.9342546063651591,2388,3489,78.33470001071692,1.0,4.872852652799338,66.71397277712822,11.620727233588696,0.06961218075427626,1.058951948843305,0.17878041897828761,70.0,63.0,65.0,0.0,1.0,0.21212121212121213,78.33470001071692,0.6119898438337259,0.6119898438337259,794.543701171875,0.000479085894767195,0.04410848766565323,239,0.0,1.114124819671288,0.0,1.151848282502329,1.0,1.8090441056512625
82,99,2201,0.7361204013377927,2990,2760,0.0,0.0,1.0536088694352657,0.0,0.0,0.015051555277646652,0.0,0.0,70.0,63.0,64.0,0.0,0.0,0.0,0.0,0.0,0.0,1391.693359375,-0.0013478692853823304,0.03789641335606575,4353,0.09028256374913853,1.0385192427082968,1.0,3.878087757439871,0.03560762692396049,1.194143522865825
251,230,2196,0.9384615384615385,2340,7920,242.10810786485672,1.0,1.537973239144776,138.44972348213196,103.65838438272476,0.02228946723398226,2.197614658446539,1.5947443751188426,69.0,63.0,65.0,0.0,1.0,1.0,242.10810786485672,1.8914695926941931,1.8914695926941931,672.5679931640625,0.004368274472653866,0.028041837736964226,606,0.14356435643564355,1.247211723457468,0.0,1.0859116745100637,0.9653465346534653,2.1146866125598214
419,387,2178,0.9109159347553325,2391,5517,6.846190367024974,0.046875,6.209661392495036,6.350878852419555,0.4953115146054188,0.0887094484642148,0.10080760083205643,0.007620177147775673,70.0,63.0,65.0,0.0,0.046875,0.0,6.846190367024974,0.05348586224238261,0.05348586224238261,690.08203125,-0.010542778298258781,0.051219869405031204,122,1.0,1.208924165276673,0.0,0.899710720784755,0.0,1.0031339385013895
214,195,2174,1.0,2174,4462,6.258791366708465,0.25,1.1399697612068849,5.429919327842072,0.8288720388663933,0.016521300887056303,0.08618919568003289,0.012951125607287395,69.0,63.0,64.0,0.014285714285714285,0.25,0.0,6.258791366708465,0.049281821785106025,0.049281821785106025,901.96240234375,0.0014211417874321342,0.01966743730008602,2454,0.0,1.2205593224130875,0.967400162999185,2.340228230241094,0.34963325183374083,1.671225999205457
126,136,2170,1.0,2170,3297,19.379756410140544,0.4375,1.8408205397427082,14.909528422169387,4.470227987971157,0.02667855854699577,0.236659181304276,0.06984731231204933,69.0,63.0,64.0,0.0,0.4375,0.16923076923076924,19.379756410140544,0.15259650716646098,0.15259650716646098,737.7779541015625,0.00025136422482319176,0.02440357208251953,2272,0.2205105633802817,1.2183820222614787,0.8732394366197183,1.6094631977647167,0.26276408450704225,1.4886778032408998
285,263,2158,0.9155706406448876,2357,2949,0.5975478865148034,0.0,0.6863090504193678,0.01184800360351801,0.5856998829112854,0.009804415005990968,0.0001880635492621906,0.00901076742940439,70.0,63.0,65.0,0.0,0.0,0.0,0.5975478865148034,0.0046683428633969015,0.0046683428633969015,1756.5736083984375,-0.0016128035495057702,0.017626695334911346,2390,0.7150627615062761,1.5435068526076474,0.396652719665272,1.5392013418618586,0.0,1.221758308568185
368,327,2148,0.8753056234718827,2454,4184,7.469932760111988,0.453125,2.1989262901770417,7.3628786015324295,0.10705415857955813,0.03141323271681488,0.11687108891321317,0.001646987055070125,70.0,63.0,65.0,0.014084507042253521,0.453125,0.0,7.469932760111988,0.0583588496883749,0.0583588496883749,1094.0792236328125,0.01013113372027874,0.025131430476903915,2731,0.0,0.932185556747117,1.0,2.0070649927327895,0.0,0.9025855209202628
45,74,2139,0.9678733031674208,2210,5170,2.490646031568758,0.0,1.4390776148065925,0.011674189940094948,2.4789718416286632,0.02055825164009418,0.00018530460222372934,0.03873393502544786,70.0,63.0,64.0,0.0,0.0,0.0,2.490646031568758,0.01961138607534455,0.01961138607534455,1898.677978515625,-0.05951077118515968,0.23836955428123474,1,1.0,1.1799192079320782,0.0,0.8229963715600574,0.0,1.3867782029380966
292,272,2115,0.8611563517915309,2456,2894,2.63581955851987,0.0,0.3794502828968689,0.0,2.63581955851987,0.005420718327098127,0.0,0.04055107013107492,70.0,63.0,65.0,0.0,0.0,0.0,2.63581955851987,0.020592340300936485,0.020592340300936485,1266.41943359375,-0.005174875259399414,0.04443807154893875,300,0.0,1.1052889817889455,1.0,1.53084979873127,0.0,1.5692982206080957
271,247,2113,0.8852115626309175,2387,4200,17.11888176947832,0.6875,1.9338978324085474,13.484377145767212,3.634504623711109,0.02802750481751518,0.21403773247249544,0.05591545574940168,69.0,63.0,65.0,0.0,0.6875,0.07575757575757576,17.11888176947832,0.13374126382404938,0.13374126382404938,1521.916748046875,-0.0006523001939058304,0.021364491432905197,644,1.0,1.7764082206540488,0.0,0.9491892481509285,0.0,1.945829477523404
8,32,2104,1.0,2104,9671,217.36852806806564,1.0,0.46771066189103294,79.71805661916733,137.65047144889832,0.006681580884157614,1.2455946346744895,2.150788616389036,70.0,64.0,64.0,0.0,1.0,1.0,217.36852806806564,1.6981916255317628,1.6981916255317628,581.4090576171875,-0.007169611752033234,0.028818892315030098,1203,0.06816292601828762,0.990665713777458,0.428927680798005,1.5488082507744314,0.9010806317539485,2.098148448065244
264,250,2074,0.9292114695340502,2232,3672,8.47383434639778,0.078125,0.23286337812896818,6.39825477451086,2.0755795718869194,0.0033748315670864954,0.10155959959541049,0.031931993413644916,69.0,63.0,65.0,0.0,0.078125,0.0,8.47383434639778,0.06620183083123266,0.06620183083123266,1169.5771484375,-0.002327286172658205,0.03248003497719765,291,0.7663230240549829,1.301885215196434,0.2852233676975945,1.255779458106334,0.0,1.3231892765905269
60,88,2070,1.0,2070,6439,122.83164823055267,0.984375,0.07251738029299304,28.59279716014862,94.23885107040405,0.0010359625756141862,0.4538539231769622,1.4724820479750633,70.0,63.0,64.0,0.0,0.984375,1.0,122.83164823055267,0.9671783325240368,0.9671783325240368,978.52685546875,-0.003178057726472616,0.033705566078424454,1513,0.2756113681427627,1.278712089195849,0.25512227362855255,1.13770867700097,0.5525446133509584,1.822798084979824
139,149,2063,0.9956563706563707,2072,2561,7.800673104822636,0.015625,3.43649516813457,2.0490292437607422,5.751643861061893,0.04980427779905174,0.03252427371048797,0.08986943532909208,69.0,63.0,64.0,0.0,0.015625,0.03076923076923077,7.800673104822636,0.06142262287261918,0.06142262287261918,1189.321044921875,-0.0031857211142778397,0.03914501518011093,1882,0.01700318809776833,1.2045272107066491,0.9851222104144527,2.392913065928905,0.030818278427205102,1.47925264654288
228,200,2057,1.0,2057,5871,200.37306505441666,1.0,4.40659923304338,123.15314412117004,77.21992093324661,0.0638637570006287,1.9548118114471436,1.2065612645819783,69.0,63.0,64.0,0.014285714285714285,1.0,1.0,200.37306505441666,1.5777406697198162,1.5777406697198162,390.5723876953125,-0.00547803146764636,0.03661065548658371,1862,0.2722878625134264,1.2633057408018575,0.943609022556391,1.9506545404906488,0.0,1.274163399686888
75,91,2025,1.0,2025,9255,242.24049127101898,1.0,2.072101326426491,100.15911304950714,142.08137822151184,0.029601447520378445,1.589827191262018,2.2200215347111225,70.0,63.0,64.0,0.014084507042253521,1.0,1.0,242.24049127101898,1.9074054430788896,1.9074054430788896,939.5479125976562,0.00039832558832131326,0.017993690446019173,2815,0.7502664298401421,1.6100741560308516,0.2802841918294849,1.9077638820150964,0.3392539964476021,1.6167905576657418
86,98,1993,0.86314421827631,2309,7999,1.2942776908166707,0.0,0.08460904100502376,0.0,1.2942776908166707,0.0012087005857860536,0.0,0.02022308891901048,70.0,63.0,64.0,0.0,0.0,0.0,1.2942776908166707,0.010191162919816305,0.010191162919816305,1465.610595703125,-0.004559850785881281,0.02469816990196705,0,0.0,,0.0,,0.0,
122,129,1972,1.0,1972,8408,50.00517936050892,1.0,0.0025911196134984493,17.44376416504383,32.56141519546509,3.755245816664419e-05,0.2768851454768862,0.508772112429142,69.0,63.0,64.0,0.0,1.0,1.0,50.00517936050892,0.39374156976778674,0.39374156976778674,1144.8450927734375,-0.0024290403816848993,0.028448395431041718,1209,0.9776674937965261,1.7649258957939746,0.0,0.98724897004247,0.1687344913151365,1.4311150784475777
435,404,1967,1.0,1967,4419,19.936377476435155,0.265625,10.447156481444836,16.538259629160166,3.398117847274989,0.14924509259206908,0.26251205760571694,0.05227873611192291,70.0,63.0,65.0,0.0,0.265625,0.0,19.936377476435155,0.15575294903464965,0.15575294903464965,842.7120361328125,3.347705569467507e-05,0.054685913026332855,1915,0.22140992167101828,1.185002636535654,0.8699738903394256,2.5540511476437993,0.050130548302872065,1.298077887595426
100,120,1957,0.9336832061068703,2096,2594,13.353209199616686,0.296875,1.8282300690189004,9.33913342654705,4.014075773069635,0.026496087956795658,0.14824021311979446,0.06271993395421305,69.0,63.0,64.0,0.0,0.296875,0.03076923076923077,13.353209199616686,0.10514337952454084,0.10514337952454084,883.0848388671875,-0.0008849293808452785,0.04090770334005356,479,0.9791231732776617,1.1343235464889903,0.0,7.229683216609085,0.08768267223382047,1.3040259572639383
449,414,1938,1.0,1938,13750,37.811393201351166,0.953125,6.751395259052515,25.526981845498085,12.28441135585308,0.09644850370075021,0.40519018802377915,0.18899094393620125,70.0,63.0,65.0,0.0,0.953125,0.06060606060606061,37.811393201351166,0.295401509385556,0.295401509385556,474.88214111328125,-0.00800357572734356,0.05259337276220322,3083,0.752838144664288,1.5256594687174356,0.8734998378203049,1.8168326798943135,0.016866688290626014,1.2846688806528015
319,289,1930,0.9887295081967213,1952,4105,0.02604359523684252,0.0,2.598474161233753,0.0,0.02604359523684252,0.037121059446196474,0.0,0.0004006706959514234,70.0,63.0,65.0,0.0,0.0,0.0,0.02604359523684252,0.0002034655877878322,0.0002034655877878322,1171.1741943359375,0.005397744942456484,0.032577965408563614,0,0.0,,0.0,,0.0,
179,171,1927,0.8356461405030355,2306,2574,0.5819785688072443,0.0,0.7455663894943427,0.5712070818990469,0.010771486908197403,0.010805309992671633,0.00906677907776265,0.00016830448294058442,69.0,63.0,64.0,0.0,0.0,0.0,0.5819785688072443,0.004582508415805073,0.004582508415805073,1646.31640625,-0.0028575032483786345,0.029356343671679497,26,0.07692307692307693,0.9151900496532284,0.0,2.124920137535085,0.9230769230769231,1.7486075855693404
138,138,1923,1.0,1923,4178,4.586327612574678,0.140625,3.7662500129663385,3.9948584367521107,0.5914691758225672,0.05458333352125128,0.06341045137701763,0.009241705872227612,69.0,63.0,64.0,0.02857142857142857,0.140625,0.0,4.586327612574678,0.036112815847044705,0.036112815847044705,846.1018676757812,0.002059199148789048,0.029793227091431618,2963,0.061424232197097535,1.0738489384729868,1.0,3.9250365602066895,0.020924738440769492,1.1344045421810365
175,162,1919,0.9420716740304369,2037,5599,0.30268314661225304,0.0,1.601910645607859,0.25780564214801416,0.04487750446423888,0.023216096313157374,0.004092153049968478,0.0007012110072537325,69.0,63.0,64.0,0.0,0.0,0.0,0.30268314661225304,0.0023833318630886065,0.0023833318630886065,1557.7696533203125,-0.0060674590058624744,0.02770044282078743,2897,0.46668967897825336,1.399586020174044,0.8332758025543666,2.2393994496003025,0.01484294097342078,1.2019627081717366
328,301,1902,0.7128935532233883,2668,4978,17.026900679804385,0.65625,1.809223156189546,13.460584223270416,3.5663164565339684,0.025846045088422087,0.21366006703603835,0.05486640702359952,70.0,63.0,65.0,0.0,0.65625,0.0,17.026900679804385,0.13302266156097176,0.13302266156097176,710.606689453125,-0.003088993951678276,0.03459348529577255,0,0.0,,0.0,,0.0,
333,302,1895,1.0,1895,4051,90.53654371201992,1.0,5.103857428766787,74.97927203774452,15.557271674275398,0.07291224898238267,1.190147175202294,0.23934264114269843,70.0,63.0,65.0,0.0,1.0,0.6818181818181818,90.53654371201992,0.7073167477501556,0.7073167477501556,673.7647705078125,0.006636913865804672,0.041846148669719696,1817,0.023115024766097964,1.1351253146071563,0.9675288937809576,4.383035539339361,0.011557512383048982,1.1750540159357221
132,132,1893,0.9167070217917676,2065,4661,1.3789173373370431,0.0,2.9780658008530736,0.0,1.3789173373370431,0.043160373925406864,0.0,0.0215455833958913,69.0,63.0,64.0,0.0,0.0,0.0,1.3789173373370431,0.010857616829425536,0.010857616829425536,1526.3685302734375,0.0026940840762108564,0.026644134894013405,2105,0.2356294536817102,1.2977097261565689,0.5287410926365795,1.5330428324725107,0.752019002375297,2.15723462911596
43,68,1873,1.0,1873,7449,126.76430058479309,0.375,1.213850426254794,50.757468819618225,76.00683176517487,0.017340720375068487,0.8056741082479083,1.1876067463308573,70.0,63.0,64.0,0.0,0.375,0.6307692307692307,126.76430058479309,0.998144099092859,0.998144099092859,786.6549682617188,-0.05117494612932205,0.2271101176738739,1235,0.2591093117408907,1.136595754181105,0.42267206477732794,1.294492757628208,0.5676113360323887,1.6567788321695618
135,145,1865,0.9419191919191919,1980,4407,152.70026922225952,1.0,0.3916217852383852,63.08439755439758,89.61587166786194,0.005675678046933119,1.0013396437205966,1.4002479948103428,69.0,63.0,64.0,0.0,1.0,1.0,152.70026922225952,1.2023643245847206,1.2023643245847206,931.6599731445312,-0.0006920999730937183,0.02845766581594944,1145,0.22882096069868996,1.230709828679483,0.0,3.8317944036352127,0.8052401746724891,1.961697568297198
109,119,1854,0.9825119236883942,1887,3816,7.6480143698863685,0.125,2.3162252649781294,5.787550039123744,1.8604643307626247,0.03356848210113231,0.09186587363688482,0.02906975516816601,69.0,63.0,64.0,0.0,0.125,0.0,7.6480143698863685,0.06022058558965644,0.06022058558965644,724.776611328125,0.005886900704354048,0.0500626340508461,3528,0.14030612244897958,0.9217750792621336,1.0,3.485048303535561,0.046201814058956917,1.110634409831143
189,175,1843,0.9782377919320594,1884,5720,389.010160446167,1.0,4.394253861159086,184.5106816291809,204.49947881698608,0.063684838567523,2.928740978240967,3.1953043565154076,69.0,63.0,64.0,0.0,1.0,1.0,389.010160446167,3.0630721294973777,3.0630721294973777,409.21343994140625,-0.0014001360395923257,0.050760604441165924,3093,0.34367927578402846,1.3273060747099734,0.9977368250889105,5.668787934610273,0.014225670869705788,1.1898144846536152
291,267,1843,0.9119247897080653,2021,2140,20.616584289004095,0.34375,3.424501006025821,17.592810780508444,3.023773508495651,0.048921442943226014,0.2792509647699753,0.04651959243839463,70.0,63.0,65.0,0.0,0.34375,0.0,20.616584289004095,0.1610670647578445,0.1610670647578445,1143.3463134765625,-0.008063175715506077,0.03330676257610321,1264,0.12579113924050633,1.2965529535256328,0.0,1.2561083619216349,0.8742088607594937,2.183421794612986
465,421,1843,1.0,1843,7007,30.04818369448185,0.875,5.650959143880755,20.632756039500237,9.415427654981613,0.08072798776972506,0.32750406411905136,0.14485273315356328,70.0,63.0,65.0,0.0,0.875,0.015151515151515152,30.04818369448185,0.23475143511313945,0.23475143511313945,632.1680297851562,0.0009164278162643313,0.044843755662441254,851,0.08578143360752057,1.0290538821362614,0.0,1.1013023244017648,0.9670975323149236,1.9559886793839059
227,199,1836,1.0,1836,5051,155.32272273302078,1.0,3.8150345855392516,101.61480540037155,53.70791733264923,0.055290356312163065,1.6129334190535167,0.8391862083226442,69.0,63.0,64.0,0.014285714285714285,1.0,1.0,155.32272273302078,1.2230135648269354,1.2230135648269354,806.7904052734375,0.0036535500548779964,0.030430933460593224,1663,0.3746241731809982,1.1081075012303716,0.8214070956103428,2.530867690723027,0.00841852074564041,1.2654592312470014
334,300,1824,0.9620253164556962,1896,2547,20.444637343287468,0.515625,4.417860167566687,12.548718065023422,7.895919278264046,0.06311228810809552,0.1991860010321178,0.12147568120406224,70.0,63.0,65.0,0.0,0.515625,0.07575757575757576,20.444637343287468,0.15972372924443334,0.15972372924443334,1314.4014892578125,0.003317076014354825,0.038465745747089386,1746,0.28923253150057276,1.1581552923023777,0.08476517754868271,1.117918818195813,0.7709049255441008,2.4649651567624185
184,173,1823,1.0,1823,6208,124.82937011122704,1.0,3.952029639855027,79.27195715904236,45.55741295218468,0.05727579188195692,1.2582850342705136,0.7118345773778856,69.0,63.0,64.0,0.0,1.0,1.0,124.82937011122704,0.9829084260726538,0.9829084260726538,713.278076171875,0.0016928358236327767,0.0313875712454319,1921,0.5304528891202499,1.051078553834677,0.9625195210827694,2.064829698778665,0.015616866215512754,1.2986664950749618
350,305,1812,0.8296703296703297,2184,5609,2.4771717035910115,0.0,1.9344945643097162,1.0335895016323775,1.443582201958634,0.027635636632995945,0.016406182565593293,0.022208956953209753,70.0,63.0,65.0,0.0,0.0,0.0,2.4771717035910115,0.019352903934304777,0.019352903934304777,1247.323974609375,-0.00034129986306652427,0.026369212195277214,1771,0.42518351214003386,1.3994152366545343,0.9774138904573687,3.943984690991981,0.0,1.304964543437628
232,208,1766,0.9597826086956521,1840,3037,114.36843322217464,1.0,9.062151543796062,75.83351719379425,38.534916028380394,0.1313355296202328,1.2037066221237183,0.6021080629434437,69.0,63.0,64.0,0.2714285714285714,1.0,0.9230769230769231,114.36843322217464,0.9005388442690917,0.9005388442690917,663.4229736328125,-0.0031046841759234667,0.031621623784303665,2106,0.04700854700854701,1.0688358236883746,0.9895536562203229,2.8732619561014245,0.038461538461538464,1.2358543891986626
332,304,1761,0.8450095969289827,2084,3528,3.8964298362843692,0.15625,1.6562003260478377,3.397129585966468,0.4993002503179014,0.023660004657826254,0.053922691840737585,0.007681542312583098,70.0,63.0,65.0,0.0,0.15625,0.0,3.8964298362843692,0.030440858095971635,0.030440858095971635,1370.9912109375,-0.006718902848660946,0.03224405646324158,1722,0.3437862950058072,1.1649737868957253,0.6724738675958188,2.6549249198886513,0.28164924506387923,1.7607914733095353
118,122,1755,0.9733777038269551,1803,7404,142.6016853749752,1.0,0.055929943919181824,39.378208726644516,103.22347664833069,0.0008105788973794467,0.6250509321689606,1.612866822630167,69.0,63.0,64.0,0.0,1.0,1.0,142.6016853749752,1.1228479163383875,1.1228479163383875,490.28314208984375,0.012115871533751488,0.029738973826169968,1638,0.01098901098901099,1.2584846306218584,1.0,4.066857659583546,0.0,1.3680768381896053
466,420,1755,0.9425349087003222,1862,2823,9.01460572029464,0.0,1.315917550600716,3.981405862607062,5.033199857687578,0.0187988221514388,0.06319691845408035,0.07743384396442426,70.0,63.0,65.0,0.0,0.0,0.0,9.01460572029464,0.07042660718980187,0.07042660718980187,1358.6123046875,-0.004495222587138414,0.04908274859189987,587,1.0,1.4391419556662348,0.0,2.8705320101797835,0.0,2.061984435800089
66,89,1734,1.0,1734,3231,8.84120134380646,0.0,0.570244443086267,0.013651010813191533,8.827550332993269,0.00814634918694667,0.00021668271132050052,0.13793047395301983,70.0,63.0,64.0,0.0,0.0,0.4307692307692308,8.84120134380646,0.06961575861264929,0.06961575861264929,1188.559326171875,0.0030242938082665205,0.030528848990797997,1440,0.47152777777777777,1.4012317151778846,0.5833333333333334,2.6791123578309364,0.13472222222222222,1.13186941493081
321,293,1733,0.9757882882882883,1776,3319,2.3475034699586104,0.0,0.41494943245197646,0.2108123008219991,2.1366911691366113,0.005927849035028235,0.003346226997174589,0.032872171832870944,70.0,63.0,65.0,0.0,0.0,0.015151515151515152,2.3475034699586104,0.018339870859051643,0.018339870859051643,1368.9832763671875,0.0039640613831579685,0.029787471517920494,0,0.0,,0.0,,0.0,
229,206,1723,0.9540420819490587,1806,3300,2.668534663040191,0.0,5.15930993296206,1.370132963405922,1.2984016996342689,0.07477260772408782,0.021748142276284476,0.02028752655678545,69.0,63.0,64.0,0.0,0.0,0.0,2.668534663040191,0.021012083960946386,0.021012083960946386,1282.9058837890625,0.014079888351261616,0.03541336953639984,3453,0.23023457862728064,0.9858273174512439,0.9994207935128874,5.690152573169055,0.0011584129742253113,1.1676132057485837
7,37,1712,0.8603015075376884,1990,2416,0.0,0.0,0.44341209592676023,0.0,0.0,0.006334458513239432,0.0,0.0,70.0,64.0,64.0,0.0,0.0,0.0,0.0,0.0,0.0,1856.77685546875,0.009371384046971798,0.03617101535201073,0,0.0,,0.0,,0.0,
430,389,1701,0.9145161290322581,1860,8698,67.5476880595088,1.0,5.545718713663518,59.27211880683899,8.275569252669811,0.07922455305233597,0.9408272826482379,0.12731645004107403,70.0,63.0,65.0,0.0,1.0,0.21212121212121213,67.5476880595088,0.5277163129649125,0.5277163129649125,893.9708251953125,-0.004646455403417349,0.03749264031648636,21,1.0,1.4959998750859116,0.0,0.8262873988990977,0.0,1.2545349156821164
395,354,1678,1.0,1678,8586,118.93920448422432,1.0,7.3054533787071705,90.53047412633896,28.40873035788536,0.10436361969581671,1.4369916527990312,0.4370573901213132,70.0,63.0,65.0,0.056338028169014086,1.0,1.0,118.93920448422432,0.9292125350330025,0.9292125350330025,398.99609375,0.009626472368836403,0.04059264808893204,1884,0.15286624203821655,1.070654817391736,0.9060509554140127,2.4880794712680183,0.0,1.0269657330368813
396,356,1636,1.0,1636,7671,41.42873688787222,1.0,1.7624083089176565,31.35009977221489,10.07863711565733,0.025177261555966522,0.49762063130499823,0.15505595562549737,70.0,63.0,65.0,0.0,1.0,0.45454545454545453,41.42873688787222,0.3236620069365017,0.3236620069365017,614.3612060546875,0.0008726678788661957,0.02988441288471222,1806,1.0,1.6311786640030403,0.0,0.922456337875229,0.0,0.9631708274772809
282,258,1633,0.9007170435741865,1813,3746,0.0,0.0,0.0,0.0,0.0,0.0,0.0,0.0,69.0,63.0,65.0,0.0,0.0,0.0,0.0,0.0,0.0,1465.789306640625,-0.0024299616925418377,0.026653042063117027,2,1.0,1.6352861714232074,0.0,0.8479290280463307,0.0,1.9949042684218008
318,284,1619,1.0,1619,4272,11.000576629303396,0.0625,2.576306310656946,3.5752519397065043,7.425324689596891,0.0368043758665278,0.056750030788992135,0.11423576445533679,70.0,63.0,65.0,0.014084507042253521,0.0625,0.25757575757575757,11.000576629303396,0.08594200491643278,0.08594200491643278,1061.789306640625,0.002709627151489258,0.027148079127073288,1219,1.0,1.0929289438926884,0.01394585726004922,1.1109259786747558,0.01394585726004922,1.352961649090196
2,28,1614,1.0,1614,11090,174.28464710712433,1.0,0.8928065244108438,78.4569343328476,95.82771277427673,0.012754378920154913,1.2258895989507437,1.497308012098074,70.0,64.0,64.0,0.0,1.0,1.0,174.28464710712433,1.3615988055244088,1.3615988055244088,1065.7445068359375,-0.007507864851504564,0.014980741776525974,3118,0.5032071840923669,1.3966218019516543,0.9961513790891597,5.566095194270472,0.05420141116100064,1.5584495656611819
429,407,1602,0.7281818181818182,2200,1671,9.567425979825202,0.0,4.4719469712581486,7.497319117188454,2.0701068626367487,0.06388495673225926,0.11900506535219768,0.03184779788671921,70.0,63.0,65.0,0.0,0.0,0.0,9.567425979825202,0.0747455154673844,0.0747455154673844,601.9036865234375,-0.008922198787331581,0.08300735801458359,2079,0.9903799903799904,1.7253356601046697,0.0,0.9426698825828652,0.1063011063011063,1.347184757076187
221,198,1590,1.0,1590,4969,110.1251349747181,1.0,0.1405316603195388,47.92142894864082,62.20370602607727,0.0020366907292686783,0.7606576023593782,0.9719329066574574,69.0,63.0,64.0,0.0,1.0,1.0,110.1251349747181,0.8671270470450244,0.8671270470450244,928.0443725585938,-0.0003962257469538599,0.017225313931703568,221,0.7918552036199095,1.5741745634383348,0.5339366515837104,1.2613703459614234,0.0,1.2748690498044182
142,143,1585,0.9508098380323935,1667,3068,242.99459314346313,1.0,0.5144637388075353,110.39770150184631,132.59689164161682,0.007455996214601961,1.7523444682832747,2.071826431900263,69.0,63.0,64.0,0.0,1.0,1.0,242.99459314346313,1.913343253098135,1.913343253098135,1007.4297485351562,-0.009053210727870464,0.02714337594807148,1880,0.8978723404255319,1.7639086358187344,0.5026595744680851,1.295590384773324,0.0031914893617021275,1.2505006287018998
188,168,1549,1.0,1549,8182,183.90678906440735,1.0,0.5602627510670573,88.13491010665894,95.77187895774841,0.008119750015464599,1.3989668270898243,1.496435608714819,69.0,63.0,64.0,0.0,1.0,1.0,183.90678906440735,1.44808495326305,1.44808495326305,861.2588500976562,-0.0035254342947155237,0.026070067659020424,771,0.2710765239948119,1.3520224861497225,0.0,1.211158238765121,0.7496757457846952,1.7965543032610758
452,417,1543,0.9942010309278351,1552,3527,13.287556610070169,0.0,4.595713412389159,9.721964091062546,3.565592519007623,0.06565304874841656,0.15431689033432613,0.0548552695231942,70.0,63.0,65.0,0.0,0.0,0.0,13.287556610070169,0.1038090360161732,0.1038090360161732,546.35693359375,-0.012112594209611416,0.06562168151140213,2819,0.8357573607662292,1.7210971037571379,0.868393047179851,2.3214394370808593,0.0,0.9914517441244373
313,283,1540,0.9897172236503856,1556,2704,7.736143345304299,0.203125,0.26193451893050224,7.732014296809211,0.004129048495087773,0.0037419216990071747,0.12273038566363828,6.352382300135035e-05,70.0,63.0,65.0,0.0,0.203125,0.0,7.736143345304299,0.06043861988518984,0.06043861988518984,1434.907958984375,0.003579235402867198,0.02949828840792179,977,0.24155578300921188,1.12681833315129,0.0,0.9687585490976771,0.7584442169907881,2.172949699291853
412,380,1519,0.9819004524886877,1547,3325,109.178879362531,1.0,2.461136661004275,102.18632453680038,6.992554825730622,0.03515909515720393,1.6220051513777838,0.10757776654970187,70.0,63.0,65.0,0.0,1.0,0.06060606060606061,109.178879362531,0.8529599950197735,0.8529599950197735,522.423583984375,0.012971112504601479,0.07270772755146027,1924,0.37214137214137216,0.9966792134710595,0.9183991683991684,2.425179635413218,0.0,1.1539583220351513
22,46,1508,1.0,1508,6219,0.010353756952099502,0.0,0.2114114590222016,0.008092784322798252,0.00226097262930125,0.0030201637003171656,0.0001264497550437227,3.532769733283203e-05,70.0,64.0,64.0,0.0,0.0,0.0,0.010353756952099502,8.088872618827736e-05,8.088872618827736e-05,1915.301513671875,-0.004943045787513256,0.0256890207529068,1531,0.0006531678641410843,1.0329506113596407,0.9986936642717178,2.5035883289667207,0.0013063357282821686,1.191651690521758
185,176,1500,1.0,1500,2824,0.30392446008045226,0.0,2.855485335108824,0.23929721454624087,0.0646272455342114,0.04138384543635977,0.003798368484860966,0.001009800711472053,69.0,63.0,64.0,0.0,0.0,0.0,0.30392446008045226,0.002393105984885451,0.002393105984885451,1502.9794921875,0.005830709356814623,0.026294972747564316,262,1.0,1.0388166107223618,0.0,10.145665395132417,0.0,1.405251222634068
275,257,1495,0.7762201453790238,1926,4365,1.456535589069972,0.109375,3.0171727472916245,1.244966165162623,0.21156942390734912,0.04310246781845178,0.019761367700994015,0.0032549142139592173,70.0,63.0,65.0,0.014084507042253521,0.109375,0.0,1.456535589069972,0.011379184289609157,0.011379184289609157,1730.397705078125,0.0038912333548069,0.017505472525954247,1154,0.0,1.5476063280196297,0.9748700173310225,2.428496574720857,0.14991334488734837,1.5240901689088868
326,290,1491,1.0,1491,5678,18.174785002309363,0.34375,2.9199496565852314,15.36630229651928,2.808482705790084,0.04171356652264616,0.24390956026221078,0.04320742624292437,70.0,63.0,65.0,0.0,0.34375,0.0,18.174785002309363,0.1419905078305419,0.1419905078305419,631.0548095703125,-0.0007987286080606282,0.04176495224237442,494,0.004048582995951417,0.9960618501775113,1.0,3.3920317770776225,0.0,1.467335425970451
325,294,1487,0.9662118258609487,1539,3112,71.50890793278813,1.0,10.077161189168692,55.928303360939026,15.580604571849108,0.14395944555955273,0.8877508469990322,0.23970160879767857,70.0,63.0,65.0,0.22535211267605634,1.0,0.6666666666666666,71.50890793278813,0.5586633432249073,0.5586633432249073,902.138671875,0.007050700485706329,0.03518560528755188,1161,0.16192937123169682,1.134695294307373,0.8380706287683032,2.6811672383038836,0.0,1.382215605962542
30,54,1474,1.0,1474,4688,157.84072253108025,0.8923076923076924,0.09341069124639034,59.116575211286545,98.7241473197937,0.0013344384463770049,0.9236964876763523,1.5425648018717766,70.0,64.0,64.0,0.0,0.8923076923076924,1.0,157.84072253108025,1.2331306447740644,1.2331306447740644,644.0311279296875,-0.004970813635736704,0.03750482574105263,127,1.0,1.1234510720178463,0.0,0.9509695424958181,0.0,1.4354618563011967
346,312,1474,0.9986449864498645,1476,3050,42.57875728234649,0.84375,5.172660039737821,35.46201848983765,7.116738792508841,0.073895143424826,0.5628891823783754,0.10948828911552062,70.0,63.0,65.0,0.0,0.84375,0.0,42.57875728234649,0.33264654126833193,0.33264654126833193,1135.929443359375,0.01284489780664444,0.04185856506228447,0,0.0,,0.0,,0.0,
63,83,1470,1.0,1470,16729,106.85854568332434,1.0,0.0,29.09568490833044,77.7628607749939,0.0,0.46183626838619746,1.2150446996092796,70.0,63.0,64.0,0.0,1.0,1.0,106.85854568332434,0.8414058715222389,0.8414058715222389,804.763671875,-0.0004685755411628634,0.015651017427444458,699,0.0,1.0926972329969955,1.0,5.993373079119521,0.0,1.3498539676074914
114,127,1465,0.9792780748663101,1496,2558,78.46471682400443,0.578125,1.8461102452129126,41.61507003218867,36.84964679181576,0.026755220945114674,0.6605566671775979,0.5757757311221212,69.0,63.0,64.0,0.0,0.578125,0.6307692307692307,78.46471682400443,0.6178324159370427,0.6178324159370427,868.997802734375,0.008527473546564579,0.04338178038597107,83,0.5060240963855421,1.350124503413584,0.4939759036144578,1.1825620631147937,0.0,1.4084766686870245
136,148,1456,0.7631027253668763,1908,1913,50.256167332292534,0.375,4.221268106019124,25.78356112819165,24.472606204100884,0.061177798637958324,0.4092628750506611,0.3823844719390763,69.0,63.0,64.0,0.0,0.375,0.5692307692307692,50.256167332292534,0.3957178530101774,0.3957178530101774,580.3413696289062,0.001427968731150031,0.05034025013446808,1087,1.0,1.7955247220856285,0.0,2.567276914888383,0.0,1.239955084251472
164,154,1443,0.8985056039850561,1606,5031,88.65719053149223,1.0,3.8856541996938176,50.85862424969673,37.7985662817955,0.05631382898106982,0.8072797499951863,0.5906025981530547,69.0,63.0,64.0,0.02857142857142857,1.0,0.9384615384615385,88.65719053149223,0.6980881144211987,0.6980881144211987,677.7826538085938,0.00912526249885559,0.03874794766306877,63,0.0,1.1569038252384487,0.0,1.9151071305910017,1.0,1.8459195190347115
127,142,1437,0.7721655024180548,1861,1880,0.08853611478116363,0.0,0.949590879608877,0.05396820977330208,0.034567905007861555,0.013762186660998217,0.0008566382503698743,0.0005401235157478368,69.0,63.0,64.0,0.0,0.0,0.0,0.08853611478116363,0.0006971347620564066,0.0006971347620564066,1606.520751953125,-0.0028656066861003637,0.03344297409057617,1556,0.2866323907455013,1.119871403342203,0.0,1.032557525157713,0.9955012853470437,2.858799967687849
400,358,1432,0.9882677708764666,1449,3927,6.342213296418777,0.328125,0.9495792409870774,5.097335630416637,1.2448776660021394,0.01356541772838682,0.08091008937169265,0.019151964092340608,70.0,63.0,65.0,0.0,0.328125,0.0,6.342213296418777,0.04954854137827169,0.04954854137827169,1766.3140869140625,-0.006847162265330553,0.02129989117383957,1139,0.3810359964881475,1.1141936028599755,0.0,0.8703844715161891,0.8551360842844601,2.1864883170084273
411,378,1424,0.9985974754558204,1426,4314,23.58913898398896,0.609375,1.0091248639073456,22.81996228545904,0.7691766985299182,0.014416069484390651,0.36222162357871496,0.01183348766969105,70.0,63.0,65.0,0.0,0.609375,0.0,23.58913898398896,0.18429014831241375,0.18429014831241375,904.187255859375,0.009062438271939754,0.0407361201941967,1110,0.0,1.0461415959087583,1.0,2.5688495858965195,0.0,1.0081715775069116
358,316,1416,0.9992942836979535,1417,3804,11.009028129657963,0.296875,3.600791552104056,9.515986990183592,1.4930411394743714,0.05143987931577223,0.1510474125425967,0.0229698636842211,70.0,63.0,65.0,0.0,0.296875,0.0,11.009028129657963,0.08600803226295284,0.08600803226295284,889.3201904296875,0.0012233316665515304,0.0326785147190094,983,0.0,0.924735565410528,1.0,2.663550250327086,0.0,1.1103610714130232
187,180,1407,0.7063253012048193,1992,6386,0.6930546760559082,0.0625,0.008104972075670958,0.6930546760559082,0.0,0.00011746336341552113,0.011000867873903305,0.0,69.0,63.0,64.0,0.0,0.0625,0.0,0.6930546760559082,0.0054571234335110885,0.0054571234335110885,1723.644775390625,-0.004160462878644466,0.019406521692872047,1748,0.2402745995423341,1.1541594761804066,0.0,0.9857063783060717,0.971395881006865,2.522049315127343
364,332,1400,0.8235294117647058,1700,1722,166.52451120316982,1.0,5.444820010103285,134.33793199062347,32.18657921254635,0.0777831430014755,2.1323481268352933,0.4951781417314823,70.0,63.0,65.0,0.014084507042253521,1.0,0.8333333333333334,166.52451120316982,1.3009727437747642,1.3009727437747642,1041.28857421875,-0.001132145174778998,0.039224427193403244,1676,0.597255369928401,1.5000534914335875,0.5662291169451074,1.532234039817307,0.0,1.363344234655939
74,96,1396,1.0,1396,6962,301.5283274650574,1.0,0.6213893903477583,133.4414803981781,168.08684706687927,0.008876991290682262,2.1181187364790173,2.6263569854199886,70.0,63.0,64.0,0.0,1.0,1.0,301.5283274650574,2.37423879893746,2.37423879893746,724.261962890625,-0.00456847483292222,0.03553811088204384,491,0.13441955193482688,1.2399132095878327,0.6252545824847251,1.3324601557487008,0.24236252545824846,1.22139911937727
3,20,1395,1.0,1395,8267,0.0,0.0,1.002392988651991,0.0,0.0,0.014319899837885584,0.0,0.0,70.0,64.0,64.0,0.0,0.0,0.0,0.0,0.0,0.0,1195.973876953125,-0.0009367094608023763,0.021916115656495094,2359,0.0,0.8733013556349587,1.0,3.8544354769931832,0.0,1.127993418406662
51,81,1389,1.0,1389,4589,219.99090564250946,1.0,3.3081784156383947,109.05444610118866,110.9364595413208,0.04725969165197707,1.7310229539871216,1.7333821803331375,70.0,63.0,64.0,0.056338028169014086,1.0,1.0,219.99090564250946,1.7322118554528303,1.7322118554528303,792.4085693359375,-0.00342056923545897,0.020041288807988167,1969,0.5144743524631793,1.478996188447721,0.42102590147282887,1.4194510803139482,0.5937023869984764,2.011549596649887
207,193,1384,0.7596048298572997,1822,2310,2.8987585189170204,0.0,2.2028403278673068,0.37251522595761344,2.526243292959407,0.031925222143004445,0.0059129400945652924,0.039472551452490734,69.0,63.0,64.0,0.0,0.0,0.0,2.8987585189170204,0.022824870227693073,0.022824870227693073,1382.257568359375,-0.0013936810428276658,0.03941896930336952,1151,0.48479582971329277,1.3452951539297981,0.0,1.1364591521400527,0.5152041702867072,1.6009303903340553
143,137,1382,1.0,1382,6104,185.32569149136543,1.0,2.200755726895295,101.64111334085464,83.68457815051079,0.03189501053471442,1.6133510054103912,1.307571533601731,69.0,63.0,64.0,0.0,1.0,1.0,185.32569149136543,1.459257413317838,1.459257413317838,349.95306396484375,-0.0020951631013303995,0.04939526692032814,1504,0.07047872340425532,1.10811198919586,0.9654255319148937,3.65928395972288,0.049867021276595744,1.3534903927668394
241,218,1381,1.0,1381,5205,99.55865615606308,1.0,2.367009243229404,66.35470306873322,33.203953087329865,0.03430448178593339,1.0532492550592574,0.5188117669895291,69.0,63.0,64.0,0.0,1.0,1.0,99.55865615606308,0.7839264264256935,0.7839264264256935,1012.7086181640625,0.008060439489781857,0.042871344834566116,1495,0.16120401337792642,1.235026688020017,0.9204013377926421,3.120876774135499,0.04414715719063545,1.3512994647201149
83,102,1376,0.8583905177791641,1603,2750,43.708065877319314,0.4375,1.5780363527010195,17.22481557226274,26.483250305056572,0.02254337646715742,0.2734097709882975,0.41380078601650894,70.0,63.0,64.0,0.0,0.4375,0.8923076923076924,43.708065877319314,0.34415799903401034,0.34415799903401034,913.4271240234375,-0.005307953339070082,0.027657462283968925,981,0.47196738022426094,1.369011457388643,0.5208970438328236,1.5548454395521298,0.0835881753312946,1.3538689563854693
352,320,1376,0.9662921348314607,1424,2636,107.65503978775814,1.0,5.8509306982159615,98.60117870569229,9.05386108206585,0.08358472426022802,1.5650980746935284,0.13929017049332076,70.0,63.0,65.0,0.014084507042253521,1.0,0.2878787878787879,107.65503978775814,0.8410549983418605,0.8410549983418605,781.698974609375,0.00412731571123004,0.03417524695396423,186,1.0,1.260927050763561,0.0,0.8714965263463863,0.0,1.275091805152424
147,152,1368,0.8831504196255648,1549,2976,0.9825880904973019,0.03125,0.5919130598194897,0.6331546418368816,0.34943344866042025,0.008578450142311445,0.010050073679950502,0.0054598976353190665,69.0,63.0,64.0,0.0,0.03125,0.0,0.9825880904973019,0.007736914098403952,0.007736914098403952,1826.057861328125,0.002554991515353322,0.0227001141756773,1088,0.5450367647058824,1.464914281837292,0.0,1.0103750384445969,0.7306985294117647,2.0821969651023786
61,92,1360,0.8037825059101655,1692,2190,0.0,0.0,0.8788344673812389,0.0,0.0,0.01255477810544627,0.0,0.0,70.0,63.0,64.0,0.0,0.0,0.0,0.0,0.0,0.0,2365.96630859375,-0.003241815837100148,0.029961710795760155,2844,0.5348101265822784,1.4281951970696685,0.4022503516174402,1.3306009752421308,0.9922644163150492,4.8129502891362455
278,253,1354,0.8383900928792569,1615,2031,0.0,0.0,0.49029968678951263,0.0,0.0,0.00710579256216685,0.0,0.0,69.0,63.0,65.0,0.0,0.0,0.0,0.0,0.0,0.0,1674.994384765625,-0.007725909352302551,0.03524058312177658,0,0.0,,0.0,,0.0,
121,130,1345,1.0,1345,4839,26.43385173752904,0.375,9.133317433297634,19.665408893488348,6.768442844040692,0.13236691932315411,0.31214934751568807,0.10575691943813581,69.0,63.0,64.0,0.24285714285714285,0.375,0.23076923076923078,26.43385173752904,0.20814056486243337,0.20814056486243337,476.4744873046875,0.007966740988194942,0.03522849828004837,2119,0.3124115148655026,1.123578899703697,0.9787635677206229,5.027708792293085,0.006134969325153374,1.3572760082454607
288,264,1343,0.721655024180548,1861,2646,0.013661850243806839,0.0,0.08158877491950989,0.0,0.013661850243806839,0.0011655539274215698,0.0,0.00021018231144318214,70.0,63.0,65.0,0.0,0.0,0.0,0.013661850243806839,0.00010673320502974093,0.00010673320502974093,1599.27978515625,0.004662830848246813,0.04068484157323837,513,0.6062378167641326,1.5575040063291383,0.9922027290448343,2.5993503033722525,0.0,1.3439914790405665
134,141,1337,1.0,1337,4646,213.78584337234497,1.0,0.013576105237007141,79.41329884529114,134.37254452705383,0.00019675514836242235,1.2605285530998593,2.099571008235216,69.0,63.0,64.0,0.0,1.0,1.0,213.78584337234497,1.6833530974200392,1.6833530974200392,853.5414428710938,0.005867870058864355,0.029347797855734825,1020,1.0,1.8140453950640776,0.0,1.0002804672091126,0.0,1.2470960588207571
279,256,1316,0.7861409796893668,1674,1884,20.082256416091695,0.296875,1.4748563771136105,17.974038729444146,2.1082176866475493,0.021374730103095804,0.285302202054669,0.03243411825611614,69.0,63.0,65.0,0.0,0.296875,0.0,20.082256416091695,0.15689262825071637,0.15689262825071637,912.7357177734375,0.0035087508149445057,0.05070589855313301,2628,0.302130898021309,1.0363315060656049,0.9687975646879756,2.8662374407437365,0.0,1.2478532987276671
246,215,1305,1.0,1305,9091,11.579928090330213,0.0,3.7470438051968813,2.6360323480330408,8.943895742297173,0.05430498268401277,0.04184178330211176,0.1375983960353411,69.0,63.0,65.0,0.0,0.0,0.5909090909090909,11.579928090330213,0.09046818820570479,0.09046818820570479,1212.4498291015625,0.001472656731493771,0.024148499593138695,590,0.9322033898305084,1.676220349503694,0.0,1.0856859654693811,0.06779661016949153,1.3811620069486332
420,390,1302,1.0,1302,8306,14.772287009516731,0.515625,5.440093612298369,13.048653449863195,1.7236335596535355,0.07771562303283384,0.20712148333116184,0.026517439379285163,70.0,63.0,65.0,0.0,0.515625,0.0,14.772287009516731,0.11540849226184946,0.11540849226184946,890.8665771484375,0.002415648428723216,0.042121950536966324,1648,0.01516990291262136,0.9066016200892345,0.9848300970873787,2.7510419145550524,0.0,1.0750599549927309
40,67,1301,0.9984650805832693,1303,2855,168.90201050043106,0.984375,0.2277915864251554,68.65267807245255,100.24933242797852,0.003254165520359363,1.089725048769088,1.5663958191871643,70.0,63.0,64.0,0.0,0.984375,1.0,168.90201050043106,1.3299370905545753,1.3299370905545753,645.6069946289062,-0.0017763895448297262,0.05889356881380081,1795,0.8768802228412256,2.410249903785694,0.9164345403899722,4.790728857570052,0.4885793871866295,2.053649098491205
93,111,1273,1.0,1273,6268,76.27099454402924,1.0,2.483203120995313,33.701493978500366,42.56950056552887,0.03598845102891758,0.5349443488650851,0.6651484463363886,69.0,63.0,64.0,0.0,1.0,1.0,76.27099454402924,0.6005590121577106,0.6005590121577106,1657.3441162109375,-0.0025646330323070288,0.024147288873791695,1461,0.3066392881587953,1.3635433251324725,0.6351813826146475,1.507698937833091,0.07734428473648186,1.4124191348654844
120,131,1262,1.0,1262,6459,182.48204803466797,1.0,0.5358196904417127,82.17447030544281,100.30757772922516,0.007765502760024822,1.3043566715149653,1.567305902019143,69.0,63.0,64.0,0.0,1.0,1.0,182.48204803466797,1.4368665199580155,1.4368665199580155,858.4833984375,0.0049496060237288475,0.0273120254278183,1093,0.12991765782250686,1.303409684677599,0.8700823421774931,1.4487737935090665,0.0,1.5527662204465382
341,311,1261,0.941044776119403,1340,1654,72.9744099425152,1.0,4.838658194523305,60.75348258018494,12.220927362330258,0.06912368849319006,0.9643409933362689,0.1880142671127732,70.0,63.0,65.0,0.0,1.0,0.18181818181818182,72.9744099425152,0.5701125776759,0.5701125776759,881.7333984375,-0.004146884195506573,0.061559032648801804,532,0.0,1.0036432845601735,1.0,1.670926221815084,0.0,1.385213224612846
205,192,1260,0.8377659574468085,1504,7135,158.7291873395443,1.0,3.9335690857842565,116.25342297554016,42.475764364004135,0.05700824762006169,1.845292428183177,0.6636838181875646,69.0,63.0,64.0,0.0,1.0,1.0,158.7291873395443,1.2498361207838133,1.2498361207838133,720.1513061523438,-0.00365985045209527,0.025774097070097923,1333,0.34733683420855216,1.3321789553836136,0.8934733683420856,3.1638629170835197,0.002250562640660165,1.3842326843612207
317,279,1245,0.975705329153605,1276,2771,175.31643187999725,1.0,4.774676825618371,120.84565377235413,54.47077810764313,0.06820966893740531,1.9181849805135576,0.8380119708868173,70.0,63.0,65.0,0.028169014084507043,1.0,1.0,175.31643187999725,1.3696596240624785,1.3696596240624785,824.5936279296875,0.001954986248165369,0.03363949805498123,455,0.015384615384615385,1.309066320816039,0.7208791208791209,1.499562535369211,0.2945054945054945,1.6816838643619365
277,251,1243,0.7180820335066436,1731,2383,0.3524743676534854,0.0,1.3314580958685838,0.020581097342073917,0.33189327031141147,0.019296494143022952,0.0003266840847948241,0.005106050312483254,69.0,63.0,65.0,0.0,0.0,0.0,0.3524743676534854,0.0027537059972928546,0.0027537059972928546,1101.3856201171875,-0.003919097129255533,0.03704136237502098,114,0.5614035087719298,1.166065049815648,0.0,0.8487021782897879,0.6754385964912281,1.6714521074632094
18,50,1223,0.8686079545454546,1408,1700,10.606122707977192,0.0,4.105427561560646,7.196940895169973,3.409181812807219,0.058648965165152084,0.11245220148703083,0.0532684658251128,70.0,64.0,64.0,0.0,0.0,0.0,10.606122707977192,0.08286033365607182,0.08286033365607182,534.587646484375,0.012240339070558548,0.06650426238775253,2299,0.996520226185298,2.019181324194922,0.1870378425402349,1.2022996983814283,0.0,1.2020291717336509
212,189,1213,1.0,1213,6818,328.23955726623535,1.0,4.982935355044901,166.15451049804688,162.08504676818848,0.0722164544209406,2.6373731825086804,2.532578855752945,69.0,63.0,64.0,0.0,1.0,1.0,328.23955726623535,2.5845634430412234,2.5845634430412234,360.2846984863281,-0.003026022808626294,0.050654515624046326,783,0.9540229885057471,1.7206156697640613,0.0,1.1149345898728975,0.04597701149425287,1.274713134173722
177,163,1210,1.0,1210,8379,177.21140956878662,1.0,0.08617665991187096,76.86132049560547,100.35008907318115,0.0012489371001720428,1.220020960247706,1.5679701417684555,69.0,63.0,64.0,0.0,1.0,1.0,177.21140956878662,1.3953654296754852,1.3953654296754852,581.728759765625,-0.004302632063627243,0.01851225644350052,690,0.9565217391304348,1.7371385036369826,0.0,1.2122852848422447,0.04927536231884058,1.334265658556458
380,331,1206,0.8906942392909897,1354,5438,196.1239551305771,1.0,4.4839751271065325,149.18038845062256,46.94356667995453,0.06405678753009332,2.367942673819406,0.7222087181531466,70.0,63.0,65.0,0.0,1.0,1.0,196.1239551305771,1.5322183994576335,1.5322183994576335,676.4501953125,0.01556919701397419,0.047363441437482834,1735,0.9106628242074928,2.1059845812702314,0.7227665706051873,3.5308599749352303,0.0,1.8145848957972444
25,44,1200,1.0,1200,11381,68.6831286251545,0.9846153846153847,0.2298765992745757,25.23305395245552,43.450074672698975,0.0032839514182082244,0.3942664680071175,0.6789074167609215,70.0,64.0,64.0,0.0,0.9846153846153847,1.0,68.6831286251545,0.5365869423840195,0.5365869423840195,758.1396484375,-0.003489435650408268,0.02286580018699169,1861,0.0,1.1406465600866582,0.9919398173025256,2.2798655240886583,0.021493820526598602,1.2402831445313467
196,179,1176,1.0,1176,7137,101.73653715848923,1.0,1.4698725686175749,61.666898131370544,40.06963902711868,0.02130250099445761,0.9788396528788975,0.6260881097987294,69.0,63.0,64.0,0.0,1.0,1.0,101.73653715848923,0.8010750957361357,0.8010750957361357,616.061279296875,-0.005103394854813814,0.03468163311481476,719,0.5382475660639777,1.0283207546844082,0.43671766342141866,1.2643603001861445,0.10570236439499305,1.3922380809378534
152,157,1172,0.9923793395427604,1181,2342,206.19851207733154,1.0,0.05983078316785395,81.31073796749115,124.8877741098404,0.0008671127995341152,1.2906466344046215,1.9513714704662561,69.0,63.0,64.0,0.0,1.0,1.0,206.19851207733154,1.6236103313175712,1.6236103313175712,1716.1253662109375,0.0010512807639315724,0.015446587465703487,1611,1.0,1.6933569177751158,0.045934202358783364,1.1734526931123686,0.0,1.3539773435290487
304,277,1166,0.7206427688504327,1618,1408,21.93404960911721,0.125,7.801708821207285,14.270335033535957,7.663714575581253,0.11145298316010407,0.22651325450057075,0.1179033011627885,70.0,63.0,65.0,0.0,0.125,0.030303030303030304,21.93404960911721,0.1713597625712282,0.1713597625712282,487.9034118652344,0.010281817987561226,0.05808643251657486,90,0.0,2.2373760852183913,1.0,1.4627571586138315,0.0,1.010164964331264
361,321,1162,0.7545454545454545,1540,4350,1.8563826236641034,0.015625,1.1261573735391721,1.6225597311276942,0.2338228925364092,0.01608796247913103,0.025754916367106258,0.0035972752697909106,70.0,63.0,65.0,0.0,0.015625,0.0,1.8563826236641034,0.014502989247375808,0.014502989247375808,679.7100219726562,0.002213231520727277,0.028529928997159004,0,0.0,,0.0,,0.0,
209,191,1152,1.0,1152,2901,267.5406106710434,1.0,2.6592478976526763,132.4821276664734,135.05848300457,0.038539824603661975,2.1028909153408475,2.1102887969464064,69.0,63.0,64.0,0.04285714285714286,1.0,1.0,267.5406106710434,2.106618981661759,2.106618981661759,670.4117431640625,0.000881865038536489,0.02961445413529873,931,0.0021482277121374865,1.0817548720084327,1.0,1.7823335032803542,0.0,1.3999460634507443
488,424,1150,0.905511811023622,1270,8861,16.960444051772356,0.1076923076923077,5.517930115573108,10.465451840311289,6.494992211461067,0.07882757307961583,0.1635226850048639,0.09992295709940104,70.0,64.0,65.0,0.0,0.1076923076923077,0.0,16.960444051772356,0.13147631047885547,0.13147631047885547,711.1929321289062,-0.017600897699594498,0.04627392441034317,0,0.0,,0.0,,0.0,
128,133,1149,0.9991304347826087,1150,2201,95.10124149918556,0.953125,0.17086991002724972,40.73825715482235,54.36298434436321,0.0024763755076413004,0.6466390024574976,0.8494216303806752,69.0,63.0,64.0,0.0,0.953125,0.9846153846153847,95.10124149918556,0.7488286732219336,0.7488286732219336,1101.178466796875,0.018643800169229507,0.03954136744141579,0,0.0,,0.0,,0.0,
29,55,1130,0.9617021276595744,1175,3394,189.09167048335075,0.9846153846153847,0.45093483896926045,83.02351316809654,106.06815731525421,0.0064419262709894355,1.2972423932515085,1.657314958050847,70.0,64.0,64.0,0.0,0.9846153846153847,1.0,189.09167048335075,1.4772786756511778,1.4772786756511778,952.9234008789062,0.005880085751414299,0.05036526545882225,1601,0.10368519675202999,1.225911346851749,0.0,1.0191005109375044,0.9825109306683323,3.194396518068891
193,183,1123,0.9929266136162688,1131,1792,37.05478922906332,0.4375,4.068326962180436,33.02812431193888,4.026664917124435,0.058961260321455586,0.5242559414593473,0.0629166393300693,69.0,63.0,64.0,0.0,0.4375,0.0,37.05478922906332,0.29176999392963243,0.29176999392963243,764.4461669921875,0.006024348083883524,0.06377440690994263,677,0.007385524372230428,1.2469811737827168,0.9926144756277696,1.509217522610755,0.0,1.3321991301049636
12,40,1111,0.9166666666666666,1212,2762,0.43977830396033823,0.0,0.0,0.0,0.43977830396033823,0.0,0.0,0.006871535999380285,70.0,64.0,64.0,0.0,0.0,0.0,0.43977830396033823,0.0034357679996901425,0.0034357679996901425,1490.0003662109375,0.0035727431531995535,0.03446953371167183,1312,0.001524390243902439,1.1126564971928354,1.0,2.5252562899474533,0.0,1.1883768192227828
89,107,1106,0.7167854828256643,1543,7074,0.5830353004857898,0.0,0.0,0.0,0.5830353004857898,0.0,0.0,0.009109926570090465,69.0,63.0,64.0,0.0,0.0,0.0,0.5830353004857898,0.004590829137683384,0.004590829137683384,698.0515747070312,-0.0013808144722133875,0.026457522064447403,1576,0.0006345177664974619,1.237839293288679,0.7423857868020305,3.12122168532946,0.5241116751269036,2.0344772285302195
146,151,1104,0.968421052631579,1140,1985,92.92092964053154,0.984375,0.24181972700171173,44.87097045779228,48.04995918273926,0.003504633724662489,0.7122376263141632,0.7507806122303009,69.0,63.0,64.0,0.0,0.984375,1.0,92.92092964053154,0.731660863311272,0.731660863311272,1095.6451416015625,0.001625875011086464,0.049216378480196,88,1.0,1.5646361704419742,0.0,1.5313253881596205,0.0,1.2044709945613452
230,204,1101,1.0,1101,3444,258.7000035047531,1.0,4.61563851730898,127.01900291442871,131.6810005903244,0.06689331184505769,2.0161746494353765,2.057515634223819,69.0,63.0,64.0,0.0,1.0,1.0,258.7000035047531,2.0370079016122293,2.0370079016122293,567.2008056640625,-0.004833967424929142,0.05414970964193344,1303,0.24865694551036072,1.2255313291209233,0.827321565617805,1.6485364978093575,0.0,1.3828443479077583
182,172,1070,0.7278911564625851,1470,2088,0.18897678784560412,0.0,1.398064388660714,0.04914361552800983,0.1398331723175943,0.020261802734213248,0.0007800573893334894,0.0021848933174624108,69.0,63.0,64.0,0.0,0.0,0.0,0.18897678784560412,0.0014880062035086939,0.0014880062035086939,1416.6417236328125,0.0019620261155068874,0.03663475438952446,1454,0.156121045392022,1.2506553790759913,0.2544704264099037,1.4080132474877864,0.609353507565337,1.8318820024591478
354,313,1066,1.0,1066,3934,29.65293848514557,0.765625,5.978096788749099,16.19813907146454,13.45479941368103,0.0854013826964157,0.25711331859467523,0.20699691405663123,70.0,63.0,65.0,0.0,0.765625,0.4090909090909091,29.65293848514557,0.23166358191519976,0.23166358191519976,1082.818115234375,-0.001804640400223434,0.04396868497133255,1480,0.2851351351351351,1.2629255326224424,0.9324324324324325,2.7093912308082033,0.0,1.259187796713645
339,298,1064,1.0,1064,13685,3.1252923060237663,0.09375,1.3637460204481613,2.986268151551485,0.13902415447228123,0.019482086006402305,0.04740108177065849,0.0021388331457274034,70.0,63.0,65.0,0.0,0.09375,0.0,3.1252923060237663,0.024416346140810674,0.024416346140810674,853.92138671875,-0.0015917775453999639,0.01973336562514305,2067,0.8538945331398161,4.749497535376287,1.0,9.733560409223537,0.0,2.934009170659236
413,382,1050,1.0,1050,2810,76.73422502342146,0.859375,3.350002886960283,71.93575479090214,4.798470232519321,0.04785718409943261,1.1418373776333672,0.07382261896183571,70.0,63.0,65.0,0.0,0.859375,0.0,76.73422502342146,0.5994861329954801,0.5994861329954801,599.6322021484375,0.007599947042763233,0.07275468111038208,5,0.0,1.0533963617468847,0.0,0.8745676031342966,1.0,1.831608836267517
363,318,1034,1.0,1034,6400,65.90822752565145,1.0,2.0511271306313574,54.170380383729935,11.73784714192152,0.029301816151876534,0.8598473076782529,0.18058226372186953,70.0,63.0,65.0,0.0,1.0,0.5757575757575758,65.90822752565145,0.514908027544152,0.514908027544152,523.869384765625,0.0022637655492872,0.031495433300733566,450,1.0,1.2290149397469015,0.0,1.2869236083821278,0.0,1.277098174000479
378,343,1027,0.896943231441048,1145,1925,6.807988616870716,0.03125,0.6266326004988514,4.714906633831561,2.0930819830391556,0.008951894292840734,0.0748397878385962,0.03220126127752547,70.0,63.0,65.0,0.0,0.03125,0.0,6.807988616870716,0.05318741106930247,0.05318741106930247,1777.980224609375,-0.0020199399441480637,0.029310377314686775,554,0.0,1.0516723224046902,0.0,1.0914136546817559,1.0,2.189555609068954
427,395,1016,1.0,1016,5371,8.430647132641752,0.0,4.211968151386827,6.072155795991421,2.3584913366503315,0.060170973591240386,0.09638342533319716,0.03628448210231279,70.0,63.0,65.0,0.0,0.0,0.0,8.430647132641752,0.06586443072376369,0.06586443072376369,1121.565185546875,-0.0014797428157180548,0.0383504182100296,403,0.9553349875930521,1.3438238528870126,0.0,0.8424179243369123,0.04466501240694789,1.1394928932543582
102,117,990,1.0,990,3411,325.7251708507538,1.0,0.9517319513834082,146.1511869430542,179.57398390769958,0.01379321668671606,2.3198601102072094,2.805843498557806,69.0,63.0,64.0,0.0,1.0,1.0,325.7251708507538,2.564765124809085,2.564765124809085,694.147216796875,-0.011116757988929749,0.046959392726421356,1254,0.0,1.0278397148618348,1.0,2.535807573663322,0.0,1.2630937063413579
14,36,983,1.0,983,6801,4.455831646220759,0.0,4.175289984123083,0.5343271729070693,3.9215044733136892,0.059646999773186896,0.008348862076672958,0.061273507395526394,70.0,64.0,64.0,0.0,0.0,0.0,4.455831646220759,0.034811184736099676,0.034811184736099676,1238.514892578125,0.006778005976229906,0.03248278796672821,491,0.06109979633401222,1.003535387354977,0.9103869653767821,1.4676062540900965,0.03665987780040733,1.2283422122351277
300,273,979,0.944980694980695,1036,2997,0.7267981267068535,0.0,2.84627431363333,0.6090920979622751,0.11770602874457836,0.040661061623333286,0.009668128539083732,0.001810861980685821,70.0,63.0,65.0,0.0,0.0,0.0,0.7267981267068535,0.005678110364897293,0.005678110364897293,1564.2099609375,0.0033790466841310263,0.03829221427440643,492,0.5934959349593496,1.3017118284429499,0.20528455284552846,1.1780786876355875,0.23170731707317074,1.5716052531019866
349,315,958,0.7676282051282052,1248,5855,17.784954006783664,0.84375,2.85905734798871,13.488041289150715,4.296912717632949,0.04084367639983871,0.21409589347858277,0.06610634950204537,70.0,63.0,65.0,0.028169014084507043,0.84375,0.030303030303030304,17.784954006783664,0.13894495317799738,0.13894495317799738,979.7196044921875,0.0016215835930779576,0.025210442021489143,20,1.0,1.6333984159732917,0.0,1.1020999643228444,0.0,1.2262517296730426
315,280,949,1.0,949,3918,1.6979351895861328,0.0,0.3423939729691483,0.002880644518882036,1.6950545450672507,0.004891342470987833,4.5724516172730736e-05,0.026077762231803858,70.0,63.0,65.0,0.0,0.0,0.0,1.6979351895861328,0.013265118668641662,0.013265118668641662,1213.9888916015625,0.0009761829278431833,0.0331147164106369,0,0.0,,0.0,,0.0,
116,128,948,0.8487018800358102,1117,1931,30.997909352183342,0.40625,0.006501052062958479,11.85645841062069,19.141450941562653,9.421814583997795e-05,0.18819775254953475,0.29908517096191645,69.0,63.0,64.0,0.0,0.40625,0.9692307692307692,30.997909352183342,0.24407802639514442,0.24407802639514442,2300.5966796875,-0.011768816038966179,0.03882656991481781,945,0.2698412698412698,1.0869643881373572,0.9968253968253968,1.7663066389985573,0.0,1.2170867162402808
204,181,933,1.0,933,9378,109.49019864201546,1.0,3.03721763521753,70.0798631310463,39.41033551096916,0.04401764688721058,1.1123787798578777,0.6157864923588932,69.0,63.0,64.0,0.0,1.0,1.0,109.49019864201546,0.8621275483623264,0.8621275483623264,664.9461059570312,0.003517942503094673,0.025389429181814194,0,0.0,,0.0,,0.0,
286,252,904,1.0,904,8003,0.6547534889141389,0.0,1.063445491483435,0.0,0.6547534889141389,0.015192078449763358,0.0,0.010073130598679059,70.0,63.0,65.0,0.0,0.0,0.0,0.6547534889141389,0.00511526163214171,0.00511526163214171,1821.899658203125,0.0025999899953603745,0.02177322283387184,1015,0.5733990147783251,0.9774959995787529,0.8482758620689655,2.125479984015882,0.0,1.179571236625003
312,286,893,0.9966517857142857,896,2013,1.0843753562076017,0.0,0.6389331087411847,0.8166781788459048,0.26769717736169696,0.009127615839159782,0.012963145695966743,0.0041184181132568765,70.0,63.0,65.0,0.0,0.0,0.0,1.0843753562076017,0.008471682470371888,0.008471682470371888,1044.201904296875,-0.008826476521790028,0.04832704737782478,847,0.0,0.9369998892360861,1.0,2.192929365009548,0.0,1.1300115613901078
367,330,886,0.9200415368639667,963,2284,92.21477447077632,0.984375,6.044086356647313,78.37565329670906,13.839121174067259,0.08634409080924732,1.2440579888366519,0.21290955652411167,70.0,63.0,65.0,0.0,0.984375,0.22727272727272727,92.21477447077632,0.72042792555294,0.72042792555294,696.8929443359375,0.02190624177455902,0.062237273901700974,892,0.1726457399103139,1.214369630191315,0.9955156950672646,2.073604180404401,0.0,1.3102760788457004
311,278,860,0.948180815876516,907,3311,133.01073133945465,1.0,3.7047521923668683,59.73168224096298,73.27904909849167,0.05292503131952669,0.9481219403327458,1.127369986130641,70.0,63.0,65.0,0.056338028169014086,1.0,1.0,133.01073133945465,1.0391463385894895,1.0391463385894895,1076.402099609375,0.0006478141294792295,0.022228311747312546,893,0.9944008958566629,1.6749741710790618,0.0,1.0820168469194724,0.005599104143337066,1.3427158991989476
117,134,848,0.7786960514233241,1089,1228,229.65751230716705,1.0,2.294513583939988,103.4311603307724,126.22635197639465,0.03325382005710128,1.6417644496948,1.9722867496311665,69.0,63.0,64.0,0.0,1.0,1.0,229.65751230716705,1.8083268685603704,1.8083268685603704,940.5537109375,0.00851617380976677,0.05263284966349602,31,1.0,1.1710033868216658,0.0,0.9184445632982554,0.0,1.2428193056051566
190,177,815,1.0,815,4763,0.6825456602673512,0.0,0.9020039340830408,0.2141466171015054,0.4683990431658458,0.013072520783812186,0.0033991526524048475,0.007318735049466341,69.0,63.0,64.0,0.0,0.0,0.0,0.6825456602673512,0.005374375277695679,0.005374375277695679,170.9688262939453,-0.01462407223880291,0.04487726837396622,725,0.6910344827586207,1.1645126587945291,0.7572413793103449,1.7293549971239477,0.0,0.945063215842502
296,268,814,0.9926829268292683,820,1868,0.8743585069896653,0.0,0.5668665239354596,0.5738595556467772,0.3004989513428882,0.008098093199077994,0.00910888183566313,0.004623060789890587,70.0,63.0,65.0,0.0,0.0,0.0,0.8743585069896653,0.00683092583585676,0.00683092583585676,1062.9989013671875,-0.0010071186115965247,0.046769194304943085,805,0.5701863354037268,1.0545427451237999,0.822360248447205,2.4808082860337994,0.0,1.2100726116987592
4,26,524,1.0,524,4253,91.46023149977555,0.5230769230769231,0.6296917100844439,23.18914683352341,68.27108466625214,0.0089955958583492,0.3623304192738033,1.0667356979101896,70.0,64.0,64.0,0.0,0.5230769230769231,0.9846153846153847,91.46023149977555,0.7145330585919965,0.7145330585919965,1108.693359375,0.0008726169471628964,0.03342893719673157,0,0.0,,0.0,,0.0,
20,47,463,1.0,463,4028,183.54413598775864,1.0,1.3105595726374304,74.2953912615776,109.24874472618103,0.01872227960910615,1.16086548846215,1.7070116363465786,70.0,64.0,64.0,0.0,1.0,1.0,183.54413598775864,1.4339385624043643,1.4339385624043643,1088.4801025390625,0.0027184104546904564,0.02539828233420849,741,0.0,0.9911218821192076,1.0,1.8026209697646525,0.0,1.053584027731537
244,223,449,0.7863397548161121,571,7594,1.0218237513909116,0.0,7.6401878371834755,0.11030197376385331,0.9115217776270583,0.1107273599591808,0.001750824980378624,0.014023411963493205,69.0,63.0,65.0,0.12857142857142856,0.0,0.0,1.0218237513909116,0.007982998057741497,0.007982998057741497,1117.69970703125,0.00230093183927238,0.029176069423556328,778,0.487146529562982,1.3193984007608093,0.910025706940874,3.2152393894480555,0.07069408740359898,1.1203819826401327
397,360,447,0.9048582995951417,494,3590,13.71313245035708,0.421875,4.69989602919668,13.226423086598516,0.486709363758564,0.06714137184566685,0.20994322359680184,0.007487836365516369,70.0,63.0,65.0,0.014084507042253521,0.421875,0.0,13.71313245035708,0.10713384726841468,0.10713384726841468,979.2027587890625,0.004429154563695192,0.031083976849913597,564,0.0,1.3286155922264007,1.0,2.3805281301249646,0.0,0.8969370368369077
16,49,409,0.7716981132075472,530,551,15.9736297018826,0.03076923076923077,4.890843489207327,9.01669703796506,6.9569326639175415,0.06986919270296182,0.14088589121820405,0.10870207287371159,70.0,64.0,64.0,0.0,0.03076923076923077,0.015384615384615385,15.9736297018826,0.12479398204595782,0.12479398204595782,1269.8565673828125,-0.009792850352823734,0.06827127933502197,778,0.9897172236503856,1.9894836086514796,0.06940874035989718,1.1616191337445867,0.07069408740359898,1.1559402121398048
96,113,401,1.0,401,2203,1.3489126928161568,0.0,0.34803162212483585,0.2139480896294117,1.134964603186745,0.005043936552533853,0.0033960014226890748,0.017733821924792892,69.0,63.0,64.0,0.0,0.0,0.0,1.3489126928161568,0.01062135978595399,0.01062135978595399,225.12255859375,-9.174538718070835e-05,0.03367278724908829,273,0.0,1.0452114958222156,1.0,1.9580691371904932,0.0,0.9459616318447243
