calcium_label,calcium AUC,calcium response time,calcium_auc_w1,calcium_auc_w2,calcium_auc_w3,calcium_auc_norm_w1,calcium_auc_norm_w2,calcium_auc_norm_w3,calcium_active_time_w1,calcium_active_time_w2,calcium_active_time_w3,calcium_response_time_w1,calcium_response_time_w2,calcium_response_time_w3,calcium_auc_w2_w3,calcium_auc_norm_w2_w3,calcium_AUC_norm,calcium_baseline_F0,calcium_baseline_mean_dff,calcium_baseline_sd_dff
1,0.2010626844712533,0.0,1.2669260695111006,0.0,0.2010626844712533,0.01809894385015858,0.0,0.0030932720687885124,70.0,63.0,65.0,0.0,0.0,0.0,0.2010626844712533,0.0015708022224316665,0.0015708022224316665,4127.265625,0.0030732224695384502,0.034325309097766876
2,0.04220018006162718,0.0,0.12470648786984384,0.0,0.04220018006162718,0.0017815212552834835,0.0,0.0006492335394096489,70.0,63.0,65.0,0.0,0.0,0.0,0.04220018006162718,0.00032968890673146234,0.00032968890673146234,5747.3349609375,-0.003684626193717122,0.02095954120159149
3,7.649165451526642,0.0,2.179155672854904,1.0128539577126503,6.6363114938139915,0.03113079532649863,0.016077046947819845,0.10209709990483064,70.0,63.0,65.0,0.0,0.0,0.12121212121212122,7.649165451526642,0.05975910509005189,0.05975910509005189,3817.595458984375,0.008825254626572132,0.02544461376965046
4,0.007071730753523298,0.0,0.21697537798900157,0.0,0.007071730753523298,0.003099648256985737,0.0,0.00010879585774651228,70.0,63.0,65.0,0.0,0.0,0.0,0.007071730753523298,5.524789651190076e-05,5.524789651190076e-05,4636.15576171875,0.003830410074442625,0.02888317033648491
5,7.234203037107363,0.0,1.2130691761849448,0.4316484204027802,6.802554616704583,0.017329559659784926,0.006851562228615558,0.10465468641083975,70.0,63.0,65.0,0.0,0.0,0.3939393939393939,7.234203037107363,0.056517211227401276,0.056517211227401276,5091.7412109375,0.0038668978959321976,0.025259291753172874
6,19.85183537087869,0.21875,3.5339804510585964,3.46365915320348,16.38817621767521,0.05048543501512281,0.05497871671751556,0.25212578796423396,70.0,63.0,65.0,0.014084507042253521,0.21875,1.0,19.85183537087869,0.15509246383498976,0.15509246383498976,1407.1654052734375,0.003567017149180174,0.021993938833475113
7,0.034545319620519876,0.0,0.21446268289582804,0.0,0.034545319620519876,0.0030637526127975435,0.0,0.0005314664557003058,70.0,63.0,65.0,0.0,0.0,0.0,0.034545319620519876,0.00026988530953531154,0.00026988530953531154,4566.337890625,0.0014662380563095212,0.018877673894166946
8,7.914354418870062,0.0,3.783621335402131,2.3133479631505907,5.601006455719471,0.054051733362887586,0.036719808938898264,0.08616933008799187,70.0,63.0,65.0,0.0,0.0,0.06060606060606061,7.914354418870062,0.06183089389742236,0.06183089389742236,1354.049560546875,0.0063561643473804,0.021773286163806915
9,0.0056169971358031034,0.0,0.10985192330554128,0.0,0.0056169971358031034,0.001569313190079161,0.0,8.641534055081698e-05,70.0,63.0,65.0,0.0,0.0,0.0,0.0056169971358031034,4.3882790123461746e-05,4.3882790123461746e-05,3664.04541015625,-0.0010982649400830269,0.017310526221990585
10,0.003494745120406151,0.0,0.217291655993904,0.003494745120406151,0.0,0.0031041665141986283,5.5472144768351604e-05,0.0,70.0,63.0,65.0,0.0,0.0,0.0,0.003494745120406151,2.7302696253173053e-05,2.7302696253173053e-05,4976.7802734375,0.0003542719641700387,0.02033299021422863
11,14.710546193411574,0.375,3.278465463023167,3.99724225490354,10.713303938508034,0.04683522090033096,0.06344828976037366,0.1648200605924313,70.0,63.0,65.0,0.09859154929577464,0.375,1.0,14.710546193411574,0.11492614213602792,0.11492614213602792,4333.6171875,-0.000665173283778131,0.018166253343224525
12,0.15264524333178997,0.0,0.15388120181160048,0.0,0.15264524333178997,0.002198302883022864,0.0,0.0023483883589506148,70.0,63.0,65.0,0.0,0.0,0.0,0.15264524333178997,0.0011925409635296091,0.0011925409635296091,3354.379150390625,-0.004484997596591711,0.01867576688528061
13,38.259484335780144,1.0,9.650777650997043,14.038839563727379,24.220644772052765,0.1378682521571006,0.2228387232337679,0.37262530418542716,70.0,63.0,65.0,0.6197183098591549,1.0,1.0,38.259484335780144,0.2989022213732824,0.2989022213732824,3413.916015625,0.008438961580395699,0.023505065590143204
14,0.0,0.0,0.08759705419652164,0.0,0.0,0.0012695225245872702,0.0,0.0,69.0,63.0,65.0,0.0,0.0,0.0,0.0,0.0,0.0,3588.965576171875,-0.0006552559207193553,0.015413071028888226
15,11.270822239574045,0.0,2.6876811617985368,1.3608046895824373,9.910017549991608,0.03895190089563097,0.021600074437816464,0.15246180846140936,69.0,63.0,65.0,0.0,0.0,0.3484848484848485,11.270822239574045,0.08805329874667223,0.08805329874667223,1775.7718505859375,0.0034128755796700716,0.03201891854405403
16,2.9854324787156656,0.0,0.15574569487944245,0.21351856971159577,2.77191390900407,0.0022571839837600355,0.0033891836462158057,0.04264482936929338,69.0,63.0,65.0,0.0,0.0,0.06060606060606061,2.9854324787156656,0.023323691239966138,0.023323691239966138,3200.517333984375,-0.001305889105424285,0.01563221402466297
17,1.650118328136159,0.0,2.334731651470065,1.017288239178015,0.6328300889581442,0.033836690601015434,0.016147432367904998,0.009735847522432988,69.0,63.0,65.0,0.0,0.0,0.0,1.650118328136159,0.012891549438563743,0.012891549438563743,3422.017333984375,-0.0012811176711693406,0.015277540311217308
18,0.0,0.0,0.13005244871601462,0.0,0.0,0.0018848180973335452,0.0,0.0,69.0,63.0,65.0,0.0,0.0,0.0,0.0,0.0,0.0,4186.90380859375,-0.0011494912905618548,0.009764337912201881
19,0.003846485633403063,0.0,0.020929303020238876,0.0,0.003846485633403063,0.000303323232177375,0.0,5.917670205235481e-05,69.0,63.0,65.0,0.0,0.0,0.0,0.003846485633403063,3.0050669010961428e-05,3.0050669010961428e-05,4188.3935546875,0.0020658180583268404,0.017802925780415535
20,0.003567154286429286,0.0,0.27536644018255174,0.0,0.003567154286429286,0.0039908179736601705,0.0,5.487929671429671e-05,69.0,63.0,65.0,0.0,0.0,0.0,0.003567154286429286,2.7868392862728797e-05,2.7868392862728797e-05,2601.932373046875,-0.006607924588024616,0.027471397072076797
21,10.690400857944041,0.0,5.1941497744992375,3.2749073044396937,7.415493553504348,0.07527753296375707,0.051982655626026886,0.1140845162077592,69.0,63.0,65.0,0.0,0.0,0.0,10.690400857944041,0.08351875670268782,0.08351875670268782,477.6683654785156,0.007088478654623032,0.050071872770786285
22,5.974228715291247,0.0,3.702058604452759,0.7162272508721799,5.258001464419067,0.05365302325293854,0.011368686521780632,0.0808923302218318,69.0,63.0,65.0,0.0,0.0,0.0,5.974228715291247,0.046673661838212865,0.046673661838212865,1016.8052368164062,-0.012756822630763054,0.050650641322135925
23,0.2544862315407954,0.0,0.890824404608793,0.03276345878839493,0.2217227727524005,0.012910498617518739,0.0005200549014030941,0.003411119580806161,69.0,63.0,65.0,0.0,0.0,0.0,0.2544862315407954,0.001988173683912464,0.001988173683912464,4642.951171875,-0.0005945593002252281,0.010486703366041183
24,13.301889880817725,0.015625,5.133953345706686,2.596443242650821,10.705446638166904,0.07440512095227082,0.04121338480398128,0.1646991790487216,69.0,63.0,65.0,0.07142857142857142,0.015625,0.803030303030303,13.301889880817725,0.10392101469388848,0.10392101469388848,1460.050537109375,0.0022919289767742157,0.026316866278648376
25,0.5785330816870555,0.0,0.7841449703555554,0.043053407047409564,0.535479674639646,0.01136441986022544,0.0006833874134509455,0.008238148840609938,69.0,63.0,65.0,0.0,0.0,0.0,0.5785330816870555,0.004519789700680121,0.004519789700680121,5763.5537109375,0.0019347452325746417,0.013501827605068684
26,0.0,0.0,0.10667531937360764,0.0,0.0,0.0015460191213566325,0.0,0.0,69.0,63.0,65.0,0.0,0.0,0.0,0.0,0.0,0.0,2573.3203125,-0.016833804547786713,0.05508248880505562
27,0.8300862202886492,0.0,0.3969103693962097,0.0,0.8300862202886492,0.005752324194147967,0.0,0.012770557235209987,69.0,63.0,65.0,0.0,0.0,0.0,0.8300862202886492,0.006485048596005072,0.006485048596005072,5016.41015625,0.0005143427988514304,0.0175054632127285
28,25.79921615263447,0.359375,3.34674931736663,4.995259465184063,20.80395668745041,0.04850361329516855,0.07928983278069941,0.3200608721146217,69.0,63.0,65.0,0.04285714285714286,0.359375,1.0,25.79921615263447,0.2015563761924568,0.2015563761924568,1434.115966796875,-0.00010882210335694253,0.021331053227186203
29,0.011010563001036644,0.0,0.10884265398340176,0.0,0.011010563001036644,0.0015774297678753878,0.0,0.00016939327693902528,69.0,63.0,65.0,0.0,0.0,0.0,0.011010563001036644,8.602002344559878e-05,8.602002344559878e-05,4667.17138671875,0.0026213626842945814,0.01811436377465725
30,2.63582247053273,0.0,0.4280755569161556,0.05163506022654474,2.5841874103061855,0.006203993578495009,0.0008196041305800752,0.03975672938932593,69.0,63.0,65.0,0.0,0.0,0.0,2.63582247053273,0.020592363051036955,0.020592363051036955,4162.82568359375,-0.0008128060726448894,0.01727125234901905
31,0.0775967848021537,0.0,0.8339430280029774,0.0,0.0775967848021537,0.01208613084062286,0.0,0.0011937966892639031,69.0,63.0,65.0,0.0,0.0,0.0,0.0775967848021537,0.0006062248812668258,0.0006062248812668258,3763.102294921875,0.0002951446804217994,0.011837313883006573
32,0.39142984547652304,0.0,0.49324859508442387,0.3191386749385856,0.07229117053793743,0.007148530363542375,0.005065693252993423,0.0011121718544298068,69.0,63.0,65.0,0.0,0.0,0.0,0.39142984547652304,0.0030580456677853363,0.0030580456677853363,6918.08154296875,0.00015815204824320972,0.016399623826146126
33,32.805965304374695,0.828125,5.522473988356069,10.192014873027802,22.613950431346893,0.08003585490371114,0.16177801385758414,0.3479069297130291,69.0,63.0,65.0,0.4714285714285714,0.828125,1.0,32.805965304374695,0.2562966039404273,0.2562966039404273,4477.5751953125,0.002358902944251895,0.01778615266084671
34,6.654310222133063,0.0,1.210441566130612,1.2716766254743561,5.382633596658707,0.017542631393197276,0.020185343261497717,0.08280974764090318,69.0,63.0,65.0,0.0,0.0,0.0,6.654310222133063,0.05198679861041455,0.05198679861041455,2466.7451171875,-0.003712900448590517,0.030587319284677505
35,0.0,0.0,0.10584625945193693,0.0,0.0,0.001534003760172999,0.0,0.0,69.0,63.0,65.0,0.0,0.0,0.0,0.0,0.0,0.0,4003.76171875,0.0012602991191670299,0.014548446983098984
36,2.634751229546964,0.0,0.460490062716417,0.11506175296381116,2.519689476583153,0.006673769024875609,0.0018263770311716058,0.03876445348589466,69.0,63.0,65.0,0.0,0.0,0.0,2.634751229546964,0.020583993980835658,0.020583993980835658,842.3776245117188,-0.011010912247002125,0.03872672840952873
37,1.061961991363205,0.0,0.4021618401311571,0.14125010126736015,0.9207118900958449,0.005828432465668943,0.002242065099481907,0.014164798309166844,69.0,63.0,65.0,0.0,0.0,0.0,1.061961991363205,0.00829657805752504,0.00829657805752504,5022.53173828125,-0.0005634354311041534,0.013217544183135033
38,34.22462020814419,0.5625,13.35753870382905,13.103957131505013,21.120663076639175,0.19358751744679784,0.20799931954769862,0.3249332781021412,69.0,63.0,65.0,0.6285714285714286,0.5625,1.0,34.22462020814419,0.26737984537612647,0.26737984537612647,2906.7392578125,0.011081993579864502,0.03453214094042778
39,0.3474747405562084,0.0,0.16828190733212978,0.0,0.3474747405562084,0.002438868222204779,0.0,0.005345765239326283,69.0,63.0,65.0,0.0,0.0,0.0,0.3474747405562084,0.0027146464105953783,0.0027146464105953783,3069.319091796875,0.007161191198974848,0.019179580733180046
40,18.295310812070966,0.21875,2.7500065786298364,3.3627420235425234,14.932568788528442,0.03985516780622951,0.05337685751654799,0.2297318275158222,69.0,63.0,65.0,0.0,0.21875,1.0,18.295310812070966,0.14293211571930442,0.14293211571930442,2031.2623291015625,0.0068790786899626255,0.022394128143787384
41,4.802588204154745,0.0625,0.8125448605278507,0.9966378046665341,3.8059503994882107,0.011776012471418126,0.01581964769311959,0.0585530830690494,69.0,63.0,65.0,0.0,0.0625,0.48484848484848486,4.802588204154745,0.03752022034495894,0.03752022034495894,4466.83154296875,-0.0003208904236089438,0.01212618313729763
42,2.840787864755839,0.0,0.15979957894887775,0.0051666973158717155,2.8356211674399674,0.0023159359267953296,8.201106850590025e-05,0.04362494103753796,69.0,63.0,65.0,0.0,0.0,0.0,2.840787864755839,0.022193655193404993,0.022193655193404993,3723.705078125,0.000992196029983461,0.019070249050855637
43,0.10021648771362379,0.0,0.24651155328683672,0.004217488050926477,0.09599899966269732,0.0035726312070556046,6.694425477661074e-05,0.0014769076871184203,69.0,63.0,65.0,0.0,0.0,0.0,0.10021648771362379,0.0007829413102626859,0.0007829413102626859,5054.984375,-0.002299649640917778,0.012651516124606133
44,7.387775830400642,0.0,3.952255252515897,1.5837252358323894,5.804050594568253,0.05727906163066518,0.025138495806863323,0.0892930860702808,69.0,63.0,65.0,0.0,0.0,0.09090909090909091,7.387775830400642,0.057716998675005016,0.057716998675005016,4061.56689453125,0.003858410520479083,0.020932750776410103
45,49.525088757276535,1.0,4.826395445736125,15.25283083319664,34.272257924079895,0.06994776008313225,0.2421084259237562,0.527265506524306,69.0,63.0,65.0,0.3142857142857143,1.0,1.0,49.525088757276535,0.38691475591622293,0.38691475591622293,9002.2802734375,-3.884134639520198e-05,0.017901597544550896
46,0.07587779700406827,0.0,0.9709872177336365,0.0,0.07587779700406827,0.014072278517878789,0.0,0.0011673507231395118,69.0,63.0,65.0,0.0,0.0,0.0,0.07587779700406827,0.0005927952890942834,0.0005927952890942834,2767.00634765625,0.0033161311876028776,0.019370775669813156
47,5.007621062963153,0.0,1.2245135875418782,0.4400240537215723,4.567597009241581,0.01774657373249099,0.006984508789231306,0.07027072321910124,69.0,63.0,65.0,0.0,0.0,0.0,5.007621062963153,0.039122039554399635,0.039122039554399635,2218.172607421875,-0.007155535276979208,0.03281561657786369
48,3.345083112944849,0.0,2.0169769329950213,0.9867481399560347,2.358334972988814,0.029231549753551033,0.01566266888819103,0.03628207650752022,69.0,63.0,65.0,0.0,0.0,0.10606060606060606,3.345083112944849,0.02613346181988163,0.02613346181988163,6153.7314453125,-0.001039773807860911,0.016111427918076515
49,8.56779096563696,0.0,4.158726044930518,1.526908329775324,7.040882635861635,0.06027139195551475,0.024236640155163875,0.10832127132094824,69.0,63.0,65.0,0.0,0.0,0.15151515151515152,8.56779096563696,0.06693586691903874,0.06693586691903874,2061.098388671875,0.009964017197489738,0.02629820629954338
50,6.293714664876461,0.0,5.486308265477419,2.633957425132394,3.659757239744067,0.07951171399242636,0.041808848017974506,0.05630395753452411,69.0,63.0,65.0,0.0,0.0,0.0,6.293714664876461,0.04916964581934735,0.04916964581934735,34.55154037475586,-0.04714305326342583,0.20368534326553345
51,20.70016028918326,0.109375,3.4687368840677664,3.7647358868271112,16.935424402356148,0.050271549044460385,0.05975771248931923,0.2605449908054792,69.0,63.0,65.0,0.0,0.109375,0.9393939393939394,20.70016028918326,0.1617200022592442,0.1617200022592442,2275.80908203125,0.0003887245838996023,0.029148517176508904
52,6.7376229972578585,0.0,0.8924256616737694,1.0893155843950808,5.648307412862778,0.012933705241648831,0.01729072356182668,0.08689703712096582,69.0,63.0,65.0,0.0,0.0,0.09090909090909091,6.7376229972578585,0.05263767966607702,0.05263767966607702,2300.00927734375,0.006057367194443941,0.02563929185271263
53,4.251544286962599,0.015625,1.2212427745107561,0.5687198447994888,3.68282444216311,0.01769917064508342,0.00902729912380141,0.05665883757174015,69.0,63.0,65.0,0.0,0.015625,0.6363636363636364,4.251544286962599,0.0332151897418953,0.0332151897418953,4343.52099609375,-0.00015469030768144876,0.00973659846931696
54,0.6888079040800221,0.0,0.479035064810887,0.01653488678857684,0.6722730172914453,0.006942537171172275,0.00026245852045360065,0.010342661804483774,69.0,63.0,65.0,0.0,0.0,0.0,0.6888079040800221,0.005381311750625173,0.005381311750625173,3894.7451171875,0.012935641221702099,0.035140588879585266
55,27.15425931289792,0.40625,3.0494395196437836,7.331260461360216,19.822998851537704,0.04419477564701135,0.11636921367238438,0.30496921310058006,69.0,63.0,65.0,0.0,0.40625,1.0,27.15425931289792,0.212142650882015,0.212142650882015,2206.697265625,-0.006420603021979332,0.027860334143042564
56,0.048217091243714094,0.0,0.11703447968466207,0.0,0.048217091243714094,0.0016961518794878561,0.0,0.0007418014037494476,69.0,63.0,65.0,0.0,0.0,0.0,0.048217091243714094,0.00037669602534151636,0.00037669602534151636,2330.65576171875,0.004915945697575808,0.025786355137825012
57,2.0381885264796438,0.0,1.1700025331228971,0.2845992432703497,1.753589283209294,0.01695655845105648,0.004517448305878567,0.026978296664758372,69.0,63.0,65.0,0.0,0.0,0.0,2.0381885264796438,0.015923347863122217,0.015923347863122217,2242.193115234375,0.016869088634848595,0.038351643830537796
58,9.824549667078827,0.125,1.7695113231893629,2.1490879538541776,7.675461713224649,0.025645091640425548,0.03411250720403457,0.1180840263573023,69.0,63.0,65.0,0.0,0.125,0.7272727272727273,9.824549667078827,0.07675429427405334,0.07675429427405334,2719.015380859375,0.004433182068169117,0.018995188176631927
59,3.832978553051362,0.0,3.291257625212893,0.8681273073889315,2.9648512456624303,0.04769938587265062,0.01377979852998304,0.045613096087114315,69.0,63.0,65.0,0.0,0.0,0.0,3.832978553051362,0.029945144945713764,0.029945144945713764,1245.565673828125,-0.014891468919813633,0.09157992899417877
60,24.245585903525352,0.375,3.298985081608407,6.659418523311615,17.586167380213737,0.04781137799432474,0.10570505592558119,0.2705564212340575,69.0,63.0,65.0,0.0,0.375,1.0,24.245585903525352,0.18941863987129182,0.18941863987129182,2924.410400390625,0.0035150113981217146,0.025742271915078163
61,3.103787911910331,0.0,0.6967397393018473,0.27255025212070905,2.831237659789622,0.010097677381186193,0.004326194478106493,0.043557502458301874,69.0,63.0,65.0,0.0,0.0,0.10606060606060606,3.103787911910331,0.02424834306179946,0.02424834306179946,4028.5625,-0.002360827522352338,0.013403313234448433
62,17.815792045323178,0.328125,2.3204216440208256,3.6839284661691636,14.131863579154015,0.03362929918870762,0.05847505501855815,0.21741328583313868,69.0,63.0,65.0,0.0,0.328125,0.9848484848484849,17.815792045323178,0.13918587535408733,0.13918587535408733,2182.31689453125,-0.0046653361059725285,0.0232619009912014
63,40.075195640325546,1.0,3.933409894409124,15.574810445308685,24.50038519501686,0.057005940498682954,0.24721921341759817,0.3769290030002594,69.0,63.0,65.0,0.2714285714285714,1.0,1.0,40.075195640325546,0.31308746594004333,0.31308746594004333,4344.17822265625,0.0023598819971084595,0.015077022835612297
64,7.05405321586295,0.0,2.1479033541399986,1.7080307524593081,5.346022463403642,0.031129034117970994,0.027111599245385844,0.0822464994369791,69.0,63.0,65.0,0.0,0.0,0.0,7.05405321586295,0.0551097907489293,0.0551097907489293,492.609130859375,-0.010701990686357021,0.0533745177090168
65,3.9561658658785746,0.0,1.8040487372782081,0.7627200666465797,3.193445799231995,0.02614563387359722,0.012106667724548884,0.04912993537279992,69.0,63.0,65.0,0.0,0.0,0.0,3.9561658658785746,0.030907545827176364,0.030907545827176364,546.1170043945312,0.014243398793041706,0.07806921750307083
66,5.22111368260812,0.0,3.011303816922009,0.531915568630211,4.689198113977909,0.04364208430321752,0.008443104263971605,0.07214150944581399,69.0,63.0,65.0,0.014285714285714285,0.0,0.030303030303030304,5.22111368260812,0.04078995064537594,0.04078995064537594,3053.9482421875,0.0018244754755869508,0.022514401003718376
67,4.119412878309959,0.0,1.8707157855387777,1.1601184390165145,2.959294439293444,0.027111822978822864,0.01841457839708753,0.04552760675836068,69.0,63.0,65.0,0.0,0.0,0.030303030303030304,4.119412878309959,0.03218291311179655,0.03218291311179655,3061.76611328125,-0.001656311098486185,0.020132873207330704
68,0.28379693382885307,0.0,0.008318190462887287,0.0,0.28379693382885307,0.00012055348496938097,0.0,0.004366106674290047,69.0,63.0,65.0,0.0,0.0,0.0,0.28379693382885307,0.0022171635455379146,0.0022171635455379146,4370.24609375,-0.0028060274198651314,0.021943356841802597
69,0.03352690255269408,0.0,0.24264258902985603,0.01702300226315856,0.016503900289535522,0.0035165592613022613,0.00027020638512950093,0.0002539061583005465,69.0,63.0,65.0,0.0,0.0,0.0,0.03352690255269408,0.0002619289261929225,0.0002619289261929225,6863.759765625,0.0044832611456513405,0.019677098840475082
70,0.0,0.0,0.0,0.0,0.0,0.0,0.0,0.0,69.0,63.0,65.0,0.0,0.0,0.0,0.0,0.0,0.0,3955.845703125,0.0012487828498706222,0.021685205399990082
71,4.302655852457974,0.0,1.2066591278999113,0.7330497382790782,3.569606114178896,0.0174878134478248,0.01163571013141394,0.05491701714121378,69.0,63.0,65.0,0.0,0.0,0.0,4.302655852457974,0.03361449884732792,0.03361449884732792,1721.651123046875,-0.004001723136752844,0.02635427936911583
72,4.903314317285549,0.0,1.9501783106243238,0.890771257400047,4.012543059885502,0.02826345377716411,0.014139226307937255,0.06173143169054618,69.0,63.0,65.0,0.0,0.0,0.015151515151515152,4.903314317285549,0.03830714310379335,0.03830714310379335,2688.067626953125,-0.002531303558498621,0.02267439290881157
73,28.617605946958065,0.46875,5.923599623143673,8.435940735042095,20.18166521191597,0.08584926990063294,0.13390382119114436,0.3104871571063995,69.0,63.0,65.0,0.014285714285714285,0.46875,1.0,28.617605946958065,0.22357504646060988,0.22357504646060988,2495.61279296875,0.007003156002610922,0.025220820680260658
74,41.38189163804054,1.0,9.3862538151443,16.52653631567955,24.855355322360992,0.13603266398759856,0.26232597326475476,0.3823900818824768,69.0,63.0,65.0,0.7428571428571429,1.0,1.0,41.38189163804054,0.32329602842219174,0.32329602842219174,3733.002685546875,-0.004013098310679197,0.02055218257009983
75,24.586657628417015,0.90625,6.882456520572305,9.956096455454826,14.630561172962189,0.09974574667496094,0.15803327707071152,0.2250855565071106,69.0,63.0,65.0,0.44285714285714284,0.90625,1.0,24.586657628417015,0.19208326272200793,0.19208326272200793,3252.30078125,-0.0018991135293617845,0.02156667411327362
76,0.0,0.0,0.02220572147052735,0.0,0.0,0.00032182205029749787,0.0,0.0,69.0,63.0,65.0,0.0,0.0,0.0,0.0,0.0,0.0,5518.443359375,0.0008178504649549723,0.016608234494924545
77,6.097932760789263,0.0,0.24694337754044682,4.288153650122695e-05,6.097889879252762,0.003578889529571693,6.806593095432849e-07,0.09381369045004248,69.0,63.0,65.0,0.0,0.0,0.45454545454545453,6.097932760789263,0.047640099693666116,0.047640099693666116,3216.75634765625,0.0017950127366930246,0.01867671124637127
78,20.0701309973374,0.21875,3.028108148369938,3.7281078482046723,16.34202314913273,0.04388562533869476,0.05917631505086782,0.25141574075588813,69.0,63.0,65.0,0.014285714285714285,0.21875,1.0,20.0701309973374,0.15679789841669844,0.15679789841669844,4130.14892578125,0.005991645622998476,0.022975407540798187
79,8.707319816341624,0.0,4.042255711276084,1.3677944184746593,7.339525397866964,0.058583416105450495,0.021711022515470784,0.11291577535179945,69.0,63.0,65.0,0.0,0.0,0.0,8.707319816341624,0.06802593606516893,0.06802593606516893,1253.3170166015625,0.01335885189473629,0.0679902583360672
80,0.0004192960332147777,0.0,0.02610638423357159,0.0,0.0004192960332147777,0.0003783533946894433,0.0,6.450708203304272e-06,69.0,63.0,65.0,0.0,0.0,0.0,0.0004192960332147777,3.275750259490451e-06,3.275750259490451e-06,6004.29736328125,0.0008229438681155443,0.013171001337468624
81,4.926206958363764,0.0,0.38571728533133864,0.2670445692492649,4.659162389114499,0.0055901055845121546,0.0042388026864962685,0.0716794213709923,69.0,63.0,65.0,0.0,0.0,0.07575757575757576,4.926206958363764,0.038485991862216906,0.038485991862216906,4204.224609375,-0.0001626700977794826,0.020975593477487564
82,36.0750048160553,1.0,5.930532110854983,14.358412653207779,21.71659216284752,0.08594974073702874,0.22791131195567904,0.33410141788996184,69.0,63.0,65.0,0.21428571428571427,1.0,1.0,36.0750048160553,0.281835975125432,0.281835975125432,3110.41455078125,-0.005461026448756456,0.025054479017853737
83,27.75296451151371,0.78125,7.276574054732919,11.912645518779755,15.840318992733955,0.10545759499612925,0.18908961140920247,0.2436972152728301,69.0,63.0,65.0,0.014285714285714285,0.78125,1.0,27.75296451151371,0.21682003524620086,0.21682003524620086,4667.947265625,0.010483328253030777,0.030985282734036446
84,0.021766694000689313,0.0,0.5869370382279158,0.0055792187340557575,0.016187475266633555,0.008506333887361097,8.855902752469456e-05,0.00024903808102513163,69.0,63.0,65.0,0.0,0.0,0.0,0.021766694000689313,0.00017005229688038526,0.00017005229688038526,4251.09228515625,0.0026871964801102877,0.016796506941318512
85,0.18534498300869018,0.0,0.944031308448757,0.012635164312087,0.17270981869660318,0.013681613165924015,0.00020055816368392062,0.002657074133793895,69.0,63.0,65.0,0.0,0.0,0.0,0.18534498300869018,0.001448007679755392,0.001448007679755392,2847.2783203125,-0.0019502451177686453,0.0341302789747715
86,29.54606369510293,0.53125,4.1102374457987025,8.312523920089006,21.233539775013924,0.05956865863476381,0.13194482412839692,0.3266698426925219,69.0,63.0,65.0,0.04285714285714286,0.53125,1.0,29.54606369510293,0.23082862261799164,0.23082862261799164,3580.536376953125,-0.0011004238622263074,0.024908537045121193
87,29.178943015635014,0.75,5.505533689982258,10.167127005755901,19.011816009879112,0.0797903433330762,0.16138296834533178,0.2924894770750633,69.0,63.0,65.0,0.4857142857142857,0.75,1.0,29.178943015635014,0.22796049230964854,0.22796049230964854,5058.50439453125,-0.003978315275162458,0.020276933908462524
88,45.899871081113815,0.6875,8.690237451461144,14.624445259571075,31.27542582154274,0.12594547031103107,0.2321340517392234,0.4811603972545037,69.0,63.0,65.0,0.4857142857142857,0.6875,1.0,45.899871081113815,0.3585927428212017,0.3585927428212017,1181.995849609375,0.002947889268398285,0.03148098662495613
89,12.956573238479905,0.0,1.701522099901922,1.6344012374756858,11.322172001004219,0.024659740578288725,0.025942876785328344,0.17418726155391107,69.0,63.0,65.0,0.0,0.0,0.7272727272727273,12.956573238479905,0.10122322842562426,0.10122322842562426,2107.9189453125,0.0034696098882704973,0.02858700416982174
90,4.805611604824662,0.03125,2.6941310088150203,2.308595446869731,2.4970161579549313,0.03904537693934812,0.03664437217253541,0.03841563319930663,69.0,63.0,65.0,0.04285714285714286,0.03125,0.030303030303030304,4.805611604824662,0.037543840662692674,0.037543840662692674,3145.86572265625,0.0009510306408628821,0.01270556915551424
91,10.268089877674356,0.0,1.8006308615440503,1.2881778492592275,8.979912028415129,0.026096099442667397,0.020447267448559167,0.13815249274484814,69.0,63.0,65.0,0.0,0.0,0.015151515151515152,10.268089877674356,0.08021945216933091,0.08021945216933091,1416.5982666015625,-0.007390869315713644,0.07915955781936646
92,9.43090855772607,0.0,0.0,0.544569825520739,8.886338732205331,0.0,0.008643965484456175,0.13671290357238972,69.0,63.0,65.0,0.0,0.0,0.7121212121212122,9.43090855772607,0.07367897310723492,0.07367897310723492,6927.8759765625,-0.004286614712327719,0.016225559636950493
93,2.4550404655747116,0.0,0.5904533680877648,0.1809005734976381,2.2741398920770735,0.00855729518967775,0.0028714376745656842,0.034986767570416515,69.0,63.0,65.0,0.0,0.0,0.0,2.4550404655747116,0.019180003637302434,0.019180003637302434,4837.77490234375,0.0027981940656900406,0.026118431240320206
94,4.605418543331325,0.03125,3.550028751604259,2.0621733078733087,2.5432452354580164,0.05144969205223564,0.03273290964878268,0.03912684977627717,69.0,63.0,65.0,0.44285714285714284,0.03125,0.10606060606060606,4.605418543331325,0.03597983236977598,0.03597983236977598,5186.40185546875,0.002254509599879384,0.010323449969291687
95,0.0,0.0,0.0,0.0,0.0,0.0,0.0,0.0,69.0,63.0,65.0,0.0,0.0,0.0,0.0,0.0,0.0,5151.9072265625,-0.008610176853835583,0.02283307909965515
96,0.0,0.0,0.010203782003372908,0.0,0.0,0.00014788089859960735,0.0,0.0,69.0,63.0,65.0,0.0,0.0,0.0,0.0,0.0,0.0,7698.87255859375,-0.0014039293164387345,0.021327128633856773
97,1.7331747993594036,0.0,0.6260926418908639,0.0,1.7331747993594036,0.009073806404215418,0.0,0.02666422768245236,69.0,63.0,65.0,0.0,0.0,0.0,1.7331747993594036,0.01354042811999534,0.01354042811999534,5580.05029296875,0.006170181091874838,0.026115454733371735
98,17.126424148795195,0.03125,3.858166553080082,3.547989219543524,13.57843492925167,0.05591545729101568,0.05631728919910356,0.20889899891156416,69.0,63.0,65.0,0.0,0.03125,0.9090909090909091,17.126424148795195,0.13380018866246246,0.13380018866246246,5059.25732421875,0.008944503031671047,0.029616381973028183
99,13.609625034965575,0.0,5.322657245211303,4.178893939591944,9.43073109537363,0.07713996007552613,0.06633164983479277,0.14508817069805585,69.0,63.0,65.0,0.0,0.0,0.06060606060606061,13.609625034965575,0.10632519558566855,0.10632519558566855,2222.330078125,0.005034532863646746,0.04539119079709053
100,0.0211018773552496,0.0,0.3096306989900768,0.0,0.0211018773552496,0.004487401434638794,0.0,0.00032464426700383995,69.0,63.0,65.0,0.0,0.0,0.0,0.0211018773552496,0.0001648584168378875,0.0001648584168378875,4564.3525390625,4.828613600693643e-05,0.01267621573060751
101,42.3561085164547,1.0,7.657831883057952,16.156132459640503,26.199976056814194,0.11098307076895582,0.2564465469784207,0.40307655472021836,69.0,63.0,65.0,0.5857142857142857,1.0,1.0,42.3561085164547,0.3309070977848023,0.3309070977848023,1819.398681640625,0.0031097610481083393,0.01697574555873871
102,12.442831754684448,0.65625,3.9453104369458742,6.223542228341103,6.219289526343346,0.05717841212965035,0.0987863845768429,0.09568137732835916,69.0,63.0,65.0,0.04285714285714286,0.65625,0.6363636363636364,12.442831754684448,0.09720962308347225,0.09720962308347225,3949.59912109375,0.003453728510066867,0.017159026116132736
103,3.843994998373091,0.0,2.2887481175130233,0.7109186062589288,3.1330763921141624,0.033170262572652515,0.011284422321570299,0.04820117526329481,69.0,63.0,65.0,0.0,0.0,0.0,3.843994998373091,0.030031210924789775,0.030031210924789775,2704.10986328125,0.008296927437186241,0.03586214780807495
104,0.029226822894997895,0.0,0.15817519970005378,0.0,0.029226822894997895,0.002292394198551504,0.0,0.0004496434291538138,69.0,63.0,65.0,0.0,0.0,0.0,0.029226822894997895,0.00022833455386717105,0.00022833455386717105,5001.5927734375,0.005846965592354536,0.020505279302597046
105,9.820717375725508,0.203125,3.592759281178587,3.518752124160528,6.3019652515649796,0.05206897508954474,0.05585320832000838,0.09695331156253814,69.0,63.0,65.0,0.08571428571428572,0.203125,0.8484848484848485,9.820717375725508,0.07672435449785553,0.07672435449785553,6057.69775390625,-0.0008690119720995426,0.01704391837120056
106,1.6264581619761884,0.0,0.04514899698551744,0.04205330600962043,1.584404855966568,0.0006543332896451803,0.0006675127938034988,0.024375459322562583,69.0,63.0,65.0,0.0,0.0,0.045454545454545456,1.6264581619761884,0.012706704390438972,0.012706704390438972,6297.18359375,0.0027326636482030153,0.013758980669081211
107,29.891735091805458,0.984375,4.102784194052219,11.852357625961304,18.039377465844154,0.05946064049351043,0.18813266072954452,0.27752888408991006,69.0,63.0,65.0,0.2,0.984375,1.0,29.891735091805458,0.23352918040473014,0.23352918040473014,3585.109375,-0.000876374077051878,0.01946401037275791
108,28.417609721422195,0.21875,6.737434547394514,10.946806877851486,17.47080284357071,0.09764397894774658,0.17375883933097597,0.2687815822087801,69.0,63.0,65.0,0.04285714285714286,0.21875,0.7272727272727273,28.417609721422195,0.2220125759486109,0.2220125759486109,811.63525390625,0.0024251125287264585,0.04672270268201828
109,44.555359959602356,1.0,10.258032547309995,21.11318787932396,23.442172080278397,0.14866713836681153,0.3351299663384755,0.3606488012350523,69.0,63.0,65.0,0.7428571428571429,1.0,1.0,44.555359959602356,0.3480887496843934,0.3480887496843934,3162.1318359375,-0.0020803792867809534,0.01781860925257206
110,1.2770089037076104,0.0,1.2115845359512605,1.1969056632369757,0.08010324047063477,0.017559196173206674,0.018998502591063105,0.0012323575457020735,69.0,63.0,65.0,0.0,0.0,0.0,1.2770089037076104,0.009976632060215707,0.009976632060215707,3158.968017578125,-0.003535269061103463,0.014635738916695118
111,13.971391149214469,0.0,2.405867382651195,2.442709431401454,11.528681717813015,0.034867643226828914,0.038773165577800854,0.17736433412020022,69.0,63.0,65.0,0.0,0.0,0.8787878787878788,13.971391149214469,0.10915149335323804,0.10915149335323804,3742.31591796875,0.0032862122170627117,0.02615414746105671
112,0.0,0.0,0.10789252398535609,0.0,0.0,0.0015636597679037116,0.0,0.0,69.0,63.0,65.0,0.0,0.0,0.0,0.0,0.0,0.0,5156.0732421875,0.002961793914437294,0.018635772168636322
113,0.03336332587787183,0.0,0.14999744603710496,0.0,0.03336332587787183,0.0021738760295232605,0.0,0.0005132819365826436,69.0,63.0,65.0,0.0,0.0,0.0,0.03336332587787183,0.00026065098342087367,0.00026065098342087367,5838.13330078125,-0.0020513844210654497,0.015022270381450653
114,0.21296335745137185,0.0,0.24036662733124103,0.020171215990558267,0.19279214146081358,0.003483574309148421,0.000320178031596163,0.002966032945550978,69.0,63.0,65.0,0.0,0.0,0.0,0.21296335745137185,0.0016637762300888426,0.0016637762300888426,1691.36767578125,-0.020668840035796165,0.04158754646778107
115,0.0,0.0,0.052619987371144816,0.0,0.0,0.0007626085126252872,0.0,0.0,69.0,63.0,65.0,0.0,0.0,0.0,0.0,0.0,0.0,7537.6279296875,-0.002842809772118926,0.010636255145072937
116,47.994012013077736,0.890625,4.623673478257842,15.939090356230736,32.054921656847,0.06700976055446148,0.25300143422588467,0.4931526408745692,69.0,63.0,65.0,0.07142857142857142,0.890625,1.0,47.994012013077736,0.3749532188521698,0.3749532188521698,2269.8583984375,0.00729341572150588,0.02536960504949093
117,24.53871699422598,0.34375,3.2310082109179348,8.712884955108166,15.825832039117813,0.046826205955332385,0.13829976119219312,0.24347433906335098,69.0,63.0,65.0,0.0,0.34375,1.0,24.53871699422598,0.19170872651739046,0.19170872651739046,2739.797119140625,0.007145299576222897,0.0308961383998394
118,0.7033721040934324,0.0,0.33877059115911834,0.1168600944802165,0.5865120096132159,0.00490971871245099,0.0018549221346066112,0.009023261686357168,69.0,63.0,65.0,0.0,0.0,0.0,0.7033721040934324,0.005495094563229941,0.005495094563229941,1679.4034423828125,-0.005515506025403738,0.04242446646094322
119,6.717582592042163,0.03125,1.1658597422065213,1.4930248011369258,5.224557790905237,0.016896518002993063,0.02369880636725279,0.08037781216777289,69.0,63.0,65.0,0.0,0.03125,0.42424242424242425,6.717582592042163,0.0524811140003294,0.0524811140003294,3787.21142578125,-0.000816880667116493,0.01662609726190567
120,0.0,0.0,0.0,0.0,0.0,0.0,0.0,0.0,69.0,63.0,65.0,0.0,0.0,0.0,0.0,0.0,0.0,5778.97802734375,0.0033111784141510725,0.016724737361073494
121,20.241486594080925,0.84375,7.7834870629012585,8.824210673570633,11.417275920510292,0.1128041603319023,0.14006683608842274,0.1756503987770814,69.0,63.0,65.0,0.6285714285714286,0.84375,1.0,20.241486594080925,0.15813661401625723,0.15813661401625723,4011.142578125,0.00027766215498559177,0.02009028010070324
122,0.32352674654976,0.0,0.6600797218343359,0.1227847184491111,0.2007420281006489,0.009566372780207767,0.0019489637849065254,0.003088338893856137,69.0,63.0,65.0,0.0,0.0,0.0,0.32352674654976,0.00252755270742,0.00252755270742,5487.6162109375,0.0006468379287980497,0.00897141732275486
123,3.9104795107850805,0.015625,1.479095345363021,2.2934384336695075,1.617041077115573,0.02143616442555103,0.03640378466142075,0.024877555032547276,69.0,63.0,65.0,0.0,0.015625,0.0,3.9104795107850805,0.03055062117800844,0.03055062117800844,3833.84228515625,-0.0035461336374282837,0.016457688063383102
124,5.599133979645558,0.0,0.7287170128547587,0.4139073343249038,5.185226645320654,0.010561116128329835,0.006569957687696885,0.07977271762031775,69.0,63.0,65.0,0.0,0.0,0.5606060606060606,5.599133979645558,0.04374323421598092,0.04374323421598092,4947.03662109375,-0.0003853628586512059,0.014937705360352993
125,22.71693006157875,0.546875,5.371944863349199,7.639118283987045,15.077811777591705,0.07785427338187245,0.12125584577757215,0.23196633503987238,69.0,63.0,65.0,0.2714285714285714,0.546875,1.0,22.71693006157875,0.177476016106084,0.177476016106084,3396.9697265625,0.0020528906024992466,0.020934097468852997
126,4.598539538797922,0.0,1.747509976150468,1.043681372073479,3.5548581667244434,0.02532623153841258,0.016566370985293316,0.054690125641914514,69.0,63.0,65.0,0.02857142857142857,0.0,0.10606060606060606,4.598539538797922,0.03592609014685877,0.03592609014685877,4192.26806640625,-0.00775704113766551,0.016588956117630005
127,22.786488354206085,1.0,3.9217421235516667,11.342215552926064,11.444272801280022,0.056836842370314014,0.1800351675067629,0.17606573540430803,69.0,63.0,65.0,0.15714285714285714,1.0,1.0,22.786488354206085,0.17801944026723504,0.17801944026723504,5412.33837890625,-0.0034454420674592257,0.020305678248405457
128,0.6686090055300156,0.0,0.3991815118934028,0.21922860138874967,0.4493804041412659,0.005785239302802939,0.003479819069662693,0.006913544679096399,69.0,63.0,65.0,0.0,0.0,0.0,0.6686090055300156,0.005223507855703247,0.005223507855703247,5684.7744140625,-0.0010704819578677416,0.01321667991578579
129,30.573274552822113,0.953125,8.309398094192147,12.569333851337433,18.00394070148468,0.12042605933611808,0.1995132357355148,0.27698370309976433,69.0,63.0,65.0,0.45714285714285713,0.953125,1.0,30.573274552822113,0.23885370744392276,0.23885370744392276,2180.632568359375,0.003480534302070737,0.025220517069101334
130,0.006777060683816671,0.0,0.09327316959388554,0.0,0.006777060683816671,0.0013517850665780513,0.0,0.00010426247205871801,69.0,63.0,65.0,0.0,0.0,0.0,0.006777060683816671,5.2945786592317745e-05,5.2945786592317745e-05,5441.7978515625,-0.0012877043336629868,0.008825493045151234
131,8.807411514921114,0.0625,1.7026710098143667,1.3857899277936667,7.421621587127447,0.024676391446585025,0.021996665520534392,0.11417879364811458,69.0,63.0,65.0,0.0,0.0625,0.9393939393939394,8.807411514921114,0.0688079024603212,0.0688079024603212,3353.184326171875,-0.00015340007666964084,0.011482576839625835
132,0.0007568508153781295,0.0,0.21324454050773056,0.0,0.0007568508153781295,0.003090500587068559,0.0,1.1643858698125069e-05,69.0,63.0,65.0,0.0,0.0,0.0,0.0007568508153781295,5.912896995141637e-06,5.912896995141637e-06,6990.830078125,0.0012418245896697044,0.015918860211968422
133,2.5127674834802747,0.0,1.955302679212764,1.2140897237695754,1.2986777597106993,0.028337719988590783,0.019271265456659928,0.019979657841703066,69.0,63.0,65.0,0.0,0.0,0.0,2.5127674834802747,0.019630995964689646,0.019630995964689646,5256.7275390625,0.0032286029309034348,0.019862141460180283
134,6.70330658250532,0.390625,1.3161932791117579,1.280657146806334,5.422649435698986,0.01907526491466316,0.02032789121914816,0.08342537593383055,69.0,63.0,65.0,0.42857142857142855,0.390625,1.0,6.70330658250532,0.05236958267582281,0.05236958267582281,6588.7705078125,-0.0008453238406218588,0.005003265105187893
135,19.95994221419096,0.953125,3.9232595157809556,8.67652728408575,11.28341493010521,0.05685883356204283,0.13772265530294842,0.17359099892469554,69.0,63.0,65.0,0.38571428571428573,0.953125,1.0,19.95994221419096,0.15593704854836687,0.15593704854836687,3724.201416015625,-0.006380690727382898,0.016063885763287544
136,0.0,0.0,0.04410182371066185,0.0,0.0,0.0006391568653719108,0.0,0.0,69.0,63.0,65.0,0.0,0.0,0.0,0.0,0.0,0.0,7369.25439453125,0.001344375777989626,0.013577683828771114
137,0.4379258839180693,0.0,1.0639632258098572,0.23053440474905074,0.20739147916901857,0.015419756895795033,0.003659276265857948,0.003190638141061824,69.0,63.0,65.0,0.0,0.0,0.0,0.4379258839180693,0.0034212959681099164,0.0034212959681099164,2307.823486328125,0.005027469713240862,0.02646789513528347
138,0.1466144835576415,0.0,0.015524581132922322,0.0,0.1466144835576415,0.00022499392946264234,0.0,0.002255607439348331,69.0,63.0,65.0,0.0,0.0,0.0,0.1466144835576415,0.0011454256527940743,0.0011454256527940743,4593.9462890625,-0.0004874814476352185,0.014132280834019184
139,2.3537670326186344,0.0,1.655520758125931,2.0201363109517843,0.33363072166685015,0.023993054465593203,0.0320656557293934,0.005132780333336156,69.0,63.0,65.0,0.0,0.0,0.0,2.3537670326186344,0.01838880494233308,0.01838880494233308,2633.45556640625,0.0049848188646137714,0.022704269737005234
140,18.663346488028765,0.671875,5.872399629093707,7.6879050321877,10.975441455841064,0.08510724100135807,0.12203023860615397,0.1688529454744779,69.0,63.0,65.0,0.2714285714285714,0.671875,1.0,18.663346488028765,0.14580739443772472,0.14580739443772472,2455.79150390625,-0.006242999341338873,0.02283831313252449
141,16.056747615337372,1.0,3.3817475382238626,7.8200229704380035,8.236724644899368,0.04901083388730236,0.12412734873711116,0.1267188406907595,69.0,63.0,65.0,0.014285714285714285,1.0,0.9545454545454546,16.056747615337372,0.12544334074482322,0.12544334074482322,2757.05419921875,-0.0028702490963041782,0.018046582117676735
142,3.0059912092983723,0.0,1.1878704058763105,0.0,3.0059912092983723,0.017215513128642182,0.0,0.04624601860459034,69.0,63.0,65.0,0.0,0.0,0.2878787878787879,3.0059912092983723,0.023484306322643533,0.023484306322643533,6751.31884765625,0.0006916406564414501,0.011558868922293186
143,32.03940466046333,1.0,5.197015665471554,11.138189479708672,20.90121518075466,0.07531906761552977,0.17679665840807415,0.3215571566269948,69.0,63.0,65.0,0.45714285714285713,1.0,1.0,32.03940466046333,0.2503078489098698,0.2503078489098698,2848.48876953125,-0.0009161687921732664,0.016770100221037865
144,7.942530769854784,0.015625,1.0601209248416126,1.7598883621394634,6.182642407715321,0.015364071374516125,0.02793473590697561,0.09511757550331262,69.0,63.0,65.0,0.0,0.015625,0.07575757575757576,7.942530769854784,0.0620510216394905,0.0620510216394905,2042.236572265625,-0.007070490624755621,0.029794039204716682
145,36.23596781492233,0.96875,6.0665358932456,15.921616032719612,20.31435178220272,0.08792081004703768,0.2527240640114224,0.31252848895696494,69.0,63.0,65.0,0.24285714285714285,0.96875,1.0,36.23596781492233,0.2830934985540807,0.2830934985540807,3603.95849609375,0.0030486336909234524,0.029474632814526558
146,0.20305308408569545,0.0,0.3192631553974934,0.20305308408569545,0.0,0.004627002252137585,0.0032230648267570707,0.0,69.0,63.0,65.0,0.0,0.0,0.0,0.20305308408569545,0.0015863522194194957,0.0015863522194194957,3083.177490234375,-0.00255682528950274,0.016907498240470886
147,49.261732801795006,0.8125,10.340832211077213,15.186272606253624,34.07546019554138,0.14986713349387265,0.24105194613100991,0.5242378491621751,69.0,63.0,65.0,0.18571428571428572,0.8125,1.0,49.261732801795006,0.3848572875140235,0.3848572875140235,2530.635498046875,0.005344260483980179,0.037288181483745575
148,0.0,0.0,0.023777756228810176,0.0,0.0,0.0003446051627363794,0.0,0.0,69.0,63.0,65.0,0.0,0.0,0.0,0.0,0.0,0.0,7905.1630859375,-0.0028705515433102846,0.011452010832726955
149,22.340442083775997,0.9375,4.5403600335121155,9.571681804955006,12.768760278820992,0.06580231932626254,0.15193145722150803,0.19644246582801525,69.0,63.0,65.0,0.02857142857142857,0.9375,1.0,22.340442083775997,0.17453470377949998,0.17453470377949998,1765.62548828125,-0.006321332883089781,0.025929342955350876
150,13.124537765979767,0.453125,3.319196444004774,4.41667827963829,8.707859486341476,0.04810429628992426,0.07010600443870302,0.1339670690206381,69.0,63.0,65.0,0.02857142857142857,0.453125,1.0,13.124537765979767,0.10253545129671693,0.10253545129671693,6701.26953125,-0.002059289952740073,0.014414701610803604
151,25.34020772576332,1.0,4.762014230713248,11.839496180415154,13.500711545348167,0.06901469899584418,0.18792851080024053,0.20770325454381797,69.0,63.0,65.0,0.014285714285714285,1.0,1.0,25.34020772576332,0.19797037285752594,0.19797037285752594,1874.539306640625,0.0009737145155668259,0.027645904570817947
152,7.145019143121317,0.0,0.10748957669818537,0.280973031418398,6.864046111702919,0.001557819952147614,0.004459889387593619,0.10560070941081413,69.0,63.0,65.0,0.0,0.0,0.9242424242424242,7.145019143121317,0.05582046205563529,0.05582046205563529,5928.3955078125,-0.00031249431776814163,0.009553112089633942
153,23.98791454732418,1.0,4.136254886165261,12.089712381362915,11.898202165961266,0.059945722987902336,0.19190019652957008,0.18304926409171177,69.0,63.0,65.0,0.05714285714285714,1.0,1.0,23.98791454732418,0.18740558240097016,0.18740558240097016,2397.639892578125,0.003907790407538414,0.022440386936068535
154,2.912805928615853,0.0,3.9783890061080456,1.3730316532310098,1.5397742753848433,0.057657811682725296,0.021794153225889044,0.02368883500592067,69.0,63.0,65.0,0.0,0.0,0.0,2.912805928615853,0.022756296317311353,0.022756296317311353,4486.62353515625,-0.0012447452172636986,0.021886184811592102
155,0.05883514671586454,0.0,0.7097412370658276,0.030030065099708736,0.028805081616155803,0.010286104885011993,0.0004766676999953768,0.00044315510178701234,69.0,63.0,65.0,0.0,0.0,0.0,0.05883514671586454,0.0004596495837176917,0.0004596495837176917,3759.017578125,0.003921857103705406,0.02012304775416851
156,0.8452043841825798,0.0,0.7282430992927402,0.7468814022140577,0.09832298196852207,0.010554247815836814,0.011855260352604091,0.0015126612610541856,69.0,63.0,65.0,0.0,0.0,0.0,0.8452043841825798,0.006603159251426405,0.006603159251426405,3767.3701171875,-0.002228998113423586,0.02002733387053013
157,27.702068649232388,0.34375,6.8788123447448015,9.196686424314976,18.505382224917412,0.09969293253253335,0.1459791495923012,0.2846981880756525,69.0,63.0,65.0,0.04285714285714286,0.34375,1.0,27.702068649232388,0.21642241132212803,0.21642241132212803,1438.1363525390625,-0.007205462548881769,0.03198448196053505
158,69.92266246676445,1.0,14.00015814974904,32.38511773943901,37.53754472732544,0.2029008427499861,0.5140494879276033,0.5775006881126991,69.0,63.0,65.0,0.7142857142857143,1.0,1.0,69.92266246676445,0.5462708005215973,0.5462708005215973,4026.77880859375,0.005557233467698097,0.026358742266893387
159,42.292921006679535,1.0,10.709983546286821,18.652429550886154,23.64049145579338,0.15521715284473653,0.29607031033152625,0.3636998685506674,69.0,63.0,65.0,0.6285714285714286,1.0,1.0,42.292921006679535,0.33041344536468387,0.33041344536468387,2745.058837890625,0.0017371556023135781,0.027922090142965317
160,5.54470920865424,0.0,1.821636199078057,1.1923913073260337,4.352317901328206,0.026400524624319667,0.01892684614803228,0.06695873694351086,69.0,63.0,65.0,0.0,0.0,0.15151515151515152,5.54470920865424,0.04331804069261125,0.04331804069261125,4032.53271484375,0.00036552519304677844,0.018896004185080528
161,54.13619440793991,1.0,15.251408159732819,21.271704524755478,32.86448988318443,0.22103490086569302,0.33764610356754726,0.5056075366643759,69.0,63.0,65.0,1.0,1.0,1.0,54.13619440793991,0.42293901881203055,0.42293901881203055,3931.29150390625,-0.0003989621181972325,0.030922532081604004
162,46.49372600018978,1.0,10.999396122992039,16.483306989073753,30.010419011116028,0.15941153801437738,0.26163979347736116,0.46169875401716964,69.0,63.0,65.0,0.34285714285714286,1.0,1.0,46.49372600018978,0.36323223437648267,0.36323223437648267,2461.947509765625,-0.00010211491462541744,0.03505805879831314
163,31.34813667833805,1.0,6.1601065173745155,10.825408220291138,20.522728458046913,0.08927690604890602,0.17183187651255774,0.3157342839699525,69.0,63.0,65.0,0.4,1.0,1.0,31.34813667833805,0.24490731779951602,0.24490731779951602,2025.73486328125,0.004116592463105917,0.01924990862607956
164,37.3174437507987,0.734375,3.217665084230248,10.814261130988598,26.503182619810104,0.046632827307684754,0.1716549385871206,0.4077412710740016,69.0,63.0,65.0,0.0,0.734375,1.0,37.3174437507987,0.29154252930311486,0.29154252930311486,4241.61083984375,0.0014613731764256954,0.02257511392235756
165,27.798424288630486,1.0,5.204038507305086,12.020024061203003,15.778400227427483,0.07542084793195776,0.19079403271750797,0.24274461888349974,69.0,63.0,65.0,0.34285714285714286,1.0,1.0,27.798424288630486,0.21717518975492567,0.21717518975492567,4712.71435546875,-0.0018390603363513947,0.017363177612423897
166,2.400259937829105,0.0,2.7509116865694523,2.124626549775712,0.275633388053393,0.03986828531260076,0.03372423094882083,0.004240513662359892,69.0,63.0,65.0,0.0,0.0,0.0,2.400259937829105,0.018752030764289884,0.018752030764289884,3721.880859375,-0.0031985838431864977,0.020842967554926872
167,2.365489444229752,0.0,1.5143261560588144,1.5841738716699183,0.7813155725598335,0.02194675588491035,0.025145617010633625,0.012020239577843593,69.0,63.0,65.0,0.0,0.0,0.0,2.365489444229752,0.018480386283044936,0.018480386283044936,2701.51806640625,0.00195685145445168,0.04225396364927292
168,33.054083824157715,1.0,9.006775297224522,15.679667711257935,17.37441611289978,0.1305329753220945,0.24888361446441165,0.2672987094292274,69.0,63.0,65.0,0.7714285714285715,1.0,1.0,33.054083824157715,0.25823502987623215,0.25823502987623215,3248.921875,-0.0024530692026019096,0.016091587021946907
169,20.876139245927334,0.953125,7.055588241666555,12.318122297525406,8.558016948401928,0.10225490205313849,0.19552575075437154,0.1316617992061835,69.0,63.0,65.0,0.21428571428571427,0.953125,0.4090909090909091,20.876139245927334,0.1630948378588073,0.1630948378588073,4233.73583984375,-0.0074654920026659966,0.0282632764428854
170,9.234617040725425,0.0,2.1303217192180455,5.359473924152553,3.875143116572872,0.030874227814754282,0.08507101466908815,0.059617586408813414,69.0,63.0,65.0,0.0,0.0,0.0,9.234617040725425,0.07214544563066738,0.07214544563066738,1515.934814453125,-0.0020436891354620457,0.03550223633646965
171,15.236668702214956,0.640625,4.0876221135258675,5.864552769809961,9.372115932404995,0.05924090019602706,0.09308813920333273,0.14418639896007684,69.0,63.0,65.0,0.07142857142857142,0.640625,1.0,15.236668702214956,0.11903647423605435,0.11903647423605435,1749.122314453125,0.004444526974111795,0.01691235415637493
172,0.01825576537521556,0.0,0.059985209911246784,0.0,0.01825576537521556,0.0008693508682789389,0.0,0.0002808579288494702,69.0,63.0,65.0,0.0,0.0,0.0,0.01825576537521556,0.00014262316699387156,0.00014262316699387156,6129.35107421875,-0.0010653854114934802,0.012892595492303371
173,0.2726474746596068,0.0,0.19279283564537764,0.09636356448754668,0.17628391017206013,0.0027940990673243136,0.0015295803886912172,0.002712060156493233,69.0,63.0,65.0,0.0,0.0,0.0,0.2726474746596068,0.0021300583957781782,0.0021300583957781782,2933.701171875,0.0025496564339846373,0.024136802181601524
174,1.7941579183680005,0.0,1.122050603167736,1.4626101129106246,0.33154780545737594,0.01626160294445994,0.023216033538263882,0.005100735468575014,69.0,63.0,65.0,0.0,0.0,0.0,1.7941579183680005,0.014016858737250004,0.014016858737250004,1565.0662841796875,-0.0026653839740902185,0.026323627680540085
175,15.962275985628366,0.03125,2.6846759222680703,6.6533145643770695,9.308961421251297,0.03890834669953725,0.1056081676885249,0.1432147910961738,69.0,63.0,65.0,0.0,0.03125,0.19696969696969696,15.962275985628366,0.12470528113772161,0.12470528113772161,1428.3814697265625,0.019714998081326485,0.035997532308101654
176,4.294690017835819,0.0,1.9980438612401485,3.7024342250078917,0.5922557928279275,0.028957157409277515,0.058768797222347485,0.009111627581968115,69.0,63.0,65.0,0.0,0.0,0.0,4.294690017835819,0.03355226576434234,0.03355226576434234,4880.208984375,-0.0004426358500495553,0.02115337923169136
177,14.776309870183468,0.875,4.9317381009459496,8.988542333245277,5.7877675369381905,0.07147446523110072,0.1426752751308774,0.08904257749135677,69.0,63.0,65.0,0.17142857142857143,0.875,0.13636363636363635,14.776309870183468,0.11543992086080834,0.11543992086080834,3279.196533203125,-0.0013587723951786757,0.0218597874045372
178,34.32350604236126,1.0,8.756976436823606,16.24371987581253,18.07978616654873,0.12691270198295082,0.2578368234255957,0.278150556408442,69.0,63.0,65.0,0.6714285714285714,1.0,1.0,34.32350604236126,0.26815239095594734,0.26815239095594734,2645.368408203125,-0.0045913951471447945,0.02106384001672268
179,2.713073359336704,0.140625,1.7966649923473597,2.6813498572446406,0.03172350209206343,0.026038623077497967,0.042561108845153024,0.0004880538783394373,69.0,63.0,65.0,0.0,0.140625,0.0,2.713073359336704,0.021195885619818,0.021195885619818,7268.623046875,-0.0017471812898293138,0.01754198968410492
180,0.5563379517916474,0.0,0.9921485409140587,0.4401226836562273,0.11621526813542005,0.014378964361073315,0.00698607434374964,0.0017879272020833853,69.0,63.0,65.0,0.0,0.0,0.0,0.5563379517916474,0.004346390248372245,0.004346390248372245,3004.1611328125,-0.004180484917014837,0.02273511327803135
181,0.9169432393391617,0.0,0.7370408091228455,0.47800026927143335,0.4389429700677283,0.010681750856852834,0.007587305861451323,0.006752968770272743,69.0,63.0,65.0,0.0,0.0,0.0,0.9169432393391617,0.0071636190573372005,0.0071636190573372005,642.0699462890625,-0.013954785652458668,0.044743020087480545
182,6.338211061607581,0.3125,3.035699374973774,5.41697371378541,0.9212373478221707,0.04399564311556194,0.08598370974262555,0.014172882274187242,69.0,63.0,65.0,0.014285714285714285,0.3125,0.0,6.338211061607581,0.049517273918809224,0.049517273918809224,4807.30078125,-0.00035037630004808307,0.022842684760689735
183,1.7853466315136757,0.0,0.6085988885133702,1.5747211536508985,0.2106254778627772,0.008820273746570583,0.02499557386747458,0.003240391967119649,69.0,63.0,65.0,0.0,0.0,0.0,1.7853466315136757,0.013948020558700591,0.013948020558700591,10941.25390625,-0.0020591148640960455,0.01648150011897087
184,0.0,0.0,0.03292972594499588,0.0,0.0,0.0004772424049999403,0.0,0.0,69.0,63.0,65.0,0.0,0.0,0.0,0.0,0.0,0.0,2918.05712890625,0.002010816242545843,0.04129299521446228
185,16.469615273177624,0.96875,7.428115796297789,10.02072548866272,6.448889784514904,0.10765385212025781,0.1590591347406781,0.09921368899253699,69.0,63.0,65.0,0.42857142857142855,0.96875,0.16666666666666666,16.469615273177624,0.12866886932170019,0.12866886932170019,2571.693115234375,-0.002387744840234518,0.023117290809750557
186,5.411434421315789,0.0,1.0706676833797246,3.481622314080596,1.9298121072351933,0.015516922947532241,0.05526384625524756,0.02968941703438759,69.0,63.0,65.0,0.0,0.0,0.0,5.411434421315789,0.0422768314165296,0.0422768314165296,6292.02880859375,-0.01906251162290573,0.09228423982858658
187,0.2650413778028451,0.0,1.158347450281326,0.2650413778028451,0.0,0.01678764420697574,0.004207005996870557,0.0,69.0,63.0,65.0,0.0,0.0,0.0,0.2650413778028451,0.0020706357640847273,0.0020706357640847273,1855.6297607421875,0.005527800414711237,0.05950998514890671
188,0.0,0.0,0.00048380260705016553,0.0,0.0,7.011631986234283e-06,0.0,0.0,69.0,63.0,65.0,0.0,0.0,0.0,0.0,0.0,0.0,10593.1630859375,-0.03792906180024147,0.1734391301870346
189,0.8054542102618143,0.0,0.589875491335988,0.785319613525644,0.02013459673617035,0.008548920164289682,0.012465390690883238,0.0003097630267103131,69.0,63.0,65.0,0.0,0.0,0.0,0.8054542102618143,0.006292611017670424,0.006292611017670424,4162.16259765625,-0.0030017553362995386,0.020202266052365303
190,0.2300324491225183,0.0,0.40370081800210755,0.011537753976881504,0.2184946951456368,0.005850736492784167,0.00018313895201399212,0.003361456848394412,69.0,63.0,65.0,0.0,0.0,0.0,0.2300324491225183,0.0017971285087696742,0.0017971285087696742,726.2164306640625,-0.0052963970229029655,0.058337315917015076
191,23.97221103310585,0.0,5.986450105905533,12.753249049186707,11.218961983919144,0.08676014646239903,0.20243252459026517,0.1725994151372176,69.0,63.0,65.0,0.0,0.0,0.0,23.97221103310585,0.18728289869613945,0.18728289869613945,1757.2017822265625,-0.045059870928525925,0.21243806183338165
192,22.253277152776718,0.0,10.710422955453396,10.29521757364273,11.958059579133987,0.15522352109352747,0.16341615196258302,0.1839701473712921,69.0,63.0,65.0,0.0,0.0,0.0,22.253277152776718,0.1738537277560681,0.1738537277560681,1360.4483642578125,-0.05020568519830704,0.22470644116401672
193,0.0,0.0,0.036201964889187366,0.0,0.0,0.0005246661578143096,0.0,0.0,69.0,63.0,65.0,0.0,0.0,0.0,0.0,0.0,0.0,6652.484375,-0.05065836384892464,0.22160735726356506
194,12.030479859560728,0.0,3.969791179522872,8.153561182320118,3.87691867724061,0.057533205500331475,0.1294216060685733,0.059644902726778616,69.0,63.0,65.0,0.0,0.0,0.0,12.030479859560728,0.09398812390281819,0.09398812390281819,5401.9169921875,-0.050050921738147736,0.2240206003189087
195,4.755742403678596,0.0,1.6750331444200128,4.655466886702925,0.10027551697567105,0.02427584267275381,0.07389629978893532,0.00154270026116417,69.0,63.0,65.0,0.0,0.0,0.0,4.755742403678596,0.03715423752873903,0.03715423752873903,5175.177734375,-0.05225057527422905,0.22893096506595612
196,0.7648840632755309,0.0,1.358698736061342,0.3450896379072219,0.419794425368309,0.019691286029874522,0.005477613300114634,0.006458375774897062,69.0,63.0,65.0,0.0,0.0,0.0,0.7648840632755309,0.005975656744340085,0.005975656744340085,1658.27294921875,-0.000596641271840781,0.03580129146575928
197,42.52814467251301,1.0,7.638120248913765,19.20613606274128,23.32200860977173,0.1106973949117937,0.30485930258319494,0.3588001324580266,69.0,63.0,65.0,0.3,1.0,1.0,42.52814467251301,0.3322511302540079,0.3322511302540079,1323.459228515625,0.0028744821902364492,0.025533976033329964
198,61.35827970504761,1.0,7.90721925534308,21.48869889974594,39.869580805301666,0.11459738051221854,0.34109045872612603,0.6133781662354103,69.0,63.0,65.0,0.34285714285714286,1.0,1.0,61.35827970504761,0.47936156019568443,0.47936156019568443,2402.8134765625,0.004854550119489431,0.026728643104434013
199,8.06190983694978,0.0,3.5261983424425125,3.473966469988227,4.587943366961554,0.05110432380351467,0.055142324920448044,0.07058374410710083,69.0,63.0,65.0,0.0,0.0,0.0,8.06190983694978,0.06298367060117016,0.06298367060117016,2089.708984375,0.02280527539551258,0.08480386435985565
200,4.662506600318011,0.484375,1.8143425061134622,4.360730636399239,0.3017759639187716,0.026294818929180612,0.06921794660951174,0.004642707137211871,69.0,63.0,65.0,0.014285714285714285,0.484375,0.0,4.662506600318011,0.03642583281498446,0.03642583281498446,2850.681640625,0.0008841107483021915,0.015424453653395176
201,35.820473060011864,1.0,7.642446473240852,17.26603725552559,18.554435804486275,0.11076009381508482,0.2740640834210411,0.2854528585305581,69.0,63.0,65.0,0.4142857142857143,1.0,1.0,35.820473060011864,0.2798474457813427,0.2798474457813427,4284.8203125,-0.002116163494065404,0.019937364384531975
202,27.728719495236874,0.96875,8.508344106376171,16.29865427315235,11.430065222084522,0.12330933487501697,0.2587087979865453,0.1758471572628388,69.0,63.0,65.0,0.15714285714285714,0.96875,0.4090909090909091,27.728719495236874,0.21663062105653808,0.21663062105653808,3382.58203125,0.005751811433583498,0.03148183226585388
203,0.03307446092367172,0.0,0.093498397822259,0.03307446092367172,0.0,0.001355049243800855,0.0005249914432328845,0.0,69.0,63.0,65.0,0.0,0.0,0.0,0.03307446092367172,0.00025839422596618533,0.00025839422596618533,5913.34130859375,0.0031117151957005262,0.011936431750655174
204,5.292952710287864,0.0,2.184669649139096,2.723254523696596,2.5696981865912676,0.031661878973030376,0.043226262280898355,0.03953381825525027,69.0,63.0,65.0,0.0,0.0,0.0,5.292952710287864,0.041351193049123935,0.041351193049123935,2040.05078125,0.010141519829630852,0.04114309698343277
205,0.5976691505638883,0.0,0.32657289633061737,0.5898094875738025,0.00785966299008578,0.004732940526530687,0.009362055358314325,0.00012091789215516586,69.0,63.0,65.0,0.0,0.0,0.0,0.5976691505638883,0.004669290238780377,0.004669290238780377,7711.5712890625,-0.0001372172118863091,0.013206631876528263
206,1.0170047911815345,0.0,0.7516734194941819,0.9691090057604015,0.04789578542113304,0.010893817673828722,0.015382682631117485,0.0007368582372482006,69.0,63.0,65.0,0.0,0.0,0.0,1.0170047911815345,0.007945349931105739,0.007945349931105739,947.109375,0.0009848624467849731,0.03628997132182121
207,15.231218525208533,0.015625,3.3382046087644994,6.2015307219699025,9.02968780323863,0.048379776938615934,0.09843699558682385,0.13891827389597894,69.0,63.0,65.0,0.0,0.015625,0.09090909090909091,15.231218525208533,0.11899389472819166,0.11899389472819166,966.4852905273438,0.0008387070265598595,0.04595988988876343
208,3.389700999832712,0.0,1.6278117609908804,2.630081700743176,0.7596192990895361,0.02359147479696928,0.04174732858322502,0.011686450755223631,69.0,63.0,65.0,0.0,0.0,0.0,3.389700999832712,0.026482039061193063,0.026482039061193063,2468.47119140625,-0.00023696778225712478,0.049839697778224945
209,8.829448096919805,0.046875,1.9815439091762528,6.238619601354003,2.590828495565802,0.028718027669221054,0.09902570795800004,0.039858899931781565,69.0,63.0,65.0,0.0,0.046875,0.0,8.829448096919805,0.06898006325718598,0.06898006325718598,1537.99169921875,0.00917342770844698,0.03385007008910179
210,0.7675870207531261,0.015625,0.5527772849891335,0.7675870207531261,0.0,0.008011264999842515,0.012183920964335335,0.0,69.0,63.0,65.0,0.0,0.015625,0.0,0.7675870207531261,0.005996773599633798,0.005996773599633798,4591.13037109375,0.002246527699753642,0.010537044145166874
211,3.8333203908987343,0.375,1.1315887002274394,3.488397224806249,0.3449231660924852,0.016399836235180282,0.05537138452073411,0.005306510247576696,69.0,63.0,65.0,0.0,0.375,0.045454545454545456,3.8333203908987343,0.029947815553896362,0.029947815553896362,5221.4365234375,-0.0007639790419489145,0.016664991155266762
212,2.2383042918108913,0.21875,0.803771240869537,2.224503807682595,0.013800484128296375,0.011648858563326623,0.035309584248930076,0.00021231514043532884,69.0,63.0,65.0,0.0,0.21875,0.0,2.2383042918108913,0.01748675227977259,0.01748675227977259,6134.154296875,-0.0012713513569906354,0.012938447296619415
213,17.770659344736487,0.0,3.4517440327508666,7.870088326279074,9.900571018457413,0.05002527583696908,0.12492203692506466,0.15231647720703712,69.0,63.0,65.0,0.0,0.0,0.0,17.770659344736487,0.1388332761307538,0.1388332761307538,1252.44970703125,0.001970006385818124,0.0917370393872261
214,3.760567239485681,0.515625,1.604797950363718,3.619794745114632,0.1407724943710491,0.023257941309619102,0.057457059446263996,0.002165730682631525,69.0,63.0,65.0,0.014285714285714285,0.515625,0.0,3.760567239485681,0.029379431558481883,0.029379431558481883,6702.3349609375,0.0037344349548220634,0.012398737482726574
215,11.937497310340405,0.0,3.7742425743490458,6.1552340388298035,5.782263271510601,0.05469916774418907,0.09770212760047307,0.08895789648477848,69.0,63.0,65.0,0.0,0.0,0.0,11.937497310340405,0.09326169773703441,0.09326169773703441,1232.7764892578125,6.0236910940147936e-05,0.04200942441821098
216,1.7923371334327385,0.0,2.156670843716711,1.4531957565341145,0.339141376898624,0.031256099184300154,0.02306659931006531,0.005217559644594216,69.0,63.0,65.0,0.0,0.0,0.0,1.7923371334327385,0.01400263385494327,0.01400263385494327,1081.677001953125,0.005954002030193806,0.05499430373311043
217,4.733080616162624,0.3125,2.1559956641867757,4.539455757942051,0.19362485822057351,0.031246313973721386,0.07205485330066747,0.002978843972624208,69.0,63.0,65.0,0.0,0.3125,0.0,4.733080616162624,0.0369771923137705,0.0369771923137705,3277.563720703125,0.005008967127650976,0.018310237675905228
218,7.406055532046594,0.515625,1.8481425667414442,5.756751107051969,1.6493044249946252,0.026784674880310784,0.0913770016992376,0.02537391423068654,69.0,63.0,65.0,0.014285714285714285,0.515625,0.0,7.406055532046594,0.057859808844114013,0.057859808844114013,7685.4609375,-1.1393432941986248e-05,0.019226541742682457
219,20.74660510569811,0.65625,4.760875822976232,12.978747837245464,7.767857268452644,0.06899820033298887,0.2060118704324677,0.11950549643773299,69.0,63.0,65.0,0.014285714285714285,0.65625,0.045454545454545456,20.74660510569811,0.16208285238826647,0.16208285238826647,1433.6392822265625,-0.0014753867872059345,0.033740632236003876
220,27.109095565974712,1.0,1.3531465978303459,7.0933805629611015,20.01571500301361,0.01961082025841081,0.11259334226922384,0.30793407696944014,69.0,63.0,65.0,0.0,1.0,1.0,27.109095565974712,0.21178980910917744,0.21178980910917744,6266.8291015625,0.0007055220194160938,0.01449800468981266
221,20.675293557345867,1.0,6.5705959387123585,12.632819563150406,8.042473994195461,0.09522602809728056,0.20052094544683183,0.12373036914146864,69.0,63.0,65.0,0.6285714285714286,1.0,1.0,20.675293557345867,0.1615257309167646,0.1615257309167646,4280.9072265625,-0.0006437432020902634,0.016661981120705605
222,6.672374829649925,0.0,0.9408578043221496,3.5140254255384207,3.1583494041115046,0.013635620352494921,0.05577818135775271,0.048589990832484685,69.0,63.0,65.0,0.0,0.0,0.0,6.672374829649925,0.05212792835664004,0.05212792835664004,5757.6279296875,-0.005299365147948265,0.0216818954795599
223,5.9915943797677755,0.484375,1.8661409299820662,5.832745653577149,0.15884872619062662,0.02704552072437777,0.09258326434249443,0.002443826556778871,69.0,63.0,65.0,0.0,0.484375,0.0,5.9915943797677755,0.046809331091935746,0.046809331091935746,2873.4052734375,-0.00040102345519699156,0.021233903244137764
224,8.724838859052397,0.46875,2.3478197574149817,7.514502000063658,1.2103368589887396,0.0340263732958693,0.11927780952481996,0.018620567061365223,69.0,63.0,65.0,0.0,0.46875,0.0,8.724838859052397,0.06816280358634685,0.06816280358634685,2458.638671875,0.0009551577968522906,0.025786615908145905
225,6.273215563502163,0.671875,1.6910284121404402,4.563009677454829,1.7102058860473335,0.024507658146962902,0.07242872503896554,0.02631085978534359,69.0,63.0,65.0,0.014285714285714285,0.671875,0.0,6.273215563502163,0.049009496589860646,0.049009496589860646,8644.638671875,-2.630882772791665e-05,0.0124152060598135
226,24.65068721026182,0.484375,7.715734414756298,11.586204938590527,13.064482271671295,0.11182223789501881,0.18390801489826233,0.20099203494878914,69.0,63.0,65.0,0.02857142857142857,0.484375,0.5151515151515151,24.65068721026182,0.19258349383017048,0.19258349383017048,1861.7921142578125,0.009693941101431847,0.03648868203163147
227,50.34974756836891,0.984375,7.846033029258251,21.752700597047806,28.597046971321106,0.11371062361243842,0.3452809618579017,0.43995456878955547,69.0,63.0,65.0,0.7428571428571429,0.984375,1.0,50.34974756836891,0.3933574028778821,0.3933574028778821,2040.11669921875,0.0013763970928266644,0.014211679808795452
228,10.095920846099034,0.109375,3.185345699544996,8.653039711061865,1.4428811350371689,0.046164430428188345,0.13734983668352166,0.022198171308264136,69.0,63.0,65.0,0.0,0.109375,0.0,10.095920846099034,0.0788743816101487,0.0788743816101487,647.7469482421875,0.005967062432318926,0.04976041242480278
229,12.534533902187832,0.0,2.9569007502286695,6.756558610126376,5.7779752920614555,0.04285363406128506,0.10724696206549804,0.08889192757017624,69.0,63.0,65.0,0.0,0.0,0.0,12.534533902187832,0.09792604611084244,0.09792604611084244,2598.4892578125,0.0018349377205595374,0.0577658973634243
230,3.02040759351803,0.109375,1.408562930766493,3.008843630726915,0.011563962791115046,0.02041395551835497,0.04775942270995103,0.0001779071198633084,69.0,63.0,65.0,0.0,0.109375,0.0,3.02040759351803,0.02359693432435961,0.02359693432435961,8671.2001953125,-0.002264315029606223,0.01929192990064621
231,13.830528616905212,0.984375,2.6899045137688518,8.153328027576208,5.677200589329004,0.03898412338795437,0.12941790519962235,0.08734154752813852,69.0,63.0,65.0,0.17142857142857143,0.984375,0.803030303030303,13.830528616905212,0.10805100481957197,0.10805100481957197,4548.7822265625,0.002521750284358859,0.013447243720293045
232,20.83465464413166,0.53125,5.888835079967976,11.449907526373863,9.384747117757797,0.08534543594156487,0.18174456391069624,0.1443807248885815,69.0,63.0,65.0,0.014285714285714285,0.53125,0.10606060606060606,20.83465464413166,0.1627707394072786,0.1627707394072786,2482.6455078125,-0.001629841630347073,0.037912968546152115
233,5.542395020835102,0.0,1.8666372716543265,2.3243251238018274,3.218069897033274,0.02705271408194676,0.03689404958415599,0.04950876764666576,69.0,63.0,65.0,0.0,0.0,0.0,5.542395020835102,0.04329996110027423,0.04329996110027423,2360.2900390625,0.01709321327507496,0.07377895712852478
234,19.32523851841688,0.9375,2.507701805792749,7.164411969482899,12.160826548933983,0.03634350443177897,0.11372082491242697,0.18708963921436897,69.0,63.0,65.0,0.0,0.9375,1.0,19.32523851841688,0.1509784259251319,0.1509784259251319,4678.28857421875,0.0013893099967390299,0.015708986669778824
235,3.804182640975341,0.0,3.6446411020006053,2.94432275777217,0.8598598832031712,0.052820885536240654,0.04673528186939952,0.013228613587741096,69.0,63.0,65.0,0.0,0.0,0.0,3.804182640975341,0.029720176882619853,0.029720176882619853,3784.3984375,-0.0028551071882247925,0.046088121831417084
236,7.640612738206983,0.515625,2.361490693874657,7.02299889177084,0.6176138464361429,0.03422450280977764,0.11147617288525143,0.009501751483632968,69.0,63.0,65.0,0.014285714285714285,0.515625,0.0,7.640612738206983,0.05969228701724205,0.05969228701724205,4057.809326171875,0.006676903460174799,0.021509695798158646
237,36.03960654139519,0.984375,13.36717887967825,21.610173776745796,14.429432764649391,0.1937272301402645,0.3430186313769174,0.22199127330229831,69.0,63.0,65.0,0.7428571428571429,0.984375,1.0,36.03960654139519,0.2815594261046499,0.2815594261046499,2287.342529296875,-0.004875493701547384,0.029607759788632393
238,4.068118575029075,0.2698412698412698,1.230493863869924,3.962901539634913,0.10521703539416194,0.017833244403911944,0.06391776676830505,0.0016187236214486452,69.0,62.0,65.0,0.0,0.2698412698412698,0.0,4.068118575029075,0.032032429724638385,0.032032429724638385,6315.2548828125,0.002520244801416993,0.016628026962280273
239,15.81865436770022,0.0,9.570258274674416,9.7517542373389,6.066900130361319,0.13869939528513645,0.15728635866675647,0.09333692508248183,69.0,62.0,65.0,0.0,0.0,0.0,15.81865436770022,0.12455633360393874,0.12455633360393874,1066.9677734375,0.017159922048449516,0.059673577547073364
240,14.213251837994903,0.031746031746031744,2.6025763293728232,8.37612097337842,5.8371308646164834,0.03771849752714237,0.1350987253770713,0.08980201330179205,69.0,62.0,65.0,0.0,0.031746031746031744,0.0,14.213251837994903,0.11191536880310947,0.11191536880310947,667.4627685546875,-0.014063828624784946,0.057751238346099854
241,26.1329847574234,1.0,5.924554513767362,13.896297469735146,12.236687287688255,0.08586310889517916,0.2241338301570185,0.18825672750289624,69.0,62.0,65.0,0.07142857142857142,1.0,0.8787878787878788,26.1329847574234,0.2057715335230189,0.2057715335230189,2889.19482421875,0.004642213229089975,0.031080016866326332
242,23.83674044907093,0.8095238095238095,5.673928497359157,14.33425934612751,9.50248110294342,0.08223084778781387,0.2311977313891534,0.14619201696836032,69.0,62.0,65.0,0.014285714285714285,0.8095238095238095,0.22727272727272727,23.83674044907093,0.18769086967772386,0.18769086967772386,2656.728271484375,-0.006410595029592514,0.03555472195148468
243,21.736162818968296,0.9047619047619048,2.6752942965831608,12.16817855834961,9.567984260618687,0.03877238110990088,0.19626094448950984,0.1471997578556721,69.0,62.0,65.0,0.0,0.9047619047619048,0.6363636363636364,21.736162818968296,0.17115088833833303,0.17115088833833303,3374.935546875,-0.0037334412336349487,0.02687087655067444
244,20.794980347156525,0.6666666666666666,5.50466813147068,13.258501201868057,7.536479145288467,0.07977779900682146,0.21384679357851705,0.11594583300443796,69.0,62.0,65.0,0.014285714285714285,0.6666666666666666,0.015151515151515152,20.794980347156525,0.16374000273351594,0.16374000273351594,2410.164794921875,0.004119515419006348,0.03689014911651611
245,1.4911226010881364,0.015873015873015872,0.5428804965340532,1.4911226010881364,0.0,0.007867833283102222,0.02405036453367962,0.0,69.0,62.0,65.0,0.0,0.015873015873015872,0.0,1.4911226010881364,0.011741122843213672,0.011741122843213672,5072.7373046875,0.005004834849387407,0.019604811444878578
246,13.572215547785163,0.14285714285714285,5.431371773593128,7.585422154515982,5.986793393269181,0.07871553295062504,0.12234551862122552,0.09210451374260278,69.0,62.0,65.0,0.0,0.14285714285714285,0.015151515151515152,13.572215547785163,0.1068678389589383,0.1068678389589383,1454.444091796875,0.005794765893369913,0.03376590833067894
247,22.222548112273216,0.890625,8.689428009092808,13.658258900046349,8.564289212226868,0.1259337392622146,0.216797760318196,0.13175829557272103,69.0,63.0,65.0,0.2,0.890625,0.13636363636363635,22.222548112273216,0.1736136571271345,0.1736136571271345,2798.68896484375,-0.007227572146803141,0.03322526067495346
248,35.48848347365856,1.0,6.915073487907648,17.150562345981598,18.337921127676964,0.10021845634648766,0.27662197332228383,0.2821218635027225,69.0,62.0,65.0,0.18571428571428572,1.0,1.0,35.48848347365856,0.279436877745343,0.279436877745343,1263.6307373046875,0.005330259446054697,0.026900161057710648
249,6.919842049013823,0.515625,1.7020911591826007,5.452289056032896,1.4675529929809272,0.02466798781424059,0.08654427073068088,0.022577738353552725,69.0,63.0,65.0,0.02857142857142857,0.515625,0.030303030303030304,6.919842049013823,0.054061266007920494,0.054061266007920494,6324.4375,0.0006701349630020559,0.017263779416680336
250,20.037689819931984,0.9365079365079365,2.027560956659727,8.750975675880909,11.286714144051075,0.029384941400865606,0.14114476896582112,0.17364175606232424,69.0,62.0,65.0,0.04285714285714286,0.9365079365079365,0.9696969696969697,20.037689819931984,0.15777708519631484,0.15777708519631484,2763.015869140625,0.0030277601908892393,0.020178314298391342
251,4.194871295243502,0.015873015873015872,2.9075174177996814,3.5169346212642267,0.6779366739792749,0.042137933591299734,0.056724751955874626,0.010429794984296538,69.0,62.0,65.0,0.0,0.015873015873015872,0.0,4.194871295243502,0.03303048263971261,0.03303048263971261,1387.0206298828125,0.0021854981314390898,0.0491802878677845
252,2.316625038278289,0.0,0.6803213932435028,2.316625038278289,0.0,0.009718877046335755,0.036771826004417286,0.0,70.0,63.0,65.0,0.0,0.0,0.0,2.316625038278289,0.018098633111549134,0.018098633111549134,4725.9775390625,0.006634280551224947,0.02299097180366516
253,11.051390942186117,0.046875,1.2320243833892164,5.837547171860933,5.213843770325184,0.01785542584622053,0.09265947891842752,0.0802129810819259,69.0,63.0,65.0,0.0,0.046875,0.0,11.051390942186117,0.08633899173582904,0.08633899173582904,1848.909423828125,0.0013898072065785527,0.02854572795331478
254,18.84077126532793,0.9375,4.389421813189983,11.848687395453453,6.992083869874477,0.06270602590271405,0.18807440310243576,0.10757052107499196,70.0,63.0,65.0,0.08450704225352113,0.9375,0.3939393939393939,18.84077126532793,0.14719352551037446,0.14719352551037446,2716.46435546875,0.001368227880448103,0.021637290716171265
255,32.19800592958927,0.984375,8.75285517424345,16.658688828349113,15.539317101240158,0.12685297353976016,0.26442363219601767,0.23906641694215627,69.0,63.0,65.0,0.7142857142857143,0.984375,1.0,32.19800592958927,0.2515469213249162,0.2515469213249162,2532.2509765625,-0.009754533879458904,0.022362690418958664
256,29.32057550549507,0.984375,7.937775008380413,18.394498020410538,10.926077485084534,0.1133967858340059,0.29197615905413554,0.16809349977053128,70.0,63.0,65.0,0.15492957746478872,0.984375,0.5,29.32057550549507,0.22906699613668025,0.22906699613668025,2228.4501953125,0.008142085745930672,0.03197479248046875
257,29.187797218561172,0.984375,8.301822755485773,16.345681250095367,12.842115968465805,0.11859746793551104,0.2594552579380217,0.19757101489947393,70.0,63.0,65.0,0.15492957746478872,0.984375,0.8939393939393939,29.187797218561172,0.22802966577000916,0.22802966577000916,2994.611083984375,-0.0003636454639490694,0.0327705517411232
258,7.532704947981983,0.515625,2.556870008353144,7.212491165380925,0.3202137826010585,0.0370560870775818,0.11448398675207817,0.004926365886170131,69.0,63.0,65.0,0.0,0.515625,0.0,7.532704947981983,0.058849257406109245,0.058849257406109245,3270.4580078125,0.0007538103964179754,0.022224899381399155
259,9.18034188816091,0.546875,3.0976613226812333,8.159837193787098,1.0205046943738125,0.0442523046097319,0.1295212252982079,0.01546219233899716,70.0,63.0,66.0,0.0,0.546875,0.0,9.18034188816091,0.07116544099349544,0.07116544099349544,2618.1591796875,0.00677685858681798,0.023289421573281288
260,23.49803237617016,0.984375,7.647283233702183,13.713760957121849,9.78427141904831,0.11083019179278526,0.21767874535114046,0.15052725260074323,69.0,63.0,65.0,0.4857142857142857,0.984375,1.0,23.49803237617016,0.18357837793882936,0.18357837793882936,4522.3154296875,-0.006432121619582176,0.021428562700748444
261,4.754753749672091,0.265625,2.036977809970267,4.545604989863932,0.2091487598081585,0.029099682999575244,0.07215246015657036,0.0031689206031539166,70.0,63.0,66.0,0.0,0.265625,0.0,4.754753749672091,0.036858556199008456,0.036858556199008456,3081.48388671875,0.005962671246379614,0.0208725705742836
262,16.125148138031363,0.890625,4.337659588083625,11.605327874422073,4.51982026360929,0.061966565544051784,0.18421155356225513,0.06848212520620137,70.0,63.0,66.0,0.18309859154929578,0.890625,0.11940298507462686,16.125148138031363,0.12500114835683226,0.12500114835683226,2559.567626953125,0.003998176194727421,0.018574977293610573
263,21.31871359050274,0.5625,9.73994044214487,15.375206239521503,5.9435073509812355,0.1391420063163553,0.2440508926908175,0.09143857463048055,70.0,63.0,65.0,0.056338028169014086,0.5625,0.0,21.31871359050274,0.16655244992580265,0.16655244992580265,3095.3876953125,-0.003127399366348982,0.04617490991950035
264,87.57109090685844,1.0,12.415364652872086,41.83072957396507,45.74036133289337,0.17736235218388693,0.6639798345073821,0.703697866659898,70.0,63.0,65.0,0.5915492957746479,1.0,1.0,87.57109090685844,0.6841491477098316,0.6841491477098316,1931.800048828125,0.003400391200557351,0.026913519948720932
265,12.439309153705835,0.5,2.9956047845771536,9.666917454451323,2.772391699254513,0.04279435406538791,0.15344313419764005,0.042652179988530964,70.0,63.0,65.0,0.0,0.5,0.045454545454545456,12.439309153705835,0.09718210276332684,0.09718210276332684,2102.46337890625,0.0048441290855407715,0.03123869188129902
266,1.884804772445932,0.0,0.37974763847887516,1.884804772445932,0.0,0.005424966263983931,0.02991753607057035,0.0,70.0,63.0,65.0,0.0,0.0,0.0,1.884804772445932,0.014725037284733844,0.014725037284733844,4306.0771484375,0.004283044021576643,0.03302658349275589
267,25.27488600462675,1.0,8.314300835132599,15.248751193284988,10.026134811341763,0.11877572621617999,0.24204366973468236,0.15424822786679634,70.0,63.0,65.0,0.352112676056338,1.0,0.803030303030303,25.27488600462675,0.1974600469111465,0.1974600469111465,3463.89697265625,-0.00466156005859375,0.027106059715151787
268,5.2393137398175895,0.328125,1.5037784182932228,4.948688687756658,0.2906250520609319,0.021482548832760327,0.07855061409137552,0.0044711546470912605,70.0,63.0,65.0,0.0,0.328125,0.0,5.2393137398175895,0.04093213859232492,0.04093213859232492,2994.103515625,1.330026952928165e-05,0.021442076191306114
269,5.808190749026835,0.0,1.398646937974263,5.657906754408032,0.15028399461880326,0.019980670542489472,0.08980804372076241,0.0023120614556738964,70.0,63.0,65.0,0.0,0.0,0.0,5.808190749026835,0.04537649022677215,0.04537649022677215,2352.591796875,0.0083033861592412,0.037028681486845016
270,8.531623850460164,0.109375,2.714402697281912,7.572120241820812,0.959503608639352,0.0387771813897416,0.12019238479080654,0.014761593979066954,70.0,63.0,65.0,0.0,0.109375,0.0,8.531623850460164,0.06665331133172003,0.06665331133172003,2109.52392578125,0.004635490942746401,0.0386405885219574
271,45.37269212305546,1.0,9.681646689772606,22.757852405309677,22.61483971774578,0.13830923842532294,0.361235752465233,0.3426490866325118,70.0,63.0,66.0,0.2676056338028169,1.0,0.9850746268656716,45.37269212305546,0.3517262955275617,0.3517262955275617,1444.9061279296875,-0.007338297087699175,0.03694455325603485
272,11.640342086553574,0.0625,5.513326287269592,8.57331208884716,3.0670299977064133,0.07876180410385132,0.13608431887058986,0.04718507688779097,70.0,63.0,65.0,0.0,0.0625,0.0,11.640342086553574,0.0909401725511998,0.0909401725511998,1019.525146484375,0.0043139029294252396,0.04718939960002899
273,25.583897687494755,0.890625,2.4420702264178544,13.803527735173702,11.780369952321053,0.034886717520255066,0.21910361484402702,0.17849045382304626,70.0,63.0,66.0,0.04225352112676056,0.890625,0.6865671641791045,25.583897687494755,0.19832478827515312,0.19832478827515312,2445.63134765625,0.0027558915317058563,0.026982206851243973
274,9.995792663568864,0.359375,5.223161472007632,8.833618771284819,1.162173892284045,0.07461659245725188,0.1402161709727749,0.017608695337637044,70.0,63.0,66.0,0.0,0.359375,0.0,9.995792663568864,0.07748676483386716,0.07748676483386716,3535.8076171875,0.002134551526978612,0.03576699644327164
275,26.477334707975388,0.015625,9.872950713150203,16.80153039842844,9.675804309546947,0.1410421530450029,0.2666909587052133,0.1488585278391838,70.0,63.0,65.0,0.0,0.015625,0.0,26.477334707975388,0.20685417740605772,0.20685417740605772,185.78302001953125,-0.0067022801376879215,0.11795422434806824
276,3.1921389531344175,0.359375,0.8669122402789071,3.0727645605802536,0.11937439255416393,0.012384460575412959,0.04877404064413101,0.0018087029174873323,70.0,63.0,66.0,0.0,0.359375,0.0,3.1921389531344175,0.024745263202592384,0.024745263202592384,4147.6650390625,0.0006589294644072652,0.013530473224818707
277,11.785118734813295,0.421875,3.8724334051366895,10.105020700022578,1.680098034790717,0.05532047721623842,0.16039715396861234,0.02545603083016238,70.0,63.0,66.0,0.0,0.421875,0.0,11.785118734813295,0.09135750957219609,0.09135750957219609,623.6310424804688,-0.014174378477036953,0.04050685092806816
278,33.74887669086456,0.21875,6.835964740253985,16.618079245090485,17.13079744577408,0.0976566391464855,0.2637790356363569,0.259557537057183,70.0,63.0,66.0,0.0,0.21875,0.26865671641791045,33.74887669086456,0.26161919915398885,0.26161919915398885,276.48028564453125,-0.0020070599857717752,0.06347696483135223
279,7.659608934773132,0.640625,3.166874379850924,6.957944877445698,0.7016640573274344,0.04524106256929891,0.11044356948326504,0.010631273595870218,70.0,63.0,66.0,0.014084507042253521,0.640625,0.0,7.659608934773132,0.05937681344785374,0.05937681344785374,3336.1298828125,0.0024291633162647486,0.019180018454790115
280,54.39690147340298,1.0,7.096053181216121,24.158332034945488,30.23856943845749,0.10137218830308743,0.3834655878562776,0.45816014300693164,70.0,63.0,66.0,0.18309859154929578,1.0,1.0,54.39690147340298,0.4216814067705657,0.4216814067705657,1357.2139892578125,-0.002751676132902503,0.03297174721956253
281,13.745534541783854,0.65625,4.2377861347049475,11.033318862318993,2.7122156794648618,0.060539801924356394,0.1751320454336348,0.04109417696158881,70.0,63.0,66.0,0.07042253521126761,0.65625,0.05970149253731343,13.745534541783854,0.10655453133165779,0.10655453133165779,2591.5537109375,0.004644275177270174,0.023198936134576797
282,42.817061215639114,1.0,7.841300359228626,21.93738117814064,20.879680037498474,0.11201857656040894,0.34821239965302603,0.3163587884469466,70.0,63.0,66.0,0.2535211267605634,1.0,1.0,42.817061215639114,0.3319152032220086,0.3319152032220086,1165.344482421875,-0.0051008788868784904,0.034233786165714264
283,8.967825571016874,0.578125,3.7167559135705233,8.010444849729538,0.9573807212873362,0.053096513051007474,0.1271499182496752,0.014505768504353578,70.0,63.0,66.0,0.056338028169014086,0.578125,0.0,8.967825571016874,0.06951802768230135,0.06951802768230135,2240.11376953125,0.0008369022980332375,0.022647149860858917
284,5.291186514135916,0.40625,1.1084941609296948,5.181059468653984,0.11012704548193142,0.01583563087042421,0.08223903918498388,0.001668591598211082,70.0,63.0,66.0,0.0,0.40625,0.0,5.291186514135916,0.041016949721983845,0.041016949721983845,2785.90478515625,-0.0002437546500004828,0.02194540575146675
285,9.5838735444122,0.578125,3.269114083610475,8.60133888758719,0.9825346568250097,0.04670162976586393,0.13652918869186015,0.014886888739772874,70.0,63.0,66.0,0.028169014084507043,0.578125,0.05970149253731343,9.5838735444122,0.07429359336753642,0.07429359336753642,1779.312744140625,0.008663643151521683,0.02192961610853672
286,13.305637586861849,0.75,3.4235735293477774,10.349109753966331,2.9565278328955173,0.04890819327639682,0.16427158339629097,0.044795876255992684,70.0,63.0,66.0,0.056338028169014086,0.75,0.05970149253731343,13.305637586861849,0.10314447741753371,0.10314447741753371,2043.8212890625,-0.005583283491432667,0.022678712382912636
287,10.032954117516056,0.65625,2.7541656538378447,8.09141294285655,1.9415411746595055,0.03934522362625492,0.1284351260770881,0.029417290525144024,70.0,63.0,66.0,0.07042253521126761,0.65625,0.05970149253731343,10.032954117516056,0.07777483812027951,0.07777483812027951,2213.88720703125,0.0040920390747487545,0.017481455579400063
288,11.289796567580197,0.5625,2.9607353084320494,9.575097276829183,1.714699290751014,0.04229621869188642,0.15198567106078067,0.025980292284106272,70.0,63.0,66.0,0.0,0.5625,0.0,11.289796567580197,0.0875178028494589,0.0875178028494589,2103.698486328125,-0.01069872546941042,0.033183325082063675
289,30.925818294286728,0.921875,8.143463008105755,16.795121490955353,14.130696803331375,0.11633518583008222,0.2665892300151643,0.21410146671714206,70.0,63.0,66.0,0.14084507042253522,0.921875,0.8805970149253731,30.925818294286728,0.2397350255371064,0.2397350255371064,919.6995849609375,0.00429145060479641,0.03352704271674156
290,8.786825946124736,0.375,1.8880738443695009,7.449834069237113,1.3369918768876232,0.02697248349099287,0.11825133443233513,0.020257452680115504,70.0,63.0,66.0,0.0,0.375,0.0,8.786825946124736,0.06811492981492044,0.06811492981492044,1854.718017578125,-0.01320629008114338,0.0327741876244545
291,18.588768243789673,0.890625,2.59149494220037,9.982422783970833,8.60634545981884,0.037021356317148146,0.15845115530112433,0.13039917363361878,70.0,63.0,66.0,0.0,0.890625,0.5373134328358209,18.588768243789673,0.14409897863402849,0.14409897863402849,3539.508056640625,0.0014402467058971524,0.022869093343615532
292,9.949431585031562,0.65625,1.8081679324386641,8.890840459614992,1.0585911254165694,0.025830970463409486,0.1411244517399205,0.01603925947600863,70.0,63.0,66.0,0.0,0.65625,0.05970149253731343,9.949431585031562,0.07712737662815164,0.07712737662815164,1025.47314453125,3.300089701951947e-06,0.021834231913089752
293,37.05439092218876,1.0,7.037473082076758,20.982251942157745,16.072138980031013,0.10053532974395368,0.333051618129488,0.24351725727319717,70.0,63.0,66.0,0.04225352112676056,1.0,0.9104477611940298,37.05439092218876,0.2872433404820834,0.2872433404820834,4088.13818359375,-0.004760876763612032,0.042033612728118896
294,9.751472880889196,0.65625,2.733372932765633,8.835607770830393,0.9158651100588031,0.039048184753794755,0.1402477423941332,0.013876744091800047,70.0,63.0,66.0,0.08450704225352113,0.65625,0.0,9.751472880889196,0.07559281303014881,0.07559281303014881,2906.767578125,0.002877245657145977,0.01937086321413517
295,12.142274567391723,0.546875,3.2955559957772493,7.5893977005034685,4.552876866888255,0.04707937136824642,0.12046663016672172,0.06898298283164023,70.0,63.0,66.0,0.014084507042253521,0.546875,0.23880597014925373,12.142274567391723,0.09412615943714514,0.09412615943714514,2219.505859375,0.004871250595897436,0.021223392337560654
296,20.637056762119755,0.578125,8.535579197108746,15.197913311421871,5.439143450697884,0.12193684567298207,0.2412367192289186,0.08241126440451339,70.0,63.0,66.0,0.056338028169014086,0.578125,0.014925373134328358,20.637056762119755,0.15997718420247872,0.15997718420247872,1130.9990234375,-0.004750426858663559,0.04496833682060242
297,14.430503373616375,0.0,1.6660206099040806,6.326046792208217,8.104456581408158,0.023800294427201153,0.10041344114616217,0.12279479668800239,70.0,63.0,66.0,0.0,0.0,0.05970149253731343,14.430503373616375,0.11186436723733624,0.11186436723733624,895.4807739257812,-0.0013509962009266019,0.062150534242391586
298,48.05584645271301,1.0,11.657615525647998,27.917992502450943,20.13785395026207,0.16653736465211424,0.44314273813414196,0.305118999246395,70.0,63.0,66.0,0.36619718309859156,1.0,1.0,48.05584645271301,0.37252594149389934,0.37252594149389934,1752.5667724609375,0.0001776907593011856,0.03243954852223396
299,19.352771013975143,0.40625,3.458683500823099,11.769654877483845,7.583116136491299,0.04940976429747285,0.18681991869021977,0.11489569903774695,70.0,63.0,66.0,0.0,0.40625,0.0,19.352771013975143,0.15002148072848948,0.15002148072848948,2456.408203125,-0.015024085529148579,0.0446903221309185
300,24.035452507436275,0.96875,6.664050418883562,15.898651629686356,8.13680087774992,0.09520072026976517,0.2523595496775612,0.12328486178408969,70.0,63.0,66.0,0.18309859154929578,0.96875,0.34328358208955223,24.035452507436275,0.18632133726694788,0.18632133726694788,1367.9315185546875,0.001608519465662539,0.028280746191740036
301,10.657192863407545,0.6875,3.960375885013491,9.561763534322381,1.0954293290851638,0.05657679835733558,0.1517740243543235,0.016597414077047935,70.0,63.0,66.0,0.2112676056338028,0.6875,0.029850746268656716,10.657192863407545,0.08261389816594995,0.08261389816594995,2063.0947265625,-0.0017890597227960825,0.01916082762181759
302,16.38829988182988,0.140625,8.601016046479344,15.401909790933132,0.986390090896748,0.12287165780684778,0.24447475858624018,0.014945304407526484,70.0,63.0,66.0,0.014084507042253521,0.140625,0.014925373134328358,16.38829988182988,0.1270410843552704,0.1270410843552704,185.47479248046875,0.00043521489715203643,0.08436156064271927
303,9.573248461791081,0.28125,2.5279537143651396,8.91940784174949,0.653840620041592,0.036113624490930564,0.1415779022499919,0.009906676061236243,70.0,63.0,66.0,0.0,0.28125,0.014925373134328358,9.573248461791081,0.07421122838597738,0.07421122838597738,1036.459228515625,-0.005851557478308678,0.04191512241959572
304,8.413772786210757,0.515625,2.4497329187433934,8.145209871639963,0.2685629145707935,0.03499618455347705,0.12928904558158671,0.004069135069254447,70.0,63.0,66.0,0.014084507042253521,0.515625,0.0,8.413772786210757,0.06522304485434695,0.06522304485434695,5129.3173828125,-0.002944272244349122,0.02798517793416977
305,15.705123947001994,0.828125,4.296656649559736,12.038524553179741,3.6665993938222528,0.061380809279424804,0.19108769132031334,0.055554536270034136,70.0,63.0,66.0,0.15492957746478872,0.828125,0.07462686567164178,15.705123947001994,0.12174514687598445,0.12174514687598445,2260.72509765625,0.0009328064625151455,0.020105883479118347
306,10.035706128575839,0.546875,3.169949814211577,9.39284784719348,0.6428582813823596,0.04528499734587967,0.14909282297132506,0.00974027699064181,70.0,63.0,66.0,0.0,0.546875,0.0,10.035706128575839,0.07779617153934759,0.07779617153934759,3567.4814453125,0.001023909542709589,0.027394654229283333
307,10.158828657178674,0.484375,2.7607803561841138,8.164976565167308,1.993852092011366,0.03943971937405877,0.1296028026217033,0.030209880181990393,70.0,63.0,66.0,0.0,0.484375,0.0,10.158828657178674,0.07875060974557112,0.07875060974557112,1633.8177490234375,-0.007232945878058672,0.028987817466259003
308,15.135675388679374,0.125,5.2416171482764184,12.767813565209508,2.367861823469866,0.0748802449753774,0.2026637073842779,0.03587669429499797,70.0,63.0,66.0,0.0,0.125,0.0,15.135675388679374,0.11733081696650678,0.11733081696650678,1103.20947265625,0.00891844555735588,0.05930222570896149
309,10.908633894403465,0.171875,7.618775652721524,10.908633894403465,0.0,0.10883965218173607,0.17315291895878515,0.0,70.0,63.0,66.0,0.04225352112676056,0.171875,0.0,10.908633894403465,0.0845630534449881,0.0845630534449881,804.058349609375,-0.00293323234654963,0.062372103333473206
310,8.22073249798268,0.0,5.261064098385759,7.3500215178355575,0.8707109801471233,0.07515805854836799,0.11666700821961203,0.013192590608289747,70.0,63.0,66.0,0.0,0.0,0.0,8.22073249798268,0.06372660851149364,0.06372660851149364,1286.531982421875,0.010129259899258614,0.07856802642345428
311,5.315728236921132,0.15625,0.646525343414396,5.2758737141266465,0.03985452279448509,0.009236076334491371,0.08374402720835947,0.0006038564059770468,70.0,63.0,66.0,0.0,0.15625,0.0,5.315728236921132,0.04120719563504753,0.04120719563504753,11218.216796875,0.008218261413276196,0.031987112015485764
