bundle_id,bio,treatment,tech,staining_img,calcium_img,landmarks_csv,staining_candidates,calcium_candidates,landmarks_candidates,ilastik_used,ilp_o4,ilp_pdgfra,ilp_mbp,ilp_bf,staining_exists,calcium_exists,landmarks_exists,ilp_o4_exists,ilp_pdgfra_exists,ilp_mbp_exists,ilp_bf_exists,complete,notes
N1_HAMI3379_T1,N1,HAMI3379,1,C:\Users\JackM\Calcium\multiplex\N1_20250929_staining___20x_HAMI3379.tif,C:\Users\JackM\Calcium\multiplex\N1_calcium_251003___HAMI.tif,C:\Users\JackM\Calcium\multiplex\N1_HAMI3379.csv,C:\Users\JackM\Calcium\multiplex\N1_20250929_staining___20x_HAMI3379.tif,C:\Users\JackM\Calcium\multiplex\N1_calcium_251003___HAMI.tif,C:\Users\JackM\Calcium\multiplex\N1_HAMI3379.csv,O4=C:\Users\JackM\calcium\ilastik_models\n1_o4\n1_o4.ilp|PDGFRa=C:\Users\JackM\calcium\ilastik_models\n1_pdgfra\n1_pdgfra.ilp|MBP=C:\Users\JackM\calcium\ilastik_models\n1_mbp\n1_mbp.ilp|BF=C:\Users\JackM\calcium\ilastik_models\n1_bf\n1_bf.ilp,C:\Users\JackM\calcium\ilastik_models\n1_o4\n1_o4.ilp,C:\Users\JackM\calcium\ilastik_models\n1_pdgfra\n1_pdgfra.ilp,C:\Users\JackM\calcium\ilastik_models\n1_mbp\n1_mbp.ilp,C:\Users\JackM\calcium\ilastik_models\n1_bf\n1_bf.ilp,True,True,True,True,True,True,True,True,
N1_HAMI3379_T2,N1,HAMI3379,2,C:\Users\JackM\Calcium\multiplex\N1_20250929_staining___20x_HAMI3379_2.tif,C:\Users\JackM\Calcium\multiplex\N1_calcium_251003___HAMI_2.tif,C:\Users\JackM\Calcium\multiplex\N1_HAMI3379_2.csv,C:\Users\JackM\Calcium\multiplex\N1_20250929_staining___20x_HAMI3379_2.tif,C:\Users\JackM\Calcium\multiplex\N1_calcium_251003___HAMI_2.tif,C:\Users\JackM\Calcium\multiplex\N1_HAMI3379_2.csv,O4=C:\Users\JackM\calcium\ilastik_models\n1_o4\n1_o4.ilp|PDGFRa=C:\Users\JackM\calcium\ilastik_models\n1_pdgfra\n1_pdgfra.ilp|MBP=C:\Users\JackM\calcium\ilastik_models\n1_mbp\n1_mbp.ilp|BF=C:\Users\JackM\calcium\ilastik_models\n1_bf\n1_bf.ilp,C:\Users\JackM\calcium\ilastik_models\n1_o4\n1_o4.ilp,C:\Users\JackM\calcium\ilastik_models\n1_pdgfra\n1_pdgfra.ilp,C:\Users\JackM\calcium\ilastik_models\n1_mbp\n1_mbp.ilp,C:\Users\JackM\calcium\ilastik_models\n1_bf\n1_bf.ilp,True,True,True,True,True,True,True,True,
N1_MDL29951_T1,N1,MDL29951,1,C:\Users\JackM\Calcium\multiplex\N1_20250929_staining___20x_MDL29951.tif,C:\Users\JackM\Calcium\multiplex\N1_calcium_251003___MDL29951.tif,C:\Users\JackM\Calcium\multiplex\N1_MDL29951.csv,C:\Users\JackM\Calcium\multiplex\N1_20250929_staining___20x_MDL29951.tif,C:\Users\JackM\Calcium\multiplex\N1_calcium_251003___MDL29951.tif,C:\Users\JackM\Calcium\multiplex\N1_MDL29951.csv,O4=C:\Users\JackM\calcium\ilastik_models\n1_o4\n1_o4.ilp|PDGFRa=C:\Users\JackM\calcium\ilastik_models\n1_pdgfra\n1_pdgfra.ilp|MBP=C:\Users\JackM\calcium\ilastik_models\n1_mbp\n1_mbp.ilp|BF=C:\Users\JackM\calcium\ilastik_models\n1_bf\n1_bf.ilp,C:\Users\JackM\calcium\ilastik_models\n1_o4\n1_o4.ilp,C:\Users\JackM\calcium\ilastik_models\n1_pdgfra\n1_pdgfra.ilp,C:\Users\JackM\calcium\ilastik_models\n1_mbp\n1_mbp.ilp,C:\Users\JackM\calcium\ilastik_models\n1_bf\n1_bf.ilp,True,True,True,True,True,True,True,True,
N1_MDL29951_T2,N1,MDL29951,2,C:\Users\JackM\Calcium\multiplex\N1_20250929_staining___20x_MDL29951_2.tif,C:\Users\JackM\Calcium\multiplex\N1_calcium_251003___MDL29951_2.tif,C:\Users\JackM\Calcium\multiplex\N1_MDL29951_2.csv,C:\Users\JackM\Calcium\multiplex\N1_20250929_staining___20x_MDL29951_2.tif,C:\Users\JackM\Calcium\multiplex\N1_calcium_251003___MDL29951_2.tif,C:\Users\JackM\Calcium\multiplex\N1_MDL29951_2.csv,O4=C:\Users\JackM\calcium\ilastik_models\n1_o4\n1_o4.ilp|PDGFRa=C:\Users\JackM\calcium\ilastik_models\n1_pdgfra\n1_pdgfra.ilp|MBP=C:\Users\JackM\calcium\ilastik_models\n1_mbp\n1_mbp.ilp|BF=C:\Users\JackM\calcium\ilastik_models\n1_bf\n1_bf.ilp,C:\Users\JackM\calcium\ilastik_models\n1_o4\n1_o4.ilp,C:\Users\JackM\calcium\ilastik_models\n1_pdgfra\n1_pdgfra.ilp,C:\Users\JackM\calcium\ilastik_models\n1_mbp\n1_mbp.ilp,C:\Users\JackM\calcium\ilastik_models\n1_bf\n1_bf.ilp,True,True,True,True,True,True,True,True,
N1_pranlukast_T1,N1,pranlukast,1,C:\Users\JackM\Calcium\multiplex\N1_20250929_staining___20x_pranlukast.tif,C:\Users\JackM\Calcium\multiplex\N1_calcium_251003___Pranlukast.tif,C:\Users\JackM\Calcium\multiplex\N1_pranlukast.csv,C:\Users\JackM\Calcium\multiplex\N1_20250929_staining___20x_pranlukast.tif,C:\Users\JackM\Calcium\multiplex\N1_calcium_251003___Pranlukast.tif,C:\Users\JackM\Calcium\multiplex\N1_pranlukast.csv,O4=C:\Users\JackM\calcium\ilastik_models\n1_o4\n1_o4.ilp|PDGFRa=C:\Users\JackM\calcium\ilastik_models\n1_pdgfra\n1_pdgfra.ilp|MBP=C:\Users\JackM\calcium\ilastik_models\n1_mbp\n1_mbp.ilp|BF=C:\Users\JackM\calcium\ilastik_models\n1_bf\n1_bf.ilp,C:\Users\JackM\calcium\ilastik_models\n1_o4\n1_o4.ilp,C:\Users\JackM\calcium\ilastik_models\n1_pdgfra\n1_pdgfra.ilp,C:\Users\JackM\calcium\ilastik_models\n1_mbp\n1_mbp.ilp,C:\Users\JackM\calcium\ilastik_models\n1_bf\n1_bf.ilp,True,True,True,True,True,True,True,True,
N1_pranlukast_T2,N1,pranlukast,2,C:\Users\JackM\Calcium\multiplex\N1_20250929_staining___20x_pranlukast_2.tif,C:\Users\JackM\Calcium\multiplex\N1_calcium_251003___Pranlukast_2.tif,C:\Users\JackM\Calcium\multiplex\N1_pranlukast_2.csv,C:\Users\JackM\Calcium\multiplex\N1_20250929_staining___20x_pranlukast_2.tif,C:\Users\JackM\Calcium\multiplex\N1_calcium_251003___Pranlukast_2.tif,C:\Users\JackM\Calcium\multiplex\N1_pranlukast_2.csv,O4=C:\Users\JackM\calcium\ilastik_models\n1_o4\n1_o4.ilp|PDGFRa=C:\Users\JackM\calcium\ilastik_models\n1_pdgfra\n1_pdgfra.ilp|MBP=C:\Users\JackM\calcium\ilastik_models\n1_mbp\n1_mbp.ilp|BF=C:\Users\JackM\calcium\ilastik_models\n1_bf\n1_bf.ilp,C:\Users\JackM\calcium\ilastik_models\n1_o4\n1_o4.ilp,C:\Users\JackM\calcium\ilastik_models\n1_pdgfra\n1_pdgfra.ilp,C:\Users\JackM\calcium\ilastik_models\n1_mbp\n1_mbp.ilp,C:\Users\JackM\calcium\ilastik_models\n1_bf\n1_bf.ilp,True,True,True,True,True,True,True,True,
N2_HAMI3379_T1,N2,HAMI3379,1,C:\Users\JackM\Calcium\multiplex\N2_20251006_staining___HAMI3379.tif,C:\Users\JackM\Calcium\multiplex\N2_calcium_20250610___HAMI3379.tif,C:\Users\JackM\Calcium\multiplex\N2_HAMI3379.csv,C:\Users\JackM\Calcium\multiplex\N2_20251006_staining___HAMI3379.tif,C:\Users\JackM\Calcium\multiplex\N2_calcium_20250610___HAMI3379.tif,C:\Users\JackM\Calcium\multiplex\N2_HAMI3379.csv,O4=C:\Users\JackM\calcium\ilastik_models\n2_o4\n2_o4.ilp|PDGFRa=C:\Users\JackM\calcium\ilastik_models\n2_pdgfra\n2_pdgfra.ilp|MBP=C:\Users\JackM\calcium\ilastik_models\n2_mbp\n2_mbp.ilp|BF=C:\Users\JackM\calcium\ilastik_models\n2_bf\n2_bf.ilp,C:\Users\JackM\calcium\ilastik_models\n2_o4\n2_o4.ilp,C:\Users\JackM\calcium\ilastik_models\n2_pdgfra\n2_pdgfra.ilp,C:\Users\JackM\calcium\ilastik_models\n2_mbp\n2_mbp.ilp,C:\Users\JackM\calcium\ilastik_models\n2_bf\n2_bf.ilp,True,True,True,True,True,True,True,True,
N2_HAMI3379_T2,N2,HAMI3379,2,C:\Users\JackM\Calcium\multiplex\N2_20251006_staining___HAMI3379_2.tif,C:\Users\JackM\Calcium\multiplex\N2_calcium_20250610___HAMI3379_2.tif,,C:\Users\JackM\Calcium\multiplex\N2_20251006_staining___HAMI3379_2.tif,C:\Users\JackM\Calcium\multiplex\N2_calcium_20250610___HAMI3379_2.tif,,O4=C:\Users\JackM\calcium\ilastik_models\n2_o4\n2_o4.ilp|PDGFRa=C:\Users\JackM\calcium\ilastik_models\n2_pdgfra\n2_pdgfra.ilp|MBP=C:\Users\JackM\calcium\ilastik_models\n2_mbp\n2_mbp.ilp|BF=C:\Users\JackM\calcium\ilastik_models\n2_bf\n2_bf.ilp,C:\Users\JackM\calcium\ilastik_models\n2_o4\n2_o4.ilp,C:\Users\JackM\calcium\ilastik_models\n2_pdgfra\n2_pdgfra.ilp,C:\Users\JackM\calcium\ilastik_models\n2_mbp\n2_mbp.ilp,C:\Users\JackM\calcium\ilastik_models\n2_bf\n2_bf.ilp,True,True,False,True,True,True,True,False,missing_landmarks
N2_MDL29951_T1,N2,MDL29951,1,C:\Users\JackM\Calcium\multiplex\N2_20251006_staining___MDL29951.tif,C:\Users\JackM\Calcium\multiplex\N2_calcium_20250610___MDL29951.tif,C:\Users\JackM\Calcium\multiplex\N2_MDL29951.csv,C:\Users\JackM\Calcium\multiplex\N2_20251006_staining___MDL29951.tif,C:\Users\JackM\Calcium\multiplex\N2_calcium_20250610___MDL29951.tif,C:\Users\JackM\Calcium\multiplex\N2_MDL29951.csv,O4=C:\Users\JackM\calcium\ilastik_models\n2_o4\n2_o4.ilp|PDGFRa=C:\Users\JackM\calcium\ilastik_models\n2_pdgfra\n2_pdgfra.ilp|MBP=C:\Users\JackM\calcium\ilastik_models\n2_mbp\n2_mbp.ilp|BF=C:\Users\JackM\calcium\ilastik_models\n2_bf\n2_bf.ilp,C:\Users\JackM\calcium\ilastik_models\n2_o4\n2_o4.ilp,C:\Users\JackM\calcium\ilastik_models\n2_pdgfra\n2_pdgfra.ilp,C:\Users\JackM\calcium\ilastik_models\n2_mbp\n2_mbp.ilp,C:\Users\JackM\calcium\ilastik_models\n2_bf\n2_bf.ilp,True,True,True,True,True,True,True,True,
N2_MDL29951_T2,N2,MDL29951,2,C:\Users\JackM\Calcium\multiplex\N2_20251006_staining___MDL29951_2.tif,C:\Users\JackM\Calcium\multiplex\N2_calcium_20250610___MDL_29951_2.tif,C:\Users\JackM\Calcium\multiplex\N2_MDL29951_2.csv,C:\Users\JackM\Calcium\multiplex\N2_20251006_staining___MDL29951_2.tif,C:\Users\JackM\Calcium\multiplex\N2_calcium_20250610___MDL_29951_2.tif,C:\Users\JackM\Calcium\multiplex\N2_MDL29951_2.csv,O4=C:\Users\JackM\calcium\ilastik_models\n2_o4\n2_o4.ilp|PDGFRa=C:\Users\JackM\calcium\ilastik_models\n2_pdgfra\n2_pdgfra.ilp|MBP=C:\Users\JackM\calcium\ilastik_models\n2_mbp\n2_mbp.ilp|BF=C:\Users\JackM\calcium\ilastik_models\n2_bf\n2_bf.ilp,C:\Users\JackM\calcium\ilastik_models\n2_o4\n2_o4.ilp,C:\Users\JackM\calcium\ilastik_models\n2_pdgfra\n2_pdgfra.ilp,C:\Users\JackM\calcium\ilastik_models\n2_mbp\n2_mbp.ilp,C:\Users\JackM\calcium\ilastik_models\n2_bf\n2_bf.ilp,True,True,True,True,True,True,True,True,
N2_pranlukast_T1,N2,pranlukast,1,C:\Users\JackM\Calcium\multiplex\N2_20251006_staining___pranlukast.tif,C:\Users\JackM\Calcium\multiplex\N2_calcium_20250610___pranlukast.tif,C:\Users\JackM\Calcium\multiplex\N2_pranlukast.csv,C:\Users\JackM\Calcium\multiplex\N2_20251006_staining___pranlukast.tif,C:\Users\JackM\Calcium\multiplex\N2_calcium_20250610___pranlukast.tif,C:\Users\JackM\Calcium\multiplex\N2_pranlukast.csv,O4=C:\Users\JackM\calcium\ilastik_models\n2_o4\n2_o4.ilp|PDGFRa=C:\Users\JackM\calcium\ilastik_models\n2_pdgfra\n2_pdgfra.ilp|MBP=C:\Users\JackM\calcium\ilastik_models\n2_mbp\n2_mbp.ilp|BF=C:\Users\JackM\calcium\ilastik_models\n2_bf\n2_bf.ilp,C:\Users\JackM\calcium\ilastik_models\n2_o4\n2_o4.ilp,C:\Users\JackM\calcium\ilastik_models\n2_pdgfra\n2_pdgfra.ilp,C:\Users\JackM\calcium\ilastik_models\n2_mbp\n2_mbp.ilp,C:\Users\JackM\calcium\ilastik_models\n2_bf\n2_bf.ilp,True,True,True,True,True,True,True,True,
N2_pranlukast_T2,N2,pranlukast,2,C:\Users\JackM\Calcium\multiplex\N2_20251006_staining___pranlukast_2.tif,C:\Users\JackM\Calcium\multiplex\N2_calcium_20250610___pranlukast_2.tif,C:\Users\JackM\Calcium\multiplex\N2_pranlukast_2.csv,C:\Users\JackM\Calcium\multiplex\N2_20251006_staining___pranlukast_2.tif,C:\Users\JackM\Calcium\multiplex\N2_calcium_20250610___pranlukast_2.tif,C:\Users\JackM\Calcium\multiplex\N2_pranlukast_2.csv,O4=C:\Users\JackM\calcium\ilastik_models\n2_o4\n2_o4.ilp|PDGFRa=C:\Users\JackM\calcium\ilastik_models\n2_pdgfra\n2_pdgfra.ilp|MBP=C:\Users\JackM\calcium\ilastik_models\n2_mbp\n2_mbp.ilp|BF=C:\Users\JackM\calcium\ilastik_models\n2_bf\n2_bf.ilp,C:\Users\JackM\calcium\ilastik_models\n2_o4\n2_o4.ilp,C:\Users\JackM\calcium\ilastik_models\n2_pdgfra\n2_pdgfra.ilp,C:\Users\JackM\calcium\ilastik_models\n2_mbp\n2_mbp.ilp,C:\Users\JackM\calcium\ilastik_models\n2_bf\n2_bf.ilp,True,True,True,True,True,True,True,True,
N3_HAMI3379_T1,N3,HAMI3379,1,C:\Users\JackM\Calcium\multiplex\N3_20252013_staining___HAMI3379.tif,C:\Users\JackM\Calcium\multiplex\N3_20251013_Calcium___HAMI3379.tif,C:\Users\JackM\Calcium\multiplex\N3_HAMI3379.csv,C:\Users\JackM\Calcium\multiplex\N3_20252013_staining___HAMI3379.tif,C:\Users\JackM\Calcium\multiplex\N3_20251013_Calcium___HAMI3379.tif,C:\Users\JackM\Calcium\multiplex\N3_HAMI3379.csv,O4=C:\Users\JackM\calcium\ilastik_models\n3_o4\n3_o4.ilp|PDGFRa=C:\Users\JackM\calcium\ilastik_models\n3_pdgfra\n3_pdgfra.ilp|MBP=C:\Users\JackM\calcium\ilastik_models\n3_mbp\n3_mbp.ilp|BF=C:\Users\JackM\calcium\ilastik_models\n3_bf\n3_bf.ilp,C:\Users\JackM\calcium\ilastik_models\n3_o4\n3_o4.ilp,C:\Users\JackM\calcium\ilastik_models\n3_pdgfra\n3_pdgfra.ilp,C:\Users\JackM\calcium\ilastik_models\n3_mbp\n3_mbp.ilp,C:\Users\JackM\calcium\ilastik_models\n3_bf\n3_bf.ilp,True,True,True,True,True,True,True,True,
N3_HAMI3379_T2,N3,HAMI3379,2,C:\Users\JackM\Calcium\multiplex\N3_20252013_staining___HAMI3379_2.tif,C:\Users\JackM\Calcium\multiplex\N3_20251013_Calcium___HAMI3379_2.tif,C:\Users\JackM\Calcium\multiplex\N3_HAMI3379_2.csv,C:\Users\JackM\Calcium\multiplex\N3_20252013_staining___HAMI3379_2.tif,C:\Users\JackM\Calcium\multiplex\N3_20251013_Calcium___HAMI3379_2.tif,C:\Users\JackM\Calcium\multiplex\N3_HAMI3379_2.csv,O4=C:\Users\JackM\calcium\ilastik_models\n3_o4\n3_o4.ilp|PDGFRa=C:\Users\JackM\calcium\ilastik_models\n3_pdgfra\n3_pdgfra.ilp|MBP=C:\Users\JackM\calcium\ilastik_models\n3_mbp\n3_mbp.ilp|BF=C:\Users\JackM\calcium\ilastik_models\n3_bf\n3_bf.ilp,C:\Users\JackM\calcium\ilastik_models\n3_o4\n3_o4.ilp,C:\Users\JackM\calcium\ilastik_models\n3_pdgfra\n3_pdgfra.ilp,C:\Users\JackM\calcium\ilastik_models\n3_mbp\n3_mbp.ilp,C:\Users\JackM\calcium\ilastik_models\n3_bf\n3_bf.ilp,True,True,True,True,True,True,True,True,
N3_MDL29951_T1,N3,MDL29951,1,C:\Users\JackM\Calcium\multiplex\N3_20252013_staining___MDL29951.tif,C:\Users\JackM\Calcium\multiplex\N3_20251013_Calcium___MDL29951.tif,C:\Users\JackM\Calcium\multiplex\N3_MDL29951.csv,C:\Users\JackM\Calcium\multiplex\N3_20252013_staining___MDL29951.tif,C:\Users\JackM\Calcium\multiplex\N3_20251013_Calcium___MDL29951.tif,C:\Users\JackM\Calcium\multiplex\N3_MDL29951.csv,O4=C:\Users\JackM\calcium\ilastik_models\n3_o4\n3_o4.ilp|PDGFRa=C:\Users\JackM\calcium\ilastik_models\n3_pdgfra\n3_pdgfra.ilp|MBP=C:\Users\JackM\calcium\ilastik_models\n3_mbp\n3_mbp.ilp|BF=C:\Users\JackM\calcium\ilastik_models\n3_bf\n3_bf.ilp,C:\Users\JackM\calcium\ilastik_models\n3_o4\n3_o4.ilp,C:\Users\JackM\calcium\ilastik_models\n3_pdgfra\n3_pdgfra.ilp,C:\Users\JackM\calcium\ilastik_models\n3_mbp\n3_mbp.ilp,C:\Users\JackM\calcium\ilastik_models\n3_bf\n3_bf.ilp,True,True,True,True,True,True,True,True,
N3_MDL29951_T2,N3,MDL29951,2,C:\Users\JackM\Calcium\multiplex\N3_20252013_staining___MDL29951_2.tif,C:\Users\JackM\Calcium\multiplex\N3_20251013_Calcium___MDL29951_2.tif,C:\Users\JackM\Calcium\multiplex\N3_MDL29951_2.csv,C:\Users\JackM\Calcium\multiplex\N3_20252013_staining___MDL29951_2.tif,C:\Users\JackM\Calcium\multiplex\N3_20251013_Calcium___MDL29951_2.tif,C:\Users\JackM\Calcium\multiplex\N3_MDL29951_2.csv,O4=C:\Users\JackM\calcium\ilastik_models\n3_o4\n3_o4.ilp|PDGFRa=C:\Users\JackM\calcium\ilastik_models\n3_pdgfra\n3_pdgfra.ilp|MBP=C:\Users\JackM\calcium\ilastik_models\n3_mbp\n3_mbp.ilp|BF=C:\Users\JackM\calcium\ilastik_models\n3_bf\n3_bf.ilp,C:\Users\JackM\calcium\ilastik_models\n3_o4\n3_o4.ilp,C:\Users\JackM\calcium\ilastik_models\n3_pdgfra\n3_pdgfra.ilp,C:\Users\JackM\calcium\ilastik_models\n3_mbp\n3_mbp.ilp,C:\Users\JackM\calcium\ilastik_models\n3_bf\n3_bf.ilp,True,True,True,True,True,True,True,True,
N3_pranlukast_T1,N3,pranlukast,1,C:\Users\JackM\Calcium\multiplex\N3_20252013_staining___pranlukast.tif,C:\Users\JackM\Calcium\multiplex\N3_20251013_Calcium___pranlukast.tif,C:\Users\JackM\Calcium\multiplex\N3_pranlukast.csv,C:\Users\JackM\Calcium\multiplex\N3_20252013_staining___pranlukast.tif,C:\Users\JackM\Calcium\multiplex\N3_20251013_Calcium___pranlukast.tif,C:\Users\JackM\Calcium\multiplex\N3_pranlukast.csv,O4=C:\Users\JackM\calcium\ilastik_models\n3_o4\n3_o4.ilp|PDGFRa=C:\Users\JackM\calcium\ilastik_models\n3_pdgfra\n3_pdgfra.ilp|MBP=C:\Users\JackM\calcium\ilastik_models\n3_mbp\n3_mbp.ilp|BF=C:\Users\JackM\calcium\ilastik_models\n3_bf\n3_bf.ilp,C:\Users\JackM\calcium\ilastik_models\n3_o4\n3_o4.ilp,C:\Users\JackM\calcium\ilastik_models\n3_pdgfra\n3_pdgfra.ilp,C:\Users\JackM\calcium\ilastik_models\n3_mbp\n3_mbp.ilp,C:\Users\JackM\calcium\ilastik_models\n3_bf\n3_bf.ilp,True,True,True,True,True,True,True,True,
N3_pranlukast_T2,N3,pranlukast,2,,C:\Users\JackM\Calcium\multiplex\N3_20251013_Calcium___pranlukast_2.tif,,,C:\Users\JackM\Calcium\multiplex\N3_20251013_Calcium___pranlukast_2.tif,,O4=C:\Users\JackM\calcium\ilastik_models\n3_o4\n3_o4.ilp|PDGFRa=C:\Users\JackM\calcium\ilastik_models\n3_pdgfra\n3_pdgfra.ilp|MBP=C:\Users\JackM\calcium\ilastik_models\n3_mbp\n3_mbp.ilp|BF=C:\Users\JackM\calcium\ilastik_models\n3_bf\n3_bf.ilp,C:\Users\JackM\calcium\ilastik_models\n3_o4\n3_o4.ilp,C:\Users\JackM\calcium\ilastik_models\n3_pdgfra\n3_pdgfra.ilp,C:\Users\JackM\calcium\ilastik_models\n3_mbp\n3_mbp.ilp,C:\Users\JackM\calcium\ilastik_models\n3_bf\n3_bf.ilp,False,True,False,True,True,True,True,False,missing_staining;missing_landmarks
N5_HAMI3379_T1,N5,HAMI3379,1,C:\Users\JackM\Calcium\multiplex\N5_20251027_staining___HAMI3379.tif,C:\Users\JackM\Calcium\multiplex\N5_20251027_Calcium___HAMI3379.tif,C:\Users\JackM\Calcium\multiplex\N5_HAMI3379.csv,C:\Users\JackM\Calcium\multiplex\N5_20251027_staining___HAMI3379.tif,C:\Users\JackM\Calcium\multiplex\N5_20251027_Calcium___HAMI3379.tif,C:\Users\JackM\Calcium\multiplex\N5_HAMI3379.csv,O4=C:\Users\JackM\calcium\ilastik_models\n5_o4\n5_o4.ilp|PDGFRa=C:\Users\JackM\calcium\ilastik_models\n5_pdgfra\n5_pdgfra.ilp|MBP=C:\Users\JackM\calcium\ilastik_models\n5_mbp\n5_mbp.ilp|BF=C:\Users\JackM\calcium\ilastik_models\n5_bf\n5_bf.ilp,C:\Users\JackM\calcium\ilastik_models\n5_o4\n5_o4.ilp,C:\Users\JackM\calcium\ilastik_models\n5_pdgfra\n5_pdgfra.ilp,C:\Users\JackM\calcium\ilastik_models\n5_mbp\n5_mbp.ilp,C:\Users\JackM\calcium\ilastik_models\n5_bf\n5_bf.ilp,True,True,True,True,True,True,True,True,
N5_MDL29951_T1,N5,MDL29951,1,C:\Users\JackM\Calcium\multiplex\N5_20251027_staining___MDL29951.tif,C:\Users\JackM\Calcium\multiplex\N5_20251027_Calcium___MDL29951.tif,C:\Users\JackM\Calcium\multiplex\N5_MDL29951.csv,C:\Users\JackM\Calcium\multiplex\N5_20251027_staining___MDL29951.tif,C:\Users\JackM\Calcium\multiplex\N5_20251027_Calcium___MDL29951.tif,C:\Users\JackM\Calcium\multiplex\N5_MDL29951.csv,O4=C:\Users\JackM\calcium\ilastik_models\n5_o4\n5_o4.ilp|PDGFRa=C:\Users\JackM\calcium\ilastik_models\n5_pdgfra\n5_pdgfra.ilp|MBP=C:\Users\JackM\calcium\ilastik_models\n5_mbp\n5_mbp.ilp|BF=C:\Users\JackM\calcium\ilastik_models\n5_bf\n5_bf.ilp,C:\Users\JackM\calcium\ilastik_models\n5_o4\n5_o4.ilp,C:\Users\JackM\calcium\ilastik_models\n5_pdgfra\n5_pdgfra.ilp,C:\Users\JackM\calcium\ilastik_models\n5_mbp\n5_mbp.ilp,C:\Users\JackM\calcium\ilastik_models\n5_bf\n5_bf.ilp,True,True,True,True,True,True,True,True,
N5_MDL29951_T2,N5,MDL29951,2,C:\Users\JackM\Calcium\multiplex\N5_20251027_staining___MDL29951_2.tif,C:\Users\JackM\Calcium\multiplex\N5_20251027_Calcium___MDL29951_2.tif,C:\Users\JackM\Calcium\multiplex\N5_MDL29951_2.csv,C:\Users\JackM\Calcium\multiplex\N5_20251027_staining___MDL29951_2.tif,C:\Users\JackM\Calcium\multiplex\N5_20251027_Calcium___MDL29951_2.tif,C:\Users\JackM\Calcium\multiplex\N5_MDL29951_2.csv,O4=C:\Users\JackM\calcium\ilastik_models\n5_o4\n5_o4.ilp|PDGFRa=C:\Users\JackM\calcium\ilastik_models\n5_pdgfra\n5_pdgfra.ilp|MBP=C:\Users\JackM\calcium\ilastik_models\n5_mbp\n5_mbp.ilp|BF=C:\Users\JackM\calcium\ilastik_models\n5_bf\n5_bf.ilp,C:\Users\JackM\calcium\ilastik_models\n5_o4\n5_o4.ilp,C:\Users\JackM\calcium\ilastik_models\n5_pdgfra\n5_pdgfra.ilp,C:\Users\JackM\calcium\ilastik_models\n5_mbp\n5_mbp.ilp,C:\Users\JackM\calcium\ilastik_models\n5_bf\n5_bf.ilp,True,True,True,True,True,True,True,True,
N5_pranlukast_T1,N5,pranlukast,1,C:\Users\JackM\Calcium\multiplex\N5_20251027_staining___pranlukast.tif,C:\Users\JackM\Calcium\multiplex\N5_20251027_Calcium___pranlukast.tif,C:\Users\JackM\Calcium\multiplex\N5_pranlukast.csv,C:\Users\JackM\Calcium\multiplex\N5_20251027_staining___pranlukast.tif,C:\Users\JackM\Calcium\multiplex\N5_20251027_Calcium___pranlukast.tif,C:\Users\JackM\Calcium\multiplex\N5_pranlukast.csv,O4=C:\Users\JackM\calcium\ilastik_models\n5_o4\n5_o4.ilp|PDGFRa=C:\Users\JackM\calcium\ilastik_models\n5_pdgfra\n5_pdgfra.ilp|MBP=C:\Users\JackM\calcium\ilastik_models\n5_mbp\n5_mbp.ilp|BF=C:\Users\JackM\calcium\ilastik_models\n5_bf\n5_bf.ilp,C:\Users\JackM\calcium\ilastik_models\n5_o4\n5_o4.ilp,C:\Users\JackM\calcium\ilastik_models\n5_pdgfra\n5_pdgfra.ilp,C:\Users\JackM\calcium\ilastik_models\n5_mbp\n5_mbp.ilp,C:\Users\JackM\calcium\ilastik_models\n5_bf\n5_bf.ilp,True,True,True,True,True,True,True,True,
N6_HAMI3379_T1,N6,HAMI3379,1,,C:\Users\JackM\Calcium\multiplex\N6_20251118_calcium___HAMI3379.tif,C:\Users\JackM\Calcium\multiplex\N6_HAMI3379.csv,,C:\Users\JackM\Calcium\multiplex\N6_20251118_calcium___HAMI3379.tif,C:\Users\JackM\Calcium\multiplex\N6_HAMI3379.csv,O4=C:\Users\JackM\calcium\ilastik_models\n6_o4\n6_o4.ilp|PDGFRa=C:\Users\JackM\calcium\ilastik_models\n6_pdgfra\n6_pdgfra.ilp|MBP=C:\Users\JackM\calcium\ilastik_models\n6_mbp\n6_mbp.ilp|BF=C:\Users\JackM\calcium\ilastik_models\n6_bf\n6_bf.ilp,C:\Users\JackM\calcium\ilastik_models\n6_o4\n6_o4.ilp,C:\Users\JackM\calcium\ilastik_models\n6_pdgfra\n6_pdgfra.ilp,C:\Users\JackM\calcium\ilastik_models\n6_mbp\n6_mbp.ilp,C:\Users\JackM\calcium\ilastik_models\n6_bf\n6_bf.ilp,False,True,True,True,True,True,True,False,missing_staining
N6_HAMI3379_T2,N6,HAMI3379,2,C:\Users\JackM\Calcium\multiplex\N6_20251117_staining___HAMI3379_2.tif,C:\Users\JackM\Calcium\multiplex\N6_20251118_calcium___HAMI3379_2.tif,,C:\Users\JackM\Calcium\multiplex\N6_20251117_staining___HAMI3379_2.tif,C:\Users\JackM\Calcium\multiplex\N6_20251118_calcium___HAMI3379_2.tif,,O4=C:\Users\JackM\calcium\ilastik_models\n6_o4\n6_o4.ilp|PDGFRa=C:\Users\JackM\calcium\ilastik_models\n6_pdgfra\n6_pdgfra.ilp|MBP=C:\Users\JackM\calcium\ilastik_models\n6_mbp\n6_mbp.ilp|BF=C:\Users\JackM\calcium\ilastik_models\n6_bf\n6_bf.ilp,C:\Users\JackM\calcium\ilastik_models\n6_o4\n6_o4.ilp,C:\Users\JackM\calcium\ilastik_models\n6_pdgfra\n6_pdgfra.ilp,C:\Users\JackM\calcium\ilastik_models\n6_mbp\n6_mbp.ilp,C:\Users\JackM\calcium\ilastik_models\n6_bf\n6_bf.ilp,True,True,False,True,True,True,True,False,missing_landmarks
N6_MDL29951_T1,N6,MDL29951,1,C:\Users\JackM\Calcium\multiplex\N6_20251117_staining___MDL29951.tif,C:\Users\JackM\Calcium\multiplex\N6_20251118_calcium___MDL29951.tif,C:\Users\JackM\Calcium\multiplex\N6_MDL29951.csv,C:\Users\JackM\Calcium\multiplex\N6_20251117_staining___MDL29951.tif,C:\Users\JackM\Calcium\multiplex\N6_20251118_calcium___MDL29951.tif,C:\Users\JackM\Calcium\multiplex\N6_MDL29951.csv,O4=C:\Users\JackM\calcium\ilastik_models\n6_o4\n6_o4.ilp|PDGFRa=C:\Users\JackM\calcium\ilastik_models\n6_pdgfra\n6_pdgfra.ilp|MBP=C:\Users\JackM\calcium\ilastik_models\n6_mbp\n6_mbp.ilp|BF=C:\Users\JackM\calcium\ilastik_models\n6_bf\n6_bf.ilp,C:\Users\JackM\calcium\ilastik_models\n6_o4\n6_o4.ilp,C:\Users\JackM\calcium\ilastik_models\n6_pdgfra\n6_pdgfra.ilp,C:\Users\JackM\calcium\ilastik_models\n6_mbp\n6_mbp.ilp,C:\Users\JackM\calcium\ilastik_models\n6_bf\n6_bf.ilp,True,True,True,True,True,True,True,True,
N6_MDL29951_T2,N6,MDL29951,2,C:\Users\JackM\Calcium\multiplex\N6_20251117_staining___MDL29951_2.tif,C:\Users\JackM\Calcium\multiplex\N6_20251118_calcium___MDL29951_2.tif,C:\Users\JackM\Calcium\multiplex\N6_MDL29951_2.csv,C:\Users\JackM\Calcium\multiplex\N6_20251117_staining___MDL29951_2.tif,C:\Users\JackM\Calcium\multiplex\N6_20251118_calcium___MDL29951_2.tif,C:\Users\JackM\Calcium\multiplex\N6_MDL29951_2.csv,O4=C:\Users\JackM\calcium\ilastik_models\n6_o4\n6_o4.ilp|PDGFRa=C:\Users\JackM\calcium\ilastik_models\n6_pdgfra\n6_pdgfra.ilp|MBP=C:\Users\JackM\calcium\ilastik_models\n6_mbp\n6_mbp.ilp|BF=C:\Users\JackM\calcium\ilastik_models\n6_bf\n6_bf.ilp,C:\Users\JackM\calcium\ilastik_models\n6_o4\n6_o4.ilp,C:\Users\JackM\calcium\ilastik_models\n6_pdgfra\n6_pdgfra.ilp,C:\Users\JackM\calcium\ilastik_models\n6_mbp\n6_mbp.ilp,C:\Users\JackM\calcium\ilastik_models\n6_bf\n6_bf.ilp,True,True,True,True,True,True,True,True,
N6_pranlukast_T1,N6,pranlukast,1,C:\Users\JackM\Calcium\multiplex\N6_20251117_staining___pranlukast.tif,C:\Users\JackM\Calcium\multiplex\N6_20251118_calcium___pranlukast.tif,C:\Users\JackM\Calcium\multiplex\N6_pranlukast.csv,C:\Users\JackM\Calcium\multiplex\N6_20251117_staining___pranlukast.tif,C:\Users\JackM\Calcium\multiplex\N6_20251118_calcium___pranlukast.tif,C:\Users\JackM\Calcium\multiplex\N6_pranlukast.csv,O4=C:\Users\JackM\calcium\ilastik_models\n6_o4\n6_o4.ilp|PDGFRa=C:\Users\JackM\calcium\ilastik_models\n6_pdgfra\n6_pdgfra.ilp|MBP=C:\Users\JackM\calcium\ilastik_models\n6_mbp\n6_mbp.ilp|BF=C:\Users\JackM\calcium\ilastik_models\n6_bf\n6_bf.ilp,C:\Users\JackM\calcium\ilastik_models\n6_o4\n6_o4.ilp,C:\Users\JackM\calcium\ilastik_models\n6_pdgfra\n6_pdgfra.ilp,C:\Users\JackM\calcium\ilastik_models\n6_mbp\n6_mbp.ilp,C:\Users\JackM\calcium\ilastik_models\n6_bf\n6_bf.ilp,True,True,True,True,True,True,True,True,
N6_pranlukast_T2,N6,pranlukast,2,C:\Users\JackM\Calcium\multiplex\N6_20251117_staining___pranlukast_2.tif,C:\Users\JackM\Calcium\multiplex\N6_20251118_calcium___pranlukast_2.tif,C:\Users\JackM\Calcium\multiplex\N6_pranlukast_2.csv,C:\Users\JackM\Calcium\multiplex\N6_20251117_staining___pranlukast_2.tif,C:\Users\JackM\Calcium\multiplex\N6_20251118_calcium___pranlukast_2.tif,C:\Users\JackM\Calcium\multiplex\N6_pranlukast_2.csv,O4=C:\Users\JackM\calcium\ilastik_models\n6_o4\n6_o4.ilp|PDGFRa=C:\Users\JackM\calcium\ilastik_models\n6_pdgfra\n6_pdgfra.ilp|MBP=C:\Users\JackM\calcium\ilastik_models\n6_mbp\n6_mbp.ilp|BF=C:\Users\JackM\calcium\ilastik_models\n6_bf\n6_bf.ilp,C:\Users\JackM\calcium\ilastik_models\n6_o4\n6_o4.ilp,C:\Users\JackM\calcium\ilastik_models\n6_pdgfra\n6_pdgfra.ilp,C:\Users\JackM\calcium\ilastik_models\n6_mbp\n6_mbp.ilp,C:\Users\JackM\calcium\ilastik_models\n6_bf\n6_bf.ilp,True,True,True,True,True,True,True,True,
