cell_id,crop_file_name,original_image_file_name,original_image_stem,field_of_view,bio_rep,treatment_blinded,treatment,date_code,prefix,scene_index,cell_index,mbp_cell_source_path,mbp_soma_source_path,c3_cell_source_path,mbp_cell_seg_path,mbp_soma_seg_path,c3_cell_seg_path,qc_image_path,thesis_image_path,mbp_total_area_px,mbp_soma_area_px,mbp_soma_area_within_total_px,soma_to_total_ratio,process_to_total_ratio,mbp_process_area_px,mbp_process_area_subtract_px,c3_total_area_px,nanofiber_total_area_px,mbp_c3_colocalized_area_px,mbp_nanofiber_colocalized_area_px,mbp_c3_soma_colocalized_area_px,mbp_nanofiber_soma_colocalized_area_px,mbp_c3_process_colocalized_area_px,mbp_nanofiber_process_colocalized_area_px,pct_mbp_colocalized,pct_mbp_nanofiber_colocalized,pct_process_colocalized,pct_process_nanofiber_colocalized
X2403_0_cell01,X2403_0_cell01_cell_c2.tif,X2403_0.tif,X2403_0,X2403_0,n1,X,pranlukast,2403,X,0,1,C:\Users\JackM\Desktop\out\X2403_0_cell01_cell_c2.tif,C:\Users\JackM\Desktop\out\X2403_0_cell01_soma_c2.tif,C:\Users\JackM\Desktop\out\X2403_0_cell01_cell_c3.tif,C:\Users\JackM\src2\ensheathment\ilastik_outputs\mbp\n1\X2403_0_cell01_cell_c2__mbp_seg.tiff,C:\Users\JackM\src2\ensheathment\ilastik_outputs\mbp\n1\X2403_0_cell01_soma_c2__mbp_seg.tiff,C:\Users\JackM\src2\ensheathment\ilastik_outputs\c3\n1\X2403_0_cell01_cell_c3__c3_seg.tiff,C:\Users\JackM\src2\ensheathment\quantification\qc\X2403_0_cell01__qc.png,C:\Users\JackM\src2\ensheathment\quantification\thesis\X2403_0_cell01__thesis.png,166257,39674,39398,0.23863055390148985,0.7630295265763246,126859,126583,326704,326704,91352,91352,16925,16925,74427,74427,54.94625790192293,54.94625790192293,58.669073538337834,58.669073538337834
X2403_0_cell02,X2403_0_cell02_cell_c2.tif,X2403_0.tif,X2403_0,X2403_0,n1,X,pranlukast,2403,X,0,2,C:\Users\JackM\Desktop\out\X2403_0_cell02_cell_c2.tif,C:\Users\JackM\Desktop\out\X2403_0_cell02_soma_c2.tif,C:\Users\JackM\Desktop\out\X2403_0_cell02_cell_c3.tif,C:\Users\JackM\src2\ensheathment\ilastik_outputs\mbp\n1\X2403_0_cell02_cell_c2__mbp_seg.tiff,C:\Users\JackM\src2\ensheathment\ilastik_outputs\mbp\n1\X2403_0_cell02_soma_c2__mbp_seg.tiff,C:\Users\JackM\src2\ensheathment\ilastik_outputs\c3\n1\X2403_0_cell02_cell_c3__c3_seg.tiff,C:\Users\JackM\src2\ensheathment\quantification\qc\X2403_0_cell02__qc.png,C:\Users\JackM\src2\ensheathment\quantification\thesis\X2403_0_cell02__thesis.png,89334,22644,22349,0.2534757203304453,0.7498264938321356,66985,66690,169913,169913,46403,46403,12265,12265,34138,34138,51.94326908008149,51.94326908008149,50.96364857803985,50.96364857803985
X2403_1_cell01,X2403_1_cell01_cell_c2.tif,X2403_1.tif,X2403_1,X2403_1,n1,X,pranlukast,2403,X,1,1,C:\Users\JackM\Desktop\out\X2403_1_cell01_cell_c2.tif,C:\Users\JackM\Desktop\out\X2403_1_cell01_soma_c2.tif,C:\Users\JackM\Desktop\out\X2403_1_cell01_cell_c3.tif,C:\Users\JackM\src2\ensheathment\ilastik_outputs\mbp\n1\X2403_1_cell01_cell_c2__mbp_seg.tiff,C:\Users\JackM\src2\ensheathment\ilastik_outputs\mbp\n1\X2403_1_cell01_soma_c2__mbp_seg.tiff,C:\Users\JackM\src2\ensheathment\ilastik_outputs\c3\n1\X2403_1_cell01_cell_c3__c3_seg.tiff,C:\Users\JackM\src2\ensheathment\quantification\qc\X2403_1_cell01__qc.png,C:\Users\JackM\src2\ensheathment\quantification\thesis\X2403_1_cell01__thesis.png,275319,32784,32662,0.11907641681104464,0.8813667055306753,242657,242535,424138,424138,154818,154818,16837,16837,137981,137981,56.23222516426401,56.23222516426401,56.862567327544646,56.862567327544646
X2403_1_cell02,X2403_1_cell02_cell_c2.tif,X2403_1.tif,X2403_1,X2403_1,n1,X,pranlukast,2403,X,1,2,C:\Users\JackM\Desktop\out\X2403_1_cell02_cell_c2.tif,C:\Users\JackM\Desktop\out\X2403_1_cell02_soma_c2.tif,C:\Users\JackM\Desktop\out\X2403_1_cell02_cell_c3.tif,C:\Users\JackM\src2\ensheathment\ilastik_outputs\mbp\n1\X2403_1_cell02_cell_c2__mbp_seg.tiff,C:\Users\JackM\src2\ensheathment\ilastik_outputs\mbp\n1\X2403_1_cell02_soma_c2__mbp_seg.tiff,C:\Users\JackM\src2\ensheathment\ilastik_outputs\c3\n1\X2403_1_cell02_cell_c3__c3_seg.tiff,C:\Users\JackM\src2\ensheathment\quantification\qc\X2403_1_cell02__qc.png,C:\Users\JackM\src2\ensheathment\quantification\thesis\X2403_1_cell02__thesis.png,155697,24279,24175,0.1559374939786894,0.8447304700797061,131522,131418,224704,224704,90763,90763,15248,15248,75515,75515,58.294636377065714,58.294636377065714,57.41624975289306,57.41624975289306
X2403_2_cell01,X2403_2_cell01_cell_c2.tif,X2403_2.tif,X2403_2,X2403_2,n1,X,pranlukast,2403,X,2,1,C:\Users\JackM\Desktop\out\X2403_2_cell01_cell_c2.tif,C:\Users\JackM\Desktop\out\X2403_2_cell01_soma_c2.tif,C:\Users\JackM\Desktop\out\X2403_2_cell01_cell_c3.tif,C:\Users\JackM\src2\ensheathment\ilastik_outputs\mbp\n1\X2403_2_cell01_cell_c2__mbp_seg.tiff,C:\Users\JackM\src2\ensheathment\ilastik_outputs\mbp\n1\X2403_2_cell01_soma_c2__mbp_seg.tiff,C:\Users\JackM\src2\ensheathment\ilastik_outputs\c3\n1\X2403_2_cell01_cell_c3__c3_seg.tiff,C:\Users\JackM\src2\ensheathment\quantification\qc\X2403_2_cell01__qc.png,C:\Users\JackM\src2\ensheathment\quantification\thesis\X2403_2_cell01__thesis.png,198133,44593,44004,0.22506599102622984,0.7779067596008742,154129,153540,311495,311495,103775,103775,24513,24513,79262,79262,52.37643401149733,52.37643401149733,51.425753751727456,51.425753751727456
X2403_2_cell02,X2403_2_cell02_cell_c2.tif,X2403_2.tif,X2403_2,X2403_2,n1,X,pranlukast,2403,X,2,2,C:\Users\JackM\Desktop\out\X2403_2_cell02_cell_c2.tif,C:\Users\JackM\Desktop\out\X2403_2_cell02_soma_c2.tif,C:\Users\JackM\Desktop\out\X2403_2_cell02_cell_c3.tif,C:\Users\JackM\src2\ensheathment\ilastik_outputs\mbp\n1\X2403_2_cell02_cell_c2__mbp_seg.tiff,C:\Users\JackM\src2\ensheathment\ilastik_outputs\mbp\n1\X2403_2_cell02_soma_c2__mbp_seg.tiff,C:\Users\JackM\src2\ensheathment\ilastik_outputs\c3\n1\X2403_2_cell02_cell_c3__c3_seg.tiff,C:\Users\JackM\src2\ensheathment\quantification\qc\X2403_2_cell02__qc.png,C:\Users\JackM\src2\ensheathment\quantification\thesis\X2403_2_cell02__thesis.png,120876,30145,29815,0.24938780237598862,0.7533422681094676,91061,90731,128129,128129,54002,54002,13177,13177,40825,40825,44.67553525927397,44.67553525927397,44.832584750881274,44.832584750881274
X2403_2_cell03,X2403_2_cell03_cell_c2.tif,X2403_2.tif,X2403_2,X2403_2,n1,X,pranlukast,2403,X,2,3,C:\Users\JackM\Desktop\out\X2403_2_cell03_cell_c2.tif,C:\Users\JackM\Desktop\out\X2403_2_cell03_soma_c2.tif,C:\Users\JackM\Desktop\out\X2403_2_cell03_cell_c3.tif,C:\Users\JackM\src2\ensheathment\ilastik_outputs\mbp\n1\X2403_2_cell03_cell_c2__mbp_seg.tiff,C:\Users\JackM\src2\ensheathment\ilastik_outputs\mbp\n1\X2403_2_cell03_soma_c2__mbp_seg.tiff,C:\Users\JackM\src2\ensheathment\ilastik_outputs\c3\n1\X2403_2_cell03_cell_c3__c3_seg.tiff,C:\Users\JackM\src2\ensheathment\quantification\qc\X2403_2_cell03__qc.png,C:\Users\JackM\src2\ensheathment\quantification\thesis\X2403_2_cell03__thesis.png,129107,41739,41495,0.32328998427660777,0.6785999209957632,87612,87368,259681,259681,76524,76524,25560,25560,50964,50964,59.27176682906426,59.27176682906426,58.17011368305711,58.17011368305711
Y2403_0_cell01,Y2403_0_cell01_cell_c2.tif,Y2403_0.tif,Y2403_0,Y2403_0,n1,Y,vehicle,2403,Y,0,1,C:\Users\JackM\Desktop\out\Y2403_0_cell01_cell_c2.tif,C:\Users\JackM\Desktop\out\Y2403_0_cell01_soma_c2.tif,C:\Users\JackM\Desktop\out\Y2403_0_cell01_cell_c3.tif,C:\Users\JackM\src2\ensheathment\ilastik_outputs\mbp\n1\Y2403_0_cell01_cell_c2__mbp_seg.tiff,C:\Users\JackM\src2\ensheathment\ilastik_outputs\mbp\n1\Y2403_0_cell01_soma_c2__mbp_seg.tiff,C:\Users\JackM\src2\ensheathment\ilastik_outputs\c3\n1\Y2403_0_cell01_cell_c3__c3_seg.tiff,C:\Users\JackM\src2\ensheathment\quantification\qc\Y2403_0_cell01__qc.png,C:\Users\JackM\src2\ensheathment\quantification\thesis\Y2403_0_cell01__thesis.png,92362,28578,27868,0.3094129620406661,0.6982741820229098,64494,63784,409145,409145,53839,53839,12511,12511,41328,41328,58.29128862519218,58.29128862519218,64.08037957019258,64.08037957019258
Y2403_1_cell01,Y2403_1_cell01_cell_c2.tif,Y2403_1.tif,Y2403_1,Y2403_1,n1,Y,vehicle,2403,Y,1,1,C:\Users\JackM\Desktop\out\Y2403_1_cell01_cell_c2.tif,C:\Users\JackM\Desktop\out\Y2403_1_cell01_soma_c2.tif,C:\Users\JackM\Desktop\out\Y2403_1_cell01_cell_c3.tif,C:\Users\JackM\src2\ensheathment\ilastik_outputs\mbp\n1\Y2403_1_cell01_cell_c2__mbp_seg.tiff,C:\Users\JackM\src2\ensheathment\ilastik_outputs\mbp\n1\Y2403_1_cell01_soma_c2__mbp_seg.tiff,C:\Users\JackM\src2\ensheathment\ilastik_outputs\c3\n1\Y2403_1_cell01_cell_c3__c3_seg.tiff,C:\Users\JackM\src2\ensheathment\quantification\qc\Y2403_1_cell01__qc.png,C:\Users\JackM\src2\ensheathment\quantification\thesis\Y2403_1_cell01__thesis.png,86340,41905,41733,0.4853486217280519,0.5166435024322447,44607,44435,353891,353891,55166,55166,25672,25672,29494,29494,63.893907806347,63.893907806347,66.11966731678885,66.11966731678885
Y2403_1_cell02,Y2403_1_cell02_cell_c2.tif,Y2403_1.tif,Y2403_1,Y2403_1,n1,Y,vehicle,2403,Y,1,2,C:\Users\JackM\Desktop\out\Y2403_1_cell02_cell_c2.tif,C:\Users\JackM\Desktop\out\Y2403_1_cell02_soma_c2.tif,C:\Users\JackM\Desktop\out\Y2403_1_cell02_cell_c3.tif,C:\Users\JackM\src2\ensheathment\ilastik_outputs\mbp\n1\Y2403_1_cell02_cell_c2__mbp_seg.tiff,C:\Users\JackM\src2\ensheathment\ilastik_outputs\mbp\n1\Y2403_1_cell02_soma_c2__mbp_seg.tiff,C:\Users\JackM\src2\ensheathment\ilastik_outputs\c3\n1\Y2403_1_cell02_cell_c3__c3_seg.tiff,C:\Users\JackM\src2\ensheathment\quantification\qc\Y2403_1_cell02__qc.png,C:\Users\JackM\src2\ensheathment\quantification\thesis\Y2403_1_cell02__thesis.png,119225,26059,26041,0.21856993080310338,0.7815810442440764,93184,93166,171259,171259,66904,66904,16919,16919,49985,49985,56.1157475361711,56.1157475361711,53.64118303571429,53.64118303571429
Y2403_2_cell01,Y2403_2_cell01_cell_c2.tif,Y2403_2.tif,Y2403_2,Y2403_2,n1,Y,vehicle,2403,Y,2,1,C:\Users\JackM\Desktop\out\Y2403_2_cell01_cell_c2.tif,C:\Users\JackM\Desktop\out\Y2403_2_cell01_soma_c2.tif,C:\Users\JackM\Desktop\out\Y2403_2_cell01_cell_c3.tif,C:\Users\JackM\src2\ensheathment\ilastik_outputs\mbp\n1\Y2403_2_cell01_cell_c2__mbp_seg.tiff,C:\Users\JackM\src2\ensheathment\ilastik_outputs\mbp\n1\Y2403_2_cell01_soma_c2__mbp_seg.tiff,C:\Users\JackM\src2\ensheathment\ilastik_outputs\c3\n1\Y2403_2_cell01_cell_c3__c3_seg.tiff,C:\Users\JackM\src2\ensheathment\quantification\qc\Y2403_2_cell01__qc.png,C:\Users\JackM\src2\ensheathment\quantification\thesis\Y2403_2_cell01__thesis.png,212224,39195,39150,0.1846869345597105,0.815525105548854,173074,173029,393934,393934,127195,127195,23502,23502,103693,103693,59.93431468636912,59.93431468636912,59.91252296705456,59.91252296705456
Y2403_2_cell02,Y2403_2_cell02_cell_c2.tif,Y2403_2.tif,Y2403_2,Y2403_2,n1,Y,vehicle,2403,Y,2,2,C:\Users\JackM\Desktop\out\Y2403_2_cell02_cell_c2.tif,C:\Users\JackM\Desktop\out\Y2403_2_cell02_soma_c2.tif,C:\Users\JackM\Desktop\out\Y2403_2_cell02_cell_c3.tif,C:\Users\JackM\src2\ensheathment\ilastik_outputs\mbp\n1\Y2403_2_cell02_cell_c2__mbp_seg.tiff,C:\Users\JackM\src2\ensheathment\ilastik_outputs\mbp\n1\Y2403_2_cell02_soma_c2__mbp_seg.tiff,C:\Users\JackM\src2\ensheathment\ilastik_outputs\c3\n1\Y2403_2_cell02_cell_c3__c3_seg.tiff,C:\Users\JackM\src2\ensheathment\quantification\qc\Y2403_2_cell02__qc.png,C:\Users\JackM\src2\ensheathment\quantification\thesis\Y2403_2_cell02__thesis.png,128548,64377,63424,0.5008012571179637,0.5066123160220307,65124,64171,274249,274249,79721,79721,36624,36624,43097,43097,62.01652301085976,62.01652301085976,66.17683188993306,66.17683188993306
Y2403_2_cell03,Y2403_2_cell03_cell_c2.tif,Y2403_2.tif,Y2403_2,Y2403_2,n1,Y,vehicle,2403,Y,2,3,C:\Users\JackM\Desktop\out\Y2403_2_cell03_cell_c2.tif,C:\Users\JackM\Desktop\out\Y2403_2_cell03_soma_c2.tif,C:\Users\JackM\Desktop\out\Y2403_2_cell03_cell_c3.tif,C:\Users\JackM\src2\ensheathment\ilastik_outputs\mbp\n1\Y2403_2_cell03_cell_c2__mbp_seg.tiff,C:\Users\JackM\src2\ensheathment\ilastik_outputs\mbp\n1\Y2403_2_cell03_soma_c2__mbp_seg.tiff,C:\Users\JackM\src2\ensheathment\ilastik_outputs\c3\n1\Y2403_2_cell03_cell_c3__c3_seg.tiff,C:\Users\JackM\src2\ensheathment\quantification\qc\Y2403_2_cell03__qc.png,C:\Users\JackM\src2\ensheathment\quantification\thesis\Y2403_2_cell03__thesis.png,55854,23608,23250,0.4226733985032406,0.5837361692985283,32604,32246,331304,331304,37707,37707,15527,15527,22180,22180,67.5099366204748,67.5099366204748,68.02846276530488,68.02846276530488
Z2403_0_cell01,Z2403_0_cell01_cell_c2.tif,Z2403_0.tif,Z2403_0,Z2403_0,n1,Z,HAMI3379,2403,Z,0,1,C:\Users\JackM\Desktop\out\Z2403_0_cell01_cell_c2.tif,C:\Users\JackM\Desktop\out\Z2403_0_cell01_soma_c2.tif,C:\Users\JackM\Desktop\out\Z2403_0_cell01_cell_c3.tif,C:\Users\JackM\src2\ensheathment\ilastik_outputs\mbp\n1\Z2403_0_cell01_cell_c2__mbp_seg.tiff,C:\Users\JackM\src2\ensheathment\ilastik_outputs\mbp\n1\Z2403_0_cell01_soma_c2__mbp_seg.tiff,C:\Users\JackM\src2\ensheathment\ilastik_outputs\c3\n1\Z2403_0_cell01_cell_c3__c3_seg.tiff,C:\Users\JackM\src2\ensheathment\quantification\qc\Z2403_0_cell01__qc.png,C:\Users\JackM\src2\ensheathment\quantification\thesis\Z2403_0_cell01__thesis.png,191513,24890,24837,0.12996506764553842,0.8703116759697775,166676,166623,226704,226704,119985,119985,18235,18235,101750,101750,62.651099403173674,62.651099403173674,61.046581391442075,61.046581391442075
Z2403_0_cell02,Z2403_0_cell02_cell_c2.tif,Z2403_0.tif,Z2403_0,Z2403_0,n1,Z,HAMI3379,2403,Z,0,2,C:\Users\JackM\Desktop\out\Z2403_0_cell02_cell_c2.tif,C:\Users\JackM\Desktop\out\Z2403_0_cell02_soma_c2.tif,C:\Users\JackM\Desktop\out\Z2403_0_cell02_cell_c3.tif,C:\Users\JackM\src2\ensheathment\ilastik_outputs\mbp\n1\Z2403_0_cell02_cell_c2__mbp_seg.tiff,C:\Users\JackM\src2\ensheathment\ilastik_outputs\mbp\n1\Z2403_0_cell02_soma_c2__mbp_seg.tiff,C:\Users\JackM\src2\ensheathment\ilastik_outputs\c3\n1\Z2403_0_cell02_cell_c3__c3_seg.tiff,C:\Users\JackM\src2\ensheathment\quantification\qc\Z2403_0_cell02__qc.png,C:\Users\JackM\src2\ensheathment\quantification\thesis\Z2403_0_cell02__thesis.png,72046,17438,16820,0.242039807900508,0.7665380451378286,55226,54608,130048,130048,34920,34920,8997,8997,25923,25923,48.46903367293118,48.46903367293118,46.9398471734328,46.9398471734328
Z2403_1_cell01,Z2403_1_cell01_cell_c2.tif,Z2403_1.tif,Z2403_1,Z2403_1,n1,Z,HAMI3379,2403,Z,1,1,C:\Users\JackM\Desktop\out\Z2403_1_cell01_cell_c2.tif,C:\Users\JackM\Desktop\out\Z2403_1_cell01_soma_c2.tif,C:\Users\JackM\Desktop\out\Z2403_1_cell01_cell_c3.tif,C:\Users\JackM\src2\ensheathment\ilastik_outputs\mbp\n1\Z2403_1_cell01_cell_c2__mbp_seg.tiff,C:\Users\JackM\src2\ensheathment\ilastik_outputs\mbp\n1\Z2403_1_cell01_soma_c2__mbp_seg.tiff,C:\Users\JackM\src2\ensheathment\ilastik_outputs\c3\n1\Z2403_1_cell01_cell_c3__c3_seg.tiff,C:\Users\JackM\src2\ensheathment\quantification\qc\Z2403_1_cell01__qc.png,C:\Users\JackM\src2\ensheathment\quantification\thesis\Z2403_1_cell01__thesis.png,142482,29162,28132,0.20467146727305904,0.8025575160371134,114350,113320,254004,254004,82624,82624,15856,15856,66768,66768,57.98907932230036,57.98907932230036,58.38915609969392,58.38915609969392
Z2403_1_cell02,Z2403_1_cell02_cell_c2.tif,Z2403_1.tif,Z2403_1,Z2403_1,n1,Z,HAMI3379,2403,Z,1,2,C:\Users\JackM\Desktop\out\Z2403_1_cell02_cell_c2.tif,C:\Users\JackM\Desktop\out\Z2403_1_cell02_soma_c2.tif,C:\Users\JackM\Desktop\out\Z2403_1_cell02_cell_c3.tif,C:\Users\JackM\src2\ensheathment\ilastik_outputs\mbp\n1\Z2403_1_cell02_cell_c2__mbp_seg.tiff,C:\Users\JackM\src2\ensheathment\ilastik_outputs\mbp\n1\Z2403_1_cell02_soma_c2__mbp_seg.tiff,C:\Users\JackM\src2\ensheathment\ilastik_outputs\c3\n1\Z2403_1_cell02_cell_c3__c3_seg.tiff,C:\Users\JackM\src2\ensheathment\quantification\qc\Z2403_1_cell02__qc.png,C:\Users\JackM\src2\ensheathment\quantification\thesis\Z2403_1_cell02__thesis.png,113707,31348,31193,0.2756910304554689,0.725672122208835,82514,82359,177801,177801,64636,64636,15791,15791,48845,48845,56.844345554803134,56.844345554803134,59.19601522165936,59.19601522165936
Z2403_1_cell03,Z2403_1_cell03_cell_c2.tif,Z2403_1.tif,Z2403_1,Z2403_1,n1,Z,HAMI3379,2403,Z,1,3,C:\Users\JackM\Desktop\out\Z2403_1_cell03_cell_c2.tif,C:\Users\JackM\Desktop\out\Z2403_1_cell03_soma_c2.tif,C:\Users\JackM\Desktop\out\Z2403_1_cell03_cell_c3.tif,C:\Users\JackM\src2\ensheathment\ilastik_outputs\mbp\n1\Z2403_1_cell03_cell_c2__mbp_seg.tiff,C:\Users\JackM\src2\ensheathment\ilastik_outputs\mbp\n1\Z2403_1_cell03_soma_c2__mbp_seg.tiff,C:\Users\JackM\src2\ensheathment\ilastik_outputs\c3\n1\Z2403_1_cell03_cell_c3__c3_seg.tiff,C:\Users\JackM\src2\ensheathment\quantification\qc\Z2403_1_cell03__qc.png,C:\Users\JackM\src2\ensheathment\quantification\thesis\Z2403_1_cell03__thesis.png,198343,38031,37809,0.1917435956902941,0.809375677487988,160534,160312,271311,271311,101036,101036,17350,17350,83686,83686,50.94003821662474,50.94003821662474,52.12976690296137,52.12976690296137
Z2403_2_cell01,Z2403_2_cell01_cell_c2.tif,Z2403_2.tif,Z2403_2,Z2403_2,n1,Z,HAMI3379,2403,Z,2,1,C:\Users\JackM\Desktop\out\Z2403_2_cell01_cell_c2.tif,C:\Users\JackM\Desktop\out\Z2403_2_cell01_soma_c2.tif,C:\Users\JackM\Desktop\out\Z2403_2_cell01_cell_c3.tif,C:\Users\JackM\src2\ensheathment\ilastik_outputs\mbp\n1\Z2403_2_cell01_cell_c2__mbp_seg.tiff,C:\Users\JackM\src2\ensheathment\ilastik_outputs\mbp\n1\Z2403_2_cell01_soma_c2__mbp_seg.tiff,C:\Users\JackM\src2\ensheathment\ilastik_outputs\c3\n1\Z2403_2_cell01_cell_c3__c3_seg.tiff,C:\Users\JackM\src2\ensheathment\quantification\qc\Z2403_2_cell01__qc.png,C:\Users\JackM\src2\ensheathment\quantification\thesis\Z2403_2_cell01__thesis.png,240820,38837,38281,0.16126982808736817,0.8410389502533012,202539,201983,368345,368345,111434,111434,13800,13800,97634,97634,46.272734822689145,46.272734822689145,48.205037054591955,48.205037054591955
Z2403_2_cell02,Z2403_2_cell02_cell_c2.tif,Z2403_2.tif,Z2403_2,Z2403_2,n1,Z,HAMI3379,2403,Z,2,2,C:\Users\JackM\Desktop\out\Z2403_2_cell02_cell_c2.tif,C:\Users\JackM\Desktop\out\Z2403_2_cell02_soma_c2.tif,C:\Users\JackM\Desktop\out\Z2403_2_cell02_cell_c3.tif,C:\Users\JackM\src2\ensheathment\ilastik_outputs\mbp\n1\Z2403_2_cell02_cell_c2__mbp_seg.tiff,C:\Users\JackM\src2\ensheathment\ilastik_outputs\mbp\n1\Z2403_2_cell02_soma_c2__mbp_seg.tiff,C:\Users\JackM\src2\ensheathment\ilastik_outputs\c3\n1\Z2403_2_cell02_cell_c3__c3_seg.tiff,C:\Users\JackM\src2\ensheathment\quantification\qc\Z2403_2_cell02__qc.png,C:\Users\JackM\src2\ensheathment\quantification\thesis\Z2403_2_cell02__thesis.png,218515,46644,44853,0.21345903027252133,0.7947372033956479,173662,171871,406150,406150,120411,120411,21126,21126,99285,99285,55.10422625449054,55.10422625449054,57.171401918669595,57.171401918669595
X2703_0_cell01,X2703_0_cell01_cell_c2.tif,X2703_0.tif,X2703_0,X2703_0,n2,X,pranlukast,2703,X,0,1,C:\Users\JackM\Desktop\out\X2703_0_cell01_cell_c2.tif,C:\Users\JackM\Desktop\out\X2703_0_cell01_soma_c2.tif,C:\Users\JackM\Desktop\out\X2703_0_cell01_cell_c3.tif,C:\Users\JackM\src2\ensheathment\ilastik_outputs\mbp\n2\X2703_0_cell01_cell_c2__mbp_seg.tiff,C:\Users\JackM\src2\ensheathment\ilastik_outputs\mbp\n2\X2703_0_cell01_soma_c2__mbp_seg.tiff,C:\Users\JackM\src2\ensheathment\ilastik_outputs\c3\n2\X2703_0_cell01_cell_c3__c3_seg.tiff,C:\Users\JackM\src2\ensheathment\quantification\qc\X2703_0_cell01__qc.png,C:\Users\JackM\src2\ensheathment\quantification\thesis\X2703_0_cell01__thesis.png,613297,55600,52984,0.09065754438714033,0.9136079256869021,560313,557697,732522,732522,289038,289038,23900,23900,265138,265138,47.12855272404724,47.12855272404724,47.319623139209696,47.319623139209696
X2703_1_cell01,X2703_1_cell01_cell_c2.tif,X2703_1.tif,X2703_1,X2703_1,n2,X,pranlukast,2703,X,1,1,C:\Users\JackM\Desktop\out\X2703_1_cell01_cell_c2.tif,C:\Users\JackM\Desktop\out\X2703_1_cell01_soma_c2.tif,C:\Users\JackM\Desktop\out\X2703_1_cell01_cell_c3.tif,C:\Users\JackM\src2\ensheathment\ilastik_outputs\mbp\n2\X2703_1_cell01_cell_c2__mbp_seg.tiff,C:\Users\JackM\src2\ensheathment\ilastik_outputs\mbp\n2\X2703_1_cell01_soma_c2__mbp_seg.tiff,C:\Users\JackM\src2\ensheathment\ilastik_outputs\c3\n2\X2703_1_cell01_cell_c3__c3_seg.tiff,C:\Users\JackM\src2\ensheathment\quantification\qc\X2703_1_cell01__qc.png,C:\Users\JackM\src2\ensheathment\quantification\thesis\X2703_1_cell01__thesis.png,535341,55049,52375,0.10282978512761025,0.9021651620182276,482966,480292,804587,804587,229517,229517,16859,16859,212658,212658,42.873047272672935,42.873047272672935,44.03167096648625,44.03167096648625
X2703_2_cell01,X2703_2_cell01_cell_c2.tif,X2703_2.tif,X2703_2,X2703_2,n2,X,pranlukast,2703,X,2,1,C:\Users\JackM\Desktop\out\X2703_2_cell01_cell_c2.tif,C:\Users\JackM\Desktop\out\X2703_2_cell01_soma_c2.tif,C:\Users\JackM\Desktop\out\X2703_2_cell01_cell_c3.tif,C:\Users\JackM\src2\ensheathment\ilastik_outputs\mbp\n2\X2703_2_cell01_cell_c2__mbp_seg.tiff,C:\Users\JackM\src2\ensheathment\ilastik_outputs\mbp\n2\X2703_2_cell01_soma_c2__mbp_seg.tiff,C:\Users\JackM\src2\ensheathment\ilastik_outputs\c3\n2\X2703_2_cell01_cell_c3__c3_seg.tiff,C:\Users\JackM\src2\ensheathment\quantification\qc\X2703_2_cell01__qc.png,C:\Users\JackM\src2\ensheathment\quantification\thesis\X2703_2_cell01__thesis.png,700760,80982,78224,0.11556310291683315,0.8883726240082197,622536,619778,742076,742076,358354,358354,43452,43452,314902,314902,51.13790741480678,51.13790741480678,50.58374134186617,50.58374134186617
X2703_3_cell01,X2703_3_cell01_cell_c2.tif,X2703_3.tif,X2703_3,X2703_3,n2,X,pranlukast,2703,X,3,1,C:\Users\JackM\Desktop\out\X2703_3_cell01_cell_c2.tif,C:\Users\JackM\Desktop\out\X2703_3_cell01_soma_c2.tif,C:\Users\JackM\Desktop\out\X2703_3_cell01_cell_c3.tif,C:\Users\JackM\src2\ensheathment\ilastik_outputs\mbp\n2\X2703_3_cell01_cell_c2__mbp_seg.tiff,C:\Users\JackM\src2\ensheathment\ilastik_outputs\mbp\n2\X2703_3_cell01_soma_c2__mbp_seg.tiff,C:\Users\JackM\src2\ensheathment\ilastik_outputs\c3\n2\X2703_3_cell01_cell_c3__c3_seg.tiff,C:\Users\JackM\src2\ensheathment\quantification\qc\X2703_3_cell01__qc.png,C:\Users\JackM\src2\ensheathment\quantification\thesis\X2703_3_cell01__thesis.png,488635,126434,122362,0.2587493732540649,0.7495840453508242,366273,362201,605599,605599,252201,252201,60103,60103,192098,192098,51.613371944293796,51.613371944293796,52.44667229088685,52.44667229088685
X2703_4_cell01,X2703_4_cell01_cell_c2.tif,X2703_4.tif,X2703_4,X2703_4,n2,X,pranlukast,2703,X,4,1,C:\Users\JackM\Desktop\out\X2703_4_cell01_cell_c2.tif,C:\Users\JackM\Desktop\out\X2703_4_cell01_soma_c2.tif,C:\Users\JackM\Desktop\out\X2703_4_cell01_cell_c3.tif,C:\Users\JackM\src2\ensheathment\ilastik_outputs\mbp\n2\X2703_4_cell01_cell_c2__mbp_seg.tiff,C:\Users\JackM\src2\ensheathment\ilastik_outputs\mbp\n2\X2703_4_cell01_soma_c2__mbp_seg.tiff,C:\Users\JackM\src2\ensheathment\ilastik_outputs\c3\n2\X2703_4_cell01_cell_c3__c3_seg.tiff,C:\Users\JackM\src2\ensheathment\quantification\qc\X2703_4_cell01__qc.png,C:\Users\JackM\src2\ensheathment\quantification\thesis\X2703_4_cell01__thesis.png,365385,53684,52112,0.14692447692160324,0.8573778343391217,313273,311701,610826,610826,202363,202363,29540,29540,172823,172823,55.38349959631621,55.38349959631621,55.166899158242174,55.166899158242174
X2703_5_cell01,X2703_5_cell01_cell_c2.tif,X2703_5.tif,X2703_5,X2703_5,n2,X,pranlukast,2703,X,5,1,C:\Users\JackM\Desktop\out\X2703_5_cell01_cell_c2.tif,C:\Users\JackM\Desktop\out\X2703_5_cell01_soma_c2.tif,C:\Users\JackM\Desktop\out\X2703_5_cell01_cell_c3.tif,C:\Users\JackM\src2\ensheathment\ilastik_outputs\mbp\n2\X2703_5_cell01_cell_c2__mbp_seg.tiff,C:\Users\JackM\src2\ensheathment\ilastik_outputs\mbp\n2\X2703_5_cell01_soma_c2__mbp_seg.tiff,C:\Users\JackM\src2\ensheathment\ilastik_outputs\c3\n2\X2703_5_cell01_cell_c3__c3_seg.tiff,C:\Users\JackM\src2\ensheathment\quantification\qc\X2703_5_cell01__qc.png,C:\Users\JackM\src2\ensheathment\quantification\thesis\X2703_5_cell01__thesis.png,406660,66573,64613,0.16370678207839473,0.8411129690650666,342047,340087,805726,805726,297602,297602,50374,50374,247228,247228,73.18201937736684,73.18201937736684,72.27895581601359,72.27895581601359
Y2703_0_cell01,Y2703_0_cell01_cell_c2.tif,Y2703_0.tif,Y2703_0,Y2703_0,n2,Y,vehicle,2703,Y,0,1,C:\Users\JackM\Desktop\out\Y2703_0_cell01_cell_c2.tif,C:\Users\JackM\Desktop\out\Y2703_0_cell01_soma_c2.tif,C:\Users\JackM\Desktop\out\Y2703_0_cell01_cell_c3.tif,C:\Users\JackM\src2\ensheathment\ilastik_outputs\mbp\n2\Y2703_0_cell01_cell_c2__mbp_seg.tiff,C:\Users\JackM\src2\ensheathment\ilastik_outputs\mbp\n2\Y2703_0_cell01_soma_c2__mbp_seg.tiff,C:\Users\JackM\src2\ensheathment\ilastik_outputs\c3\n2\Y2703_0_cell01_cell_c3__c3_seg.tiff,C:\Users\JackM\src2\ensheathment\quantification\qc\Y2703_0_cell01__qc.png,C:\Users\JackM\src2\ensheathment\quantification\thesis\Y2703_0_cell01__thesis.png,87984,17199,16473,0.19547872340425532,0.8127727768685216,71511,70785,108361,108361,50351,50351,7244,7244,43107,43107,57.22745044553555,57.22745044553555,60.280236606955576,60.280236606955576
Y2703_0_cell02,Y2703_0_cell02_cell_c2.tif,Y2703_0.tif,Y2703_0,Y2703_0,n2,Y,vehicle,2703,Y,0,2,C:\Users\JackM\Desktop\out\Y2703_0_cell02_cell_c2.tif,C:\Users\JackM\Desktop\out\Y2703_0_cell02_soma_c2.tif,C:\Users\JackM\Desktop\out\Y2703_0_cell02_cell_c3.tif,C:\Users\JackM\src2\ensheathment\ilastik_outputs\mbp\n2\Y2703_0_cell02_cell_c2__mbp_seg.tiff,C:\Users\JackM\src2\ensheathment\ilastik_outputs\mbp\n2\Y2703_0_cell02_soma_c2__mbp_seg.tiff,C:\Users\JackM\src2\ensheathment\ilastik_outputs\c3\n2\Y2703_0_cell02_cell_c3__c3_seg.tiff,C:\Users\JackM\src2\ensheathment\quantification\qc\Y2703_0_cell02__qc.png,C:\Users\JackM\src2\ensheathment\quantification\thesis\Y2703_0_cell02__thesis.png,73182,17674,17004,0.24150747451559126,0.7676477822415348,56178,55508,115390,115390,44884,44884,8775,8775,36109,36109,61.33202153535022,61.33202153535022,64.2760511232155,64.2760511232155
Y2703_0_cell03,Y2703_0_cell03_cell_c2.tif,Y2703_0.tif,Y2703_0,Y2703_0,n2,Y,vehicle,2703,Y,0,3,C:\Users\JackM\Desktop\out\Y2703_0_cell03_cell_c2.tif,C:\Users\JackM\Desktop\out\Y2703_0_cell03_soma_c2.tif,C:\Users\JackM\Desktop\out\Y2703_0_cell03_cell_c3.tif,C:\Users\JackM\src2\ensheathment\ilastik_outputs\mbp\n2\Y2703_0_cell03_cell_c2__mbp_seg.tiff,C:\Users\JackM\src2\ensheathment\ilastik_outputs\mbp\n2\Y2703_0_cell03_soma_c2__mbp_seg.tiff,C:\Users\JackM\src2\ensheathment\ilastik_outputs\c3\n2\Y2703_0_cell03_cell_c3__c3_seg.tiff,C:\Users\JackM\src2\ensheathment\quantification\qc\Y2703_0_cell03__qc.png,C:\Users\JackM\src2\ensheathment\quantification\thesis\Y2703_0_cell03__thesis.png,73786,11832,11456,0.16035562301791667,0.844740194616865,62330,61954,84301,84301,47095,47095,7458,7458,39637,39637,63.82647114628791,63.82647114628791,63.59217070431574,63.59217070431574
Y2703_1_cell01,Y2703_1_cell01_cell_c2.tif,Y2703_1.tif,Y2703_1,Y2703_1,n2,Y,vehicle,2703,Y,1,1,C:\Users\JackM\Desktop\out\Y2703_1_cell01_cell_c2.tif,C:\Users\JackM\Desktop\out\Y2703_1_cell01_soma_c2.tif,C:\Users\JackM\Desktop\out\Y2703_1_cell01_cell_c3.tif,C:\Users\JackM\src2\ensheathment\ilastik_outputs\mbp\n2\Y2703_1_cell01_cell_c2__mbp_seg.tiff,C:\Users\JackM\src2\ensheathment\ilastik_outputs\mbp\n2\Y2703_1_cell01_soma_c2__mbp_seg.tiff,C:\Users\JackM\src2\ensheathment\ilastik_outputs\c3\n2\Y2703_1_cell01_cell_c3__c3_seg.tiff,C:\Users\JackM\src2\ensheathment\quantification\qc\Y2703_1_cell01__qc.png,C:\Users\JackM\src2\ensheathment\quantification\thesis\Y2703_1_cell01__thesis.png,21514,8613,7869,0.4003439620712094,0.6342381704936321,13645,12901,161788,161788,14616,14616,5492,5492,9124,9124,67.93715719996281,67.93715719996281,66.86698424331257,66.86698424331257
Y2703_2_cell01,Y2703_2_cell01_cell_c2.tif,Y2703_2.tif,Y2703_2,Y2703_2,n2,Y,vehicle,2703,Y,2,1,C:\Users\JackM\Desktop\out\Y2703_2_cell01_cell_c2.tif,C:\Users\JackM\Desktop\out\Y2703_2_cell01_soma_c2.tif,C:\Users\JackM\Desktop\out\Y2703_2_cell01_cell_c3.tif,C:\Users\JackM\src2\ensheathment\ilastik_outputs\mbp\n2\Y2703_2_cell01_cell_c2__mbp_seg.tiff,C:\Users\JackM\src2\ensheathment\ilastik_outputs\mbp\n2\Y2703_2_cell01_soma_c2__mbp_seg.tiff,C:\Users\JackM\src2\ensheathment\ilastik_outputs\c3\n2\Y2703_2_cell01_cell_c3__c3_seg.tiff,C:\Users\JackM\src2\ensheathment\quantification\qc\Y2703_2_cell01__qc.png,C:\Users\JackM\src2\ensheathment\quantification\thesis\Y2703_2_cell01__thesis.png,125116,19037,18637,0.1521548003452796,0.8510422328079542,106479,106079,219000,219000,83783,83783,14473,14473,69310,69310,66.96425716934684,66.96425716934684,65.09264737647798,65.09264737647798
Y2703_2_cell02,Y2703_2_cell02_cell_c2.tif,Y2703_2.tif,Y2703_2,Y2703_2,n2,Y,vehicle,2703,Y,2,2,C:\Users\JackM\Desktop\out\Y2703_2_cell02_cell_c2.tif,C:\Users\JackM\Desktop\out\Y2703_2_cell02_soma_c2.tif,C:\Users\JackM\Desktop\out\Y2703_2_cell02_cell_c3.tif,C:\Users\JackM\src2\ensheathment\ilastik_outputs\mbp\n2\Y2703_2_cell02_cell_c2__mbp_seg.tiff,C:\Users\JackM\src2\ensheathment\ilastik_outputs\mbp\n2\Y2703_2_cell02_soma_c2__mbp_seg.tiff,C:\Users\JackM\src2\ensheathment\ilastik_outputs\c3\n2\Y2703_2_cell02_cell_c3__c3_seg.tiff,C:\Users\JackM\src2\ensheathment\quantification\qc\Y2703_2_cell02__qc.png,C:\Users\JackM\src2\ensheathment\quantification\thesis\Y2703_2_cell02__thesis.png,110694,15251,14824,0.13777621189947062,0.8660812690841418,95870,95443,248797,248797,71462,71462,8947,8947,62515,62515,64.55815129998012,64.55815129998012,65.20809429435694,65.20809429435694
Z2703_0_cell01,Z2703_0_cell01_cell_c2.tif,Z2703_0.tif,Z2703_0,Z2703_0,n2,Z,HAMI3379,2703,Z,0,1,C:\Users\JackM\Desktop\out\Z2703_0_cell01_cell_c2.tif,C:\Users\JackM\Desktop\out\Z2703_0_cell01_soma_c2.tif,C:\Users\JackM\Desktop\out\Z2703_0_cell01_cell_c3.tif,C:\Users\JackM\src2\ensheathment\ilastik_outputs\mbp\n2\Z2703_0_cell01_cell_c2__mbp_seg.tiff,C:\Users\JackM\src2\ensheathment\ilastik_outputs\mbp\n2\Z2703_0_cell01_soma_c2__mbp_seg.tiff,C:\Users\JackM\src2\ensheathment\ilastik_outputs\c3\n2\Z2703_0_cell01_cell_c3__c3_seg.tiff,C:\Users\JackM\src2\ensheathment\quantification\qc\Z2703_0_cell01__qc.png,C:\Users\JackM\src2\ensheathment\quantification\thesis\Z2703_0_cell01__thesis.png,577443,75950,74136,0.13152813351274498,0.8716133020921546,503307,501493,903201,903201,322888,322888,36732,36732,286156,286156,55.916861058147724,55.916861058147724,56.855159971945554,56.855159971945554
Z2703_1_cell01,Z2703_1_cell01_cell_c2.tif,Z2703_1.tif,Z2703_1,Z2703_1,n2,Z,HAMI3379,2703,Z,1,1,C:\Users\JackM\Desktop\out\Z2703_1_cell01_cell_c2.tif,C:\Users\JackM\Desktop\out\Z2703_1_cell01_soma_c2.tif,C:\Users\JackM\Desktop\out\Z2703_1_cell01_cell_c3.tif,C:\Users\JackM\src2\ensheathment\ilastik_outputs\mbp\n2\Z2703_1_cell01_cell_c2__mbp_seg.tiff,C:\Users\JackM\src2\ensheathment\ilastik_outputs\mbp\n2\Z2703_1_cell01_soma_c2__mbp_seg.tiff,C:\Users\JackM\src2\ensheathment\ilastik_outputs\c3\n2\Z2703_1_cell01_cell_c3__c3_seg.tiff,C:\Users\JackM\src2\ensheathment\quantification\qc\Z2703_1_cell01__qc.png,C:\Users\JackM\src2\ensheathment\quantification\thesis\Z2703_1_cell01__thesis.png,62828,39231,32716,0.624419048831731,0.4792767555866811,30112,23597,79557,79557,15298,15298,8528,8528,6770,6770,24.349016362131533,24.349016362131533,22.482731137088205,22.482731137088205
Z2703_1_cell02,Z2703_1_cell02_cell_c2.tif,Z2703_1.tif,Z2703_1,Z2703_1,n2,Z,HAMI3379,2703,Z,1,2,C:\Users\JackM\Desktop\out\Z2703_1_cell02_cell_c2.tif,C:\Users\JackM\Desktop\out\Z2703_1_cell02_soma_c2.tif,C:\Users\JackM\Desktop\out\Z2703_1_cell02_cell_c3.tif,C:\Users\JackM\src2\ensheathment\ilastik_outputs\mbp\n2\Z2703_1_cell02_cell_c2__mbp_seg.tiff,C:\Users\JackM\src2\ensheathment\ilastik_outputs\mbp\n2\Z2703_1_cell02_soma_c2__mbp_seg.tiff,C:\Users\JackM\src2\ensheathment\ilastik_outputs\c3\n2\Z2703_1_cell02_cell_c3__c3_seg.tiff,C:\Users\JackM\src2\ensheathment\quantification\qc\Z2703_1_cell02__qc.png,C:\Users\JackM\src2\ensheathment\quantification\thesis\Z2703_1_cell02__thesis.png,63928,29469,27298,0.46097171818295585,0.5729883619071455,36630,34459,129352,129352,26837,26837,10866,10866,15971,15971,41.98004004505068,41.98004004505068,43.600873600873605,43.600873600873605
Z2703_1_cell03,Z2703_1_cell03_cell_c2.tif,Z2703_1.tif,Z2703_1,Z2703_1,n2,Z,HAMI3379,2703,Z,1,3,C:\Users\JackM\Desktop\out\Z2703_1_cell03_cell_c2.tif,C:\Users\JackM\Desktop\out\Z2703_1_cell03_soma_c2.tif,C:\Users\JackM\Desktop\out\Z2703_1_cell03_cell_c3.tif,C:\Users\JackM\src2\ensheathment\ilastik_outputs\mbp\n2\Z2703_1_cell03_cell_c2__mbp_seg.tiff,C:\Users\JackM\src2\ensheathment\ilastik_outputs\mbp\n2\Z2703_1_cell03_soma_c2__mbp_seg.tiff,C:\Users\JackM\src2\ensheathment\ilastik_outputs\c3\n2\Z2703_1_cell03_cell_c3__c3_seg.tiff,C:\Users\JackM\src2\ensheathment\quantification\qc\Z2703_1_cell03__qc.png,C:\Users\JackM\src2\ensheathment\quantification\thesis\Z2703_1_cell03__thesis.png,243240,66524,62695,0.27349120210491695,0.7422504522282519,180545,176716,374478,374478,93084,93084,23625,23625,69459,69459,38.26837691169215,38.26837691169215,38.47184912348722,38.47184912348722
Z2703_2_cell01,Z2703_2_cell01_cell_c2.tif,Z2703_2.tif,Z2703_2,Z2703_2,n2,Z,HAMI3379,2703,Z,2,1,C:\Users\JackM\Desktop\out\Z2703_2_cell01_cell_c2.tif,C:\Users\JackM\Desktop\out\Z2703_2_cell01_soma_c2.tif,C:\Users\JackM\Desktop\out\Z2703_2_cell01_cell_c3.tif,C:\Users\JackM\src2\ensheathment\ilastik_outputs\mbp\n2\Z2703_2_cell01_cell_c2__mbp_seg.tiff,C:\Users\JackM\src2\ensheathment\ilastik_outputs\mbp\n2\Z2703_2_cell01_soma_c2__mbp_seg.tiff,C:\Users\JackM\src2\ensheathment\ilastik_outputs\c3\n2\Z2703_2_cell01_cell_c3__c3_seg.tiff,C:\Users\JackM\src2\ensheathment\quantification\qc\Z2703_2_cell01__qc.png,C:\Users\JackM\src2\ensheathment\quantification\thesis\Z2703_2_cell01__thesis.png,450858,83045,80281,0.18419324931574907,0.8219372840229074,370577,367813,649572,649572,246558,246558,43970,43970,202588,202588,54.68639793460469,54.68639793460469,54.66826057742386,54.66826057742386
X0404_0_cell01,X0404_0_cell01_cell_c2.tif,X0404_0.tif,X0404_0,X0404_0,n3,X,pranlukast,0404,X,0,1,C:\Users\JackM\Desktop\out\X0404_0_cell01_cell_c2.tif,C:\Users\JackM\Desktop\out\X0404_0_cell01_soma_c2.tif,C:\Users\JackM\Desktop\out\X0404_0_cell01_cell_c3.tif,C:\Users\JackM\src2\ensheathment\ilastik_outputs\mbp\n3\X0404_0_cell01_cell_c2__mbp_seg.tiff,C:\Users\JackM\src2\ensheathment\ilastik_outputs\mbp\n3\X0404_0_cell01_soma_c2__mbp_seg.tiff,C:\Users\JackM\src2\ensheathment\ilastik_outputs\c3\n3\X0404_0_cell01_cell_c3__c3_seg.tiff,C:\Users\JackM\src2\ensheathment\quantification\qc\X0404_0_cell01__qc.png,C:\Users\JackM\src2\ensheathment\quantification\thesis\X0404_0_cell01__thesis.png,106160,22692,22609,0.21375282592313488,0.7870290128108516,83551,83468,307414,307414,27676,27676,6275,6275,21401,21401,26.07008289374529,26.07008289374529,25.614295460257807,25.614295460257807
X0404_0_cell02,X0404_0_cell02_cell_c2.tif,X0404_0.tif,X0404_0,X0404_0,n3,X,pranlukast,0404,X,0,2,C:\Users\JackM\Desktop\out\X0404_0_cell02_cell_c2.tif,C:\Users\JackM\Desktop\out\X0404_0_cell02_soma_c2.tif,C:\Users\JackM\Desktop\out\X0404_0_cell02_cell_c3.tif,C:\Users\JackM\src2\ensheathment\ilastik_outputs\mbp\n3\X0404_0_cell02_cell_c2__mbp_seg.tiff,C:\Users\JackM\src2\ensheathment\ilastik_outputs\mbp\n3\X0404_0_cell02_soma_c2__mbp_seg.tiff,C:\Users\JackM\src2\ensheathment\ilastik_outputs\c3\n3\X0404_0_cell02_cell_c3__c3_seg.tiff,C:\Users\JackM\src2\ensheathment\quantification\qc\X0404_0_cell02__qc.png,C:\Users\JackM\src2\ensheathment\quantification\thesis\X0404_0_cell02__thesis.png,11279,1438,1436,0.12749357212518841,0.8726837485592694,9843,9841,110274,110274,3164,3164,319,319,2845,2845,28.05213228123061,28.05213228123061,28.90378949507264,28.90378949507264
X0404_1_cell01,X0404_1_cell01_cell_c2.tif,X0404_1.tif,X0404_1,X0404_1,n3,X,pranlukast,0404,X,1,1,C:\Users\JackM\Desktop\out\X0404_1_cell01_cell_c2.tif,C:\Users\JackM\Desktop\out\X0404_1_cell01_soma_c2.tif,C:\Users\JackM\Desktop\out\X0404_1_cell01_cell_c3.tif,C:\Users\JackM\src2\ensheathment\ilastik_outputs\mbp\n3\X0404_1_cell01_cell_c2__mbp_seg.tiff,C:\Users\JackM\src2\ensheathment\ilastik_outputs\mbp\n3\X0404_1_cell01_soma_c2__mbp_seg.tiff,C:\Users\JackM\src2\ensheathment\ilastik_outputs\c3\n3\X0404_1_cell01_cell_c3__c3_seg.tiff,C:\Users\JackM\src2\ensheathment\quantification\qc\X0404_1_cell01__qc.png,C:\Users\JackM\src2\ensheathment\quantification\thesis\X0404_1_cell01__thesis.png,168272,35584,35483,0.21146714842635733,0.7891330702671865,132789,132688,768323,768323,92229,92229,13652,13652,78577,78577,54.809475135494914,54.809475135494914,59.17432919895474,59.17432919895474
X0404_2_cell01,X0404_2_cell01_cell_c2.tif,X0404_2.tif,X0404_2,X0404_2,n3,X,pranlukast,0404,X,2,1,C:\Users\JackM\Desktop\out\X0404_2_cell01_cell_c2.tif,C:\Users\JackM\Desktop\out\X0404_2_cell01_soma_c2.tif,C:\Users\JackM\Desktop\out\X0404_2_cell01_cell_c3.tif,C:\Users\JackM\src2\ensheathment\ilastik_outputs\mbp\n3\X0404_2_cell01_cell_c2__mbp_seg.tiff,C:\Users\JackM\src2\ensheathment\ilastik_outputs\mbp\n3\X0404_2_cell01_soma_c2__mbp_seg.tiff,C:\Users\JackM\src2\ensheathment\ilastik_outputs\c3\n3\X0404_2_cell01_cell_c3__c3_seg.tiff,C:\Users\JackM\src2\ensheathment\quantification\qc\X0404_2_cell01__qc.png,C:\Users\JackM\src2\ensheathment\quantification\thesis\X0404_2_cell01__thesis.png,87271,37594,37494,0.43077310905111665,0.5703727469606169,49777,49677,218010,218010,27904,27904,10347,10347,17557,17557,31.973966151413414,31.973966151413414,35.27131004279085,35.27131004279085
X0404_2_cell02,X0404_2_cell02_cell_c2.tif,X0404_2.tif,X0404_2,X0404_2,n3,X,pranlukast,0404,X,2,2,C:\Users\JackM\Desktop\out\X0404_2_cell02_cell_c2.tif,C:\Users\JackM\Desktop\out\X0404_2_cell02_soma_c2.tif,C:\Users\JackM\Desktop\out\X0404_2_cell02_cell_c3.tif,C:\Users\JackM\src2\ensheathment\ilastik_outputs\mbp\n3\X0404_2_cell02_cell_c2__mbp_seg.tiff,C:\Users\JackM\src2\ensheathment\ilastik_outputs\mbp\n3\X0404_2_cell02_soma_c2__mbp_seg.tiff,C:\Users\JackM\src2\ensheathment\ilastik_outputs\c3\n3\X0404_2_cell02_cell_c3__c3_seg.tiff,C:\Users\JackM\src2\ensheathment\quantification\qc\X0404_2_cell02__qc.png,C:\Users\JackM\src2\ensheathment\quantification\thesis\X0404_2_cell02__thesis.png,43060,21444,21176,0.4980027868091036,0.5082210868555503,21884,21616,95198,95198,21435,21435,8404,8404,13031,13031,49.77937761263354,49.77937761263354,59.54578687625662,59.54578687625662
X0404_2_cell03,X0404_2_cell03_cell_c2.tif,X0404_2.tif,X0404_2,X0404_2,n3,X,pranlukast,0404,X,2,3,C:\Users\JackM\Desktop\out\X0404_2_cell03_cell_c2.tif,C:\Users\JackM\Desktop\out\X0404_2_cell03_soma_c2.tif,C:\Users\JackM\Desktop\out\X0404_2_cell03_cell_c3.tif,C:\Users\JackM\src2\ensheathment\ilastik_outputs\mbp\n3\X0404_2_cell03_cell_c2__mbp_seg.tiff,C:\Users\JackM\src2\ensheathment\ilastik_outputs\mbp\n3\X0404_2_cell03_soma_c2__mbp_seg.tiff,C:\Users\JackM\src2\ensheathment\ilastik_outputs\c3\n3\X0404_2_cell03_cell_c3__c3_seg.tiff,C:\Users\JackM\src2\ensheathment\quantification\qc\X0404_2_cell03__qc.png,C:\Users\JackM\src2\ensheathment\quantification\thesis\X0404_2_cell03__thesis.png,136522,43282,43210,0.3170331521659513,0.6834942353613337,93312,93240,274026,274026,54069,54069,11750,11750,42319,42319,39.604605851071625,39.604605851071625,45.35215192043896,45.35215192043896
Y0404_0_cell01,Y0404_0_cell01_cell_c2.tif,Y0404_0.tif,Y0404_0,Y0404_0,n3,Y,vehicle,0404,Y,0,1,C:\Users\JackM\Desktop\out\Y0404_0_cell01_cell_c2.tif,C:\Users\JackM\Desktop\out\Y0404_0_cell01_soma_c2.tif,C:\Users\JackM\Desktop\out\Y0404_0_cell01_cell_c3.tif,C:\Users\JackM\src2\ensheathment\ilastik_outputs\mbp\n3\Y0404_0_cell01_cell_c2__mbp_seg.tiff,C:\Users\JackM\src2\ensheathment\ilastik_outputs\mbp\n3\Y0404_0_cell01_soma_c2__mbp_seg.tiff,C:\Users\JackM\src2\ensheathment\ilastik_outputs\c3\n3\Y0404_0_cell01_cell_c3__c3_seg.tiff,C:\Users\JackM\src2\ensheathment\quantification\qc\Y0404_0_cell01__qc.png,C:\Users\JackM\src2\ensheathment\quantification\thesis\Y0404_0_cell01__thesis.png,314039,62529,62498,0.1991122121774684,0.8009865016765434,251541,251510,726276,726276,168131,168131,42381,42381,125750,125750,53.53825480274743,53.53825480274743,49.99185023515053,49.99185023515053
Y0404_1_cell01,Y0404_1_cell01_cell_c2.tif,Y0404_1.tif,Y0404_1,Y0404_1,n3,Y,vehicle,0404,Y,1,1,C:\Users\JackM\Desktop\out\Y0404_1_cell01_cell_c2.tif,C:\Users\JackM\Desktop\out\Y0404_1_cell01_soma_c2.tif,C:\Users\JackM\Desktop\out\Y0404_1_cell01_cell_c3.tif,C:\Users\JackM\src2\ensheathment\ilastik_outputs\mbp\n3\Y0404_1_cell01_cell_c2__mbp_seg.tiff,C:\Users\JackM\src2\ensheathment\ilastik_outputs\mbp\n3\Y0404_1_cell01_soma_c2__mbp_seg.tiff,C:\Users\JackM\src2\ensheathment\ilastik_outputs\c3\n3\Y0404_1_cell01_cell_c3__c3_seg.tiff,C:\Users\JackM\src2\ensheathment\quantification\qc\Y0404_1_cell01__qc.png,C:\Users\JackM\src2\ensheathment\quantification\thesis\Y0404_1_cell01__thesis.png,123845,46649,46599,0.3766724534700634,0.6237312769994752,77246,77196,238816,238816,61147,61147,30298,30298,30849,30849,49.37381404174573,49.37381404174573,39.936048468529115,39.936048468529115
Y0404_1_cell02,Y0404_1_cell02_cell_c2.tif,Y0404_1.tif,Y0404_1,Y0404_1,n3,Y,vehicle,0404,Y,1,2,C:\Users\JackM\Desktop\out\Y0404_1_cell02_cell_c2.tif,C:\Users\JackM\Desktop\out\Y0404_1_cell02_soma_c2.tif,C:\Users\JackM\Desktop\out\Y0404_1_cell02_cell_c3.tif,C:\Users\JackM\src2\ensheathment\ilastik_outputs\mbp\n3\Y0404_1_cell02_cell_c2__mbp_seg.tiff,C:\Users\JackM\src2\ensheathment\ilastik_outputs\mbp\n3\Y0404_1_cell02_soma_c2__mbp_seg.tiff,C:\Users\JackM\src2\ensheathment\ilastik_outputs\c3\n3\Y0404_1_cell02_cell_c3__c3_seg.tiff,C:\Users\JackM\src2\ensheathment\quantification\qc\Y0404_1_cell02__qc.png,C:\Users\JackM\src2\ensheathment\quantification\thesis\Y0404_1_cell02__thesis.png,214043,69517,69098,0.32478053475236285,0.6771770158332672,144945,144526,202111,202111,88563,88563,33244,33244,55319,55319,41.37626551674196,41.37626551674196,38.16551105591776,38.16551105591776
Y0404_1_cell03,Y0404_1_cell03_cell_c2.tif,Y0404_1.tif,Y0404_1,Y0404_1,n3,Y,vehicle,0404,Y,1,3,C:\Users\JackM\Desktop\out\Y0404_1_cell03_cell_c2.tif,C:\Users\JackM\Desktop\out\Y0404_1_cell03_soma_c2.tif,C:\Users\JackM\Desktop\out\Y0404_1_cell03_cell_c3.tif,C:\Users\JackM\src2\ensheathment\ilastik_outputs\mbp\n3\Y0404_1_cell03_cell_c2__mbp_seg.tiff,C:\Users\JackM\src2\ensheathment\ilastik_outputs\mbp\n3\Y0404_1_cell03_soma_c2__mbp_seg.tiff,C:\Users\JackM\src2\ensheathment\ilastik_outputs\c3\n3\Y0404_1_cell03_cell_c3__c3_seg.tiff,C:\Users\JackM\src2\ensheathment\quantification\qc\Y0404_1_cell03__qc.png,C:\Users\JackM\src2\ensheathment\quantification\thesis\Y0404_1_cell03__thesis.png,173483,23389,23378,0.13482012646772307,0.8652432803214147,150105,150094,178660,178660,105238,105238,18612,18612,86626,86626,60.66185159352789,60.66185159352789,57.71026947803204,57.71026947803204
Y0404_2_cell01,Y0404_2_cell01_cell_c2.tif,Y0404_2.tif,Y0404_2,Y0404_2,n3,Y,vehicle,0404,Y,2,1,C:\Users\JackM\Desktop\out\Y0404_2_cell01_cell_c2.tif,C:\Users\JackM\Desktop\out\Y0404_2_cell01_soma_c2.tif,C:\Users\JackM\Desktop\out\Y0404_2_cell01_cell_c3.tif,C:\Users\JackM\src2\ensheathment\ilastik_outputs\mbp\n3\Y0404_2_cell01_cell_c2__mbp_seg.tiff,C:\Users\JackM\src2\ensheathment\ilastik_outputs\mbp\n3\Y0404_2_cell01_soma_c2__mbp_seg.tiff,C:\Users\JackM\src2\ensheathment\ilastik_outputs\c3\n3\Y0404_2_cell01_cell_c3__c3_seg.tiff,C:\Users\JackM\src2\ensheathment\quantification\qc\Y0404_2_cell01__qc.png,C:\Users\JackM\src2\ensheathment\quantification\thesis\Y0404_2_cell01__thesis.png,503410,46201,46084,0.09177608708607299,0.9084563278441032,457326,457209,811353,811353,186999,186999,17091,17091,169908,169908,37.1464611350589,37.1464611350589,37.15249078337991,37.15249078337991
Y0404_2_cell02,Y0404_2_cell02_cell_c2.tif,Y0404_2.tif,Y0404_2,Y0404_2,n3,Y,vehicle,0404,Y,2,2,C:\Users\JackM\Desktop\out\Y0404_2_cell02_cell_c2.tif,C:\Users\JackM\Desktop\out\Y0404_2_cell02_soma_c2.tif,C:\Users\JackM\Desktop\out\Y0404_2_cell02_cell_c3.tif,C:\Users\JackM\src2\ensheathment\ilastik_outputs\mbp\n3\Y0404_2_cell02_cell_c2__mbp_seg.tiff,C:\Users\JackM\src2\ensheathment\ilastik_outputs\mbp\n3\Y0404_2_cell02_soma_c2__mbp_seg.tiff,C:\Users\JackM\src2\ensheathment\ilastik_outputs\c3\n3\Y0404_2_cell02_cell_c3__c3_seg.tiff,C:\Users\JackM\src2\ensheathment\quantification\qc\Y0404_2_cell02__qc.png,C:\Users\JackM\src2\ensheathment\quantification\thesis\Y0404_2_cell02__thesis.png,165694,49846,49822,0.3008316535300011,0.6993131917872705,115872,115848,454253,454253,70379,70379,16412,16412,53967,53967,42.47528576774053,42.47528576774053,46.574668599834304,46.574668599834304
Z0404_0_cell01,Z0404_0_cell01_cell_c2.tif,Z0404_0.tif,Z0404_0,Z0404_0,n3,Z,HAMI3379,0404,Z,0,1,C:\Users\JackM\Desktop\out\Z0404_0_cell01_cell_c2.tif,C:\Users\JackM\Desktop\out\Z0404_0_cell01_soma_c2.tif,C:\Users\JackM\Desktop\out\Z0404_0_cell01_cell_c3.tif,C:\Users\JackM\src2\ensheathment\ilastik_outputs\mbp\n3\Z0404_0_cell01_cell_c2__mbp_seg.tiff,C:\Users\JackM\src2\ensheathment\ilastik_outputs\mbp\n3\Z0404_0_cell01_soma_c2__mbp_seg.tiff,C:\Users\JackM\src2\ensheathment\ilastik_outputs\c3\n3\Z0404_0_cell01_cell_c3__c3_seg.tiff,C:\Users\JackM\src2\ensheathment\quantification\qc\Z0404_0_cell01__qc.png,C:\Users\JackM\src2\ensheathment\quantification\thesis\Z0404_0_cell01__thesis.png,483243,92072,91785,0.19052940239175736,0.8100645017103196,391458,391171,693342,693342,270412,270412,37296,37296,233116,233116,55.957768658832094,55.957768658832094,59.550705311936404,59.550705311936404
Z0404_0_cell02,Z0404_0_cell02_cell_c2.tif,Z0404_0.tif,Z0404_0,Z0404_0,n3,Z,HAMI3379,0404,Z,0,2,C:\Users\JackM\Desktop\out\Z0404_0_cell02_cell_c2.tif,C:\Users\JackM\Desktop\out\Z0404_0_cell02_soma_c2.tif,C:\Users\JackM\Desktop\out\Z0404_0_cell02_cell_c3.tif,C:\Users\JackM\src2\ensheathment\ilastik_outputs\mbp\n3\Z0404_0_cell02_cell_c2__mbp_seg.tiff,C:\Users\JackM\src2\ensheathment\ilastik_outputs\mbp\n3\Z0404_0_cell02_soma_c2__mbp_seg.tiff,C:\Users\JackM\src2\ensheathment\ilastik_outputs\c3\n3\Z0404_0_cell02_cell_c3__c3_seg.tiff,C:\Users\JackM\src2\ensheathment\quantification\qc\Z0404_0_cell02__qc.png,C:\Users\JackM\src2\ensheathment\quantification\thesis\Z0404_0_cell02__thesis.png,333889,68486,68116,0.20511607150879485,0.7959920812006386,265773,265403,251671,251671,165165,165165,30715,30715,134450,134450,49.467038446909,49.467038446909,50.58828398671046,50.58828398671046
Z0404_0_cell03,Z0404_0_cell03_cell_c2.tif,Z0404_0.tif,Z0404_0,Z0404_0,n3,Z,HAMI3379,0404,Z,0,3,C:\Users\JackM\Desktop\out\Z0404_0_cell03_cell_c2.tif,C:\Users\JackM\Desktop\out\Z0404_0_cell03_soma_c2.tif,C:\Users\JackM\Desktop\out\Z0404_0_cell03_cell_c3.tif,C:\Users\JackM\src2\ensheathment\ilastik_outputs\mbp\n3\Z0404_0_cell03_cell_c2__mbp_seg.tiff,C:\Users\JackM\src2\ensheathment\ilastik_outputs\mbp\n3\Z0404_0_cell03_soma_c2__mbp_seg.tiff,C:\Users\JackM\src2\ensheathment\ilastik_outputs\c3\n3\Z0404_0_cell03_cell_c3__c3_seg.tiff,C:\Users\JackM\src2\ensheathment\quantification\qc\Z0404_0_cell03__qc.png,C:\Users\JackM\src2\ensheathment\quantification\thesis\Z0404_0_cell03__thesis.png,188176,43361,43297,0.23042789728764562,0.7699122098461015,144879,144815,327126,327126,104682,104682,18371,18371,86311,86311,55.62983589830797,55.62983589830797,59.57454151395303,59.57454151395303
Z0404_0_cell04,Z0404_0_cell04_cell_c2.tif,Z0404_0.tif,Z0404_0,Z0404_0,n3,Z,HAMI3379,0404,Z,0,4,C:\Users\JackM\Desktop\out\Z0404_0_cell04_cell_c2.tif,C:\Users\JackM\Desktop\out\Z0404_0_cell04_soma_c2.tif,C:\Users\JackM\Desktop\out\Z0404_0_cell04_cell_c3.tif,C:\Users\JackM\src2\ensheathment\ilastik_outputs\mbp\n3\Z0404_0_cell04_cell_c2__mbp_seg.tiff,C:\Users\JackM\src2\ensheathment\ilastik_outputs\mbp\n3\Z0404_0_cell04_soma_c2__mbp_seg.tiff,C:\Users\JackM\src2\ensheathment\ilastik_outputs\c3\n3\Z0404_0_cell04_cell_c3__c3_seg.tiff,C:\Users\JackM\src2\ensheathment\quantification\qc\Z0404_0_cell04__qc.png,C:\Users\JackM\src2\ensheathment\quantification\thesis\Z0404_0_cell04__thesis.png,288305,76251,75571,0.2644803246561801,0.7378782886179567,212734,212054,362098,362098,148582,148582,39911,39911,108671,108671,51.53639374967482,51.53639374967482,51.08304267300948,51.08304267300948
Z0404_0_cell05,Z0404_0_cell05_cell_c2.tif,Z0404_0.tif,Z0404_0,Z0404_0,n3,Z,HAMI3379,0404,Z,0,5,C:\Users\JackM\Desktop\out\Z0404_0_cell05_cell_c2.tif,C:\Users\JackM\Desktop\out\Z0404_0_cell05_soma_c2.tif,C:\Users\JackM\Desktop\out\Z0404_0_cell05_cell_c3.tif,C:\Users\JackM\src2\ensheathment\ilastik_outputs\mbp\n3\Z0404_0_cell05_cell_c2__mbp_seg.tiff,C:\Users\JackM\src2\ensheathment\ilastik_outputs\mbp\n3\Z0404_0_cell05_soma_c2__mbp_seg.tiff,C:\Users\JackM\src2\ensheathment\ilastik_outputs\c3\n3\Z0404_0_cell05_cell_c3__c3_seg.tiff,C:\Users\JackM\src2\ensheathment\quantification\qc\Z0404_0_cell05__qc.png,C:\Users\JackM\src2\ensheathment\quantification\thesis\Z0404_0_cell05__thesis.png,189679,63630,63489,0.3354614902018674,0.6652818709503951,126190,126049,270290,270290,110336,110336,32122,32122,78214,78214,58.16985538725953,58.16985538725953,61.98113955147001,61.98113955147001
Z0404_1_cell01,Z0404_1_cell01_cell_c2.tif,Z0404_1.tif,Z0404_1,Z0404_1,n3,Z,HAMI3379,0404,Z,1,1,C:\Users\JackM\Desktop\out\Z0404_1_cell01_cell_c2.tif,C:\Users\JackM\Desktop\out\Z0404_1_cell01_soma_c2.tif,C:\Users\JackM\Desktop\out\Z0404_1_cell01_cell_c3.tif,C:\Users\JackM\src2\ensheathment\ilastik_outputs\mbp\n3\Z0404_1_cell01_cell_c2__mbp_seg.tiff,C:\Users\JackM\src2\ensheathment\ilastik_outputs\mbp\n3\Z0404_1_cell01_soma_c2__mbp_seg.tiff,C:\Users\JackM\src2\ensheathment\ilastik_outputs\c3\n3\Z0404_1_cell01_cell_c3__c3_seg.tiff,C:\Users\JackM\src2\ensheathment\quantification\qc\Z0404_1_cell01__qc.png,C:\Users\JackM\src2\ensheathment\quantification\thesis\Z0404_1_cell01__thesis.png,295895,98409,97917,0.33258081414015106,0.669081937849575,197978,197486,760541,760541,156815,156815,57117,57117,99698,99698,52.99684009530408,52.99684009530408,50.358120599258505,50.358120599258505
Z0404_51_cell01,Z0404_51_cell01_cell_c2.tif,Z0404_51.tif,Z0404_51,Z0404_51,n3,Z,HAMI3379,0404,Z,51,1,C:\Users\JackM\Desktop\out\Z0404_51_cell01_cell_c2.tif,C:\Users\JackM\Desktop\out\Z0404_51_cell01_soma_c2.tif,C:\Users\JackM\Desktop\out\Z0404_51_cell01_cell_c3.tif,C:\Users\JackM\src2\ensheathment\ilastik_outputs\mbp\n3\Z0404_51_cell01_cell_c2__mbp_seg.tiff,C:\Users\JackM\src2\ensheathment\ilastik_outputs\mbp\n3\Z0404_51_cell01_soma_c2__mbp_seg.tiff,C:\Users\JackM\src2\ensheathment\ilastik_outputs\c3\n3\Z0404_51_cell01_cell_c3__c3_seg.tiff,C:\Users\JackM\src2\ensheathment\quantification\qc\Z0404_51_cell01__qc.png,C:\Users\JackM\src2\ensheathment\quantification\thesis\Z0404_51_cell01__thesis.png,191442,59409,59277,0.310323753408343,0.690365750462281,132165,132033,474318,474318,111514,111514,31600,31600,79914,79914,58.24949593088245,58.24949593088245,60.46532743161956,60.46532743161956
Z0404_52_cell01,Z0404_52_cell01_cell_c2.tif,Z0404_52.tif,Z0404_52,Z0404_52,n3,Z,HAMI3379,0404,Z,52,1,C:\Users\JackM\Desktop\out\Z0404_52_cell01_cell_c2.tif,C:\Users\JackM\Desktop\out\Z0404_52_cell01_soma_c2.tif,C:\Users\JackM\Desktop\out\Z0404_52_cell01_cell_c3.tif,C:\Users\JackM\src2\ensheathment\ilastik_outputs\mbp\n3\Z0404_52_cell01_cell_c2__mbp_seg.tiff,C:\Users\JackM\src2\ensheathment\ilastik_outputs\mbp\n3\Z0404_52_cell01_soma_c2__mbp_seg.tiff,C:\Users\JackM\src2\ensheathment\ilastik_outputs\c3\n3\Z0404_52_cell01_cell_c3__c3_seg.tiff,C:\Users\JackM\src2\ensheathment\quantification\qc\Z0404_52_cell01__qc.png,C:\Users\JackM\src2\ensheathment\quantification\thesis\Z0404_52_cell01__thesis.png,176453,56894,56565,0.3224314690030773,0.679433050160666,119888,119559,204326,204326,122003,122003,38491,38491,83512,83512,69.14192447847302,69.14192447847302,69.65834779127185,69.65834779127185
Z0404_52_cell02,Z0404_52_cell02_cell_c2.tif,Z0404_52.tif,Z0404_52,Z0404_52,n3,Z,HAMI3379,0404,Z,52,2,C:\Users\JackM\Desktop\out\Z0404_52_cell02_cell_c2.tif,C:\Users\JackM\Desktop\out\Z0404_52_cell02_soma_c2.tif,C:\Users\JackM\Desktop\out\Z0404_52_cell02_cell_c3.tif,C:\Users\JackM\src2\ensheathment\ilastik_outputs\mbp\n3\Z0404_52_cell02_cell_c2__mbp_seg.tiff,C:\Users\JackM\src2\ensheathment\ilastik_outputs\mbp\n3\Z0404_52_cell02_soma_c2__mbp_seg.tiff,C:\Users\JackM\src2\ensheathment\ilastik_outputs\c3\n3\Z0404_52_cell02_cell_c3__c3_seg.tiff,C:\Users\JackM\src2\ensheathment\quantification\qc\Z0404_52_cell02__qc.png,C:\Users\JackM\src2\ensheathment\quantification\thesis\Z0404_52_cell02__thesis.png,207232,49733,49511,0.2399870676343422,0.7610841954910439,157721,157499,322341,322341,127871,127871,22428,22428,105443,105443,61.70427347127857,61.70427347127857,66.85412849271816,66.85412849271816
X1605_0_cell01,X1605_0_cell01_cell_c2.tif,X1605_0.tif,X1605_0,X1605_0,n4,X,pranlukast,1605,X,0,1,C:\Users\JackM\Desktop\out\X1605_0_cell01_cell_c2.tif,C:\Users\JackM\Desktop\out\X1605_0_cell01_soma_c2.tif,C:\Users\JackM\Desktop\out\X1605_0_cell01_cell_c3.tif,C:\Users\JackM\src2\ensheathment\ilastik_outputs\mbp\n4\X1605_0_cell01_cell_c2__mbp_seg.tiff,C:\Users\JackM\src2\ensheathment\ilastik_outputs\mbp\n4\X1605_0_cell01_soma_c2__mbp_seg.tiff,C:\Users\JackM\src2\ensheathment\ilastik_outputs\c3\n4\X1605_0_cell01_cell_c3__c3_seg.tiff,C:\Users\JackM\src2\ensheathment\quantification\qc\X1605_0_cell01__qc.png,C:\Users\JackM\src2\ensheathment\quantification\thesis\X1605_0_cell01__thesis.png,320804,45246,44330,0.14103938853630255,0.8618159374571389,276474,275558,276391,276391,94434,94434,12211,12211,82223,82223,29.43666537823718,29.43666537823718,29.739867039938655,29.739867039938655
X1605_0_cell02,X1605_0_cell02_cell_c2.tif,X1605_0.tif,X1605_0,X1605_0,n4,X,pranlukast,1605,X,0,2,C:\Users\JackM\Desktop\out\X1605_0_cell02_cell_c2.tif,C:\Users\JackM\Desktop\out\X1605_0_cell02_soma_c2.tif,C:\Users\JackM\Desktop\out\X1605_0_cell02_cell_c3.tif,C:\Users\JackM\src2\ensheathment\ilastik_outputs\mbp\n4\X1605_0_cell02_cell_c2__mbp_seg.tiff,C:\Users\JackM\src2\ensheathment\ilastik_outputs\mbp\n4\X1605_0_cell02_soma_c2__mbp_seg.tiff,C:\Users\JackM\src2\ensheathment\ilastik_outputs\c3\n4\X1605_0_cell02_cell_c3__c3_seg.tiff,C:\Users\JackM\src2\ensheathment\quantification\qc\X1605_0_cell02__qc.png,C:\Users\JackM\src2\ensheathment\quantification\thesis\X1605_0_cell02__thesis.png,204011,32474,31211,0.15917769139899318,0.8470131512516482,172800,171537,455683,455683,80153,80153,14749,14749,65404,65404,39.28856777330634,39.28856777330634,37.84953703703703,37.84953703703703
X1605_1_cell01,X1605_1_cell01_cell_c2.tif,X1605_1.tif,X1605_1,X1605_1,n4,X,pranlukast,1605,X,1,1,C:\Users\JackM\Desktop\out\X1605_1_cell01_cell_c2.tif,C:\Users\JackM\Desktop\out\X1605_1_cell01_soma_c2.tif,C:\Users\JackM\Desktop\out\X1605_1_cell01_cell_c3.tif,C:\Users\JackM\src2\ensheathment\ilastik_outputs\mbp\n4\X1605_1_cell01_cell_c2__mbp_seg.tiff,C:\Users\JackM\src2\ensheathment\ilastik_outputs\mbp\n4\X1605_1_cell01_soma_c2__mbp_seg.tiff,C:\Users\JackM\src2\ensheathment\ilastik_outputs\c3\n4\X1605_1_cell01_cell_c3__c3_seg.tiff,C:\Users\JackM\src2\ensheathment\quantification\qc\X1605_1_cell01__qc.png,C:\Users\JackM\src2\ensheathment\quantification\thesis\X1605_1_cell01__thesis.png,134376,45578,44852,0.33918259212954693,0.6662201583616122,89524,88798,328293,328293,49911,49911,23769,23769,26142,26142,37.14279335595642,37.14279335595642,29.20110808274876,29.20110808274876
X1605_1_cell02,X1605_1_cell02_cell_c2.tif,X1605_1.tif,X1605_1,X1605_1,n4,X,pranlukast,1605,X,1,2,C:\Users\JackM\Desktop\out\X1605_1_cell02_cell_c2.tif,C:\Users\JackM\Desktop\out\X1605_1_cell02_soma_c2.tif,C:\Users\JackM\Desktop\out\X1605_1_cell02_cell_c3.tif,C:\Users\JackM\src2\ensheathment\ilastik_outputs\mbp\n4\X1605_1_cell02_cell_c2__mbp_seg.tiff,C:\Users\JackM\src2\ensheathment\ilastik_outputs\mbp\n4\X1605_1_cell02_soma_c2__mbp_seg.tiff,C:\Users\JackM\src2\ensheathment\ilastik_outputs\c3\n4\X1605_1_cell02_cell_c3__c3_seg.tiff,C:\Users\JackM\src2\ensheathment\quantification\qc\X1605_1_cell02__qc.png,C:\Users\JackM\src2\ensheathment\quantification\thesis\X1605_1_cell02__thesis.png,137860,63648,61875,0.46168576817060786,0.5511751051791672,75985,74212,274858,274858,59246,59246,32979,32979,26267,26267,42.97548237342232,42.97548237342232,34.568664868066065,34.568664868066065
X1605_2_cell01,X1605_2_cell01_cell_c2.tif,X1605_2.tif,X1605_2,X1605_2,n4,X,pranlukast,1605,X,2,1,C:\Users\JackM\Desktop\out\X1605_2_cell01_cell_c2.tif,C:\Users\JackM\Desktop\out\X1605_2_cell01_soma_c2.tif,C:\Users\JackM\Desktop\out\X1605_2_cell01_cell_c3.tif,C:\Users\JackM\src2\ensheathment\ilastik_outputs\mbp\n4\X1605_2_cell01_cell_c2__mbp_seg.tiff,C:\Users\JackM\src2\ensheathment\ilastik_outputs\mbp\n4\X1605_2_cell01_soma_c2__mbp_seg.tiff,C:\Users\JackM\src2\ensheathment\ilastik_outputs\c3\n4\X1605_2_cell01_cell_c3__c3_seg.tiff,C:\Users\JackM\src2\ensheathment\quantification\qc\X1605_2_cell01__qc.png,C:\Users\JackM\src2\ensheathment\quantification\thesis\X1605_2_cell01__thesis.png,73496,31379,30804,0.42694840535539347,0.5808751496680091,42692,42117,367055,367055,41866,41866,13802,13802,28064,28064,56.96364427996081,56.96364427996081,65.73596926824698,65.73596926824698
X1605_3_cell01,X1605_3_cell01_cell_c2.tif,X1605_3.tif,X1605_3,X1605_3,n4,X,pranlukast,1605,X,3,1,C:\Users\JackM\Desktop\out\X1605_3_cell01_cell_c2.tif,C:\Users\JackM\Desktop\out\X1605_3_cell01_soma_c2.tif,C:\Users\JackM\Desktop\out\X1605_3_cell01_cell_c3.tif,C:\Users\JackM\src2\ensheathment\ilastik_outputs\mbp\n4\X1605_3_cell01_cell_c2__mbp_seg.tiff,C:\Users\JackM\src2\ensheathment\ilastik_outputs\mbp\n4\X1605_3_cell01_soma_c2__mbp_seg.tiff,C:\Users\JackM\src2\ensheathment\ilastik_outputs\c3\n4\X1605_3_cell01_cell_c3__c3_seg.tiff,C:\Users\JackM\src2\ensheathment\quantification\qc\X1605_3_cell01__qc.png,C:\Users\JackM\src2\ensheathment\quantification\thesis\X1605_3_cell01__thesis.png,323589,36196,35730,0.11185794325517864,0.889582155141244,287859,287393,371682,371682,135665,135665,12214,12214,123451,123451,41.92509634134659,41.92509634134659,42.88592679054676,42.88592679054676
X1605_3_cell02,X1605_3_cell02_cell_c2.tif,X1605_3.tif,X1605_3,X1605_3,n4,X,pranlukast,1605,X,3,2,C:\Users\JackM\Desktop\out\X1605_3_cell02_cell_c2.tif,C:\Users\JackM\Desktop\out\X1605_3_cell02_soma_c2.tif,C:\Users\JackM\Desktop\out\X1605_3_cell02_cell_c3.tif,C:\Users\JackM\src2\ensheathment\ilastik_outputs\mbp\n4\X1605_3_cell02_cell_c2__mbp_seg.tiff,C:\Users\JackM\src2\ensheathment\ilastik_outputs\mbp\n4\X1605_3_cell02_soma_c2__mbp_seg.tiff,C:\Users\JackM\src2\ensheathment\ilastik_outputs\c3\n4\X1605_3_cell02_cell_c3__c3_seg.tiff,C:\Users\JackM\src2\ensheathment\quantification\qc\X1605_3_cell02__qc.png,C:\Users\JackM\src2\ensheathment\quantification\thesis\X1605_3_cell02__thesis.png,153836,30106,29819,0.19570191632647754,0.8061637068046491,124017,123730,180059,180059,62254,62254,13190,13190,49064,49064,40.467770872877615,40.467770872877615,39.56231806929695,39.56231806929695
X1605_3_cell03,X1605_3_cell03_cell_c2.tif,X1605_3.tif,X1605_3,X1605_3,n4,X,pranlukast,1605,X,3,3,C:\Users\JackM\Desktop\out\X1605_3_cell03_cell_c2.tif,C:\Users\JackM\Desktop\out\X1605_3_cell03_soma_c2.tif,C:\Users\JackM\Desktop\out\X1605_3_cell03_cell_c3.tif,C:\Users\JackM\src2\ensheathment\ilastik_outputs\mbp\n4\X1605_3_cell03_cell_c2__mbp_seg.tiff,C:\Users\JackM\src2\ensheathment\ilastik_outputs\mbp\n4\X1605_3_cell03_soma_c2__mbp_seg.tiff,C:\Users\JackM\src2\ensheathment\ilastik_outputs\c3\n4\X1605_3_cell03_cell_c3__c3_seg.tiff,C:\Users\JackM\src2\ensheathment\quantification\qc\X1605_3_cell03__qc.png,C:\Users\JackM\src2\ensheathment\quantification\thesis\X1605_3_cell03__thesis.png,203581,33153,32274,0.1628491853365491,0.8414685063930327,171307,170428,310881,310881,81452,81452,12992,12992,68460,68460,40.00962761750851,40.00962761750851,39.96334066909116,39.96334066909116
Y1605_0_cell01,Y1605_0_cell01_cell_c2.tif,Y1605_0.tif,Y1605_0,Y1605_0,n4,Y,vehicle,1605,Y,0,1,C:\Users\JackM\Desktop\out\Y1605_0_cell01_cell_c2.tif,C:\Users\JackM\Desktop\out\Y1605_0_cell01_soma_c2.tif,C:\Users\JackM\Desktop\out\Y1605_0_cell01_cell_c3.tif,C:\Users\JackM\src2\ensheathment\ilastik_outputs\mbp\n4\Y1605_0_cell01_cell_c2__mbp_seg.tiff,C:\Users\JackM\src2\ensheathment\ilastik_outputs\mbp\n4\Y1605_0_cell01_soma_c2__mbp_seg.tiff,C:\Users\JackM\src2\ensheathment\ilastik_outputs\c3\n4\Y1605_0_cell01_cell_c3__c3_seg.tiff,C:\Users\JackM\src2\ensheathment\quantification\qc\Y1605_0_cell01__qc.png,C:\Users\JackM\src2\ensheathment\quantification\thesis\Y1605_0_cell01__thesis.png,334122,32897,32219,0.09845804825782199,0.9035711506575442,301903,301225,1495478,1495478,228651,228651,24108,24108,204543,204543,68.43338660728716,68.43338660728716,67.75123135576658,67.75123135576658
Y1605_1_cell01,Y1605_1_cell01_cell_c2.tif,Y1605_1.tif,Y1605_1,Y1605_1,n4,Y,vehicle,1605,Y,1,1,C:\Users\JackM\Desktop\out\Y1605_1_cell01_cell_c2.tif,C:\Users\JackM\Desktop\out\Y1605_1_cell01_soma_c2.tif,C:\Users\JackM\Desktop\out\Y1605_1_cell01_cell_c3.tif,C:\Users\JackM\src2\ensheathment\ilastik_outputs\mbp\n4\Y1605_1_cell01_cell_c2__mbp_seg.tiff,C:\Users\JackM\src2\ensheathment\ilastik_outputs\mbp\n4\Y1605_1_cell01_soma_c2__mbp_seg.tiff,C:\Users\JackM\src2\ensheathment\ilastik_outputs\c3\n4\Y1605_1_cell01_cell_c3__c3_seg.tiff,C:\Users\JackM\src2\ensheathment\quantification\qc\Y1605_1_cell01__qc.png,C:\Users\JackM\src2\ensheathment\quantification\thesis\Y1605_1_cell01__thesis.png,520962,99511,98096,0.1910139319182589,0.8117021970892311,422866,421451,1687044,1687044,359130,359130,70298,70298,288832,288832,68.93593006783604,68.93593006783604,68.30343418482451,68.30343418482451
Y1605_2_cell01,Y1605_2_cell01_cell_c2.tif,Y1605_2.tif,Y1605_2,Y1605_2,n4,Y,vehicle,1605,Y,2,1,C:\Users\JackM\Desktop\out\Y1605_2_cell01_cell_c2.tif,C:\Users\JackM\Desktop\out\Y1605_2_cell01_soma_c2.tif,C:\Users\JackM\Desktop\out\Y1605_2_cell01_cell_c3.tif,C:\Users\JackM\src2\ensheathment\ilastik_outputs\mbp\n4\Y1605_2_cell01_cell_c2__mbp_seg.tiff,C:\Users\JackM\src2\ensheathment\ilastik_outputs\mbp\n4\Y1605_2_cell01_soma_c2__mbp_seg.tiff,C:\Users\JackM\src2\ensheathment\ilastik_outputs\c3\n4\Y1605_2_cell01_cell_c3__c3_seg.tiff,C:\Users\JackM\src2\ensheathment\quantification\qc\Y1605_2_cell01__qc.png,C:\Users\JackM\src2\ensheathment\quantification\thesis\Y1605_2_cell01__thesis.png,312339,44627,43433,0.14288001178207013,0.8609427577087716,268906,267712,911364,911364,201633,201633,32199,32199,169434,169434,64.55581915803022,64.55581915803022,63.00863498769087,63.00863498769087
Y1605_3_cell01,Y1605_3_cell01_cell_c2.tif,Y1605_3.tif,Y1605_3,Y1605_3,n4,Y,vehicle,1605,Y,3,1,C:\Users\JackM\Desktop\out\Y1605_3_cell01_cell_c2.tif,C:\Users\JackM\Desktop\out\Y1605_3_cell01_soma_c2.tif,C:\Users\JackM\Desktop\out\Y1605_3_cell01_cell_c3.tif,C:\Users\JackM\src2\ensheathment\ilastik_outputs\mbp\n4\Y1605_3_cell01_cell_c2__mbp_seg.tiff,C:\Users\JackM\src2\ensheathment\ilastik_outputs\mbp\n4\Y1605_3_cell01_soma_c2__mbp_seg.tiff,C:\Users\JackM\src2\ensheathment\ilastik_outputs\c3\n4\Y1605_3_cell01_cell_c3__c3_seg.tiff,C:\Users\JackM\src2\ensheathment\quantification\qc\Y1605_3_cell01__qc.png,C:\Users\JackM\src2\ensheathment\quantification\thesis\Y1605_3_cell01__thesis.png,217235,65737,64259,0.30260777499021796,0.7041959168642253,152976,151498,361429,361429,143130,143130,44066,44066,99064,99064,65.88717287729878,65.88717287729878,64.75787051563644,64.75787051563644
Y1605_3_cell02,Y1605_3_cell02_cell_c2.tif,Y1605_3.tif,Y1605_3,Y1605_3,n4,Y,vehicle,1605,Y,3,2,C:\Users\JackM\Desktop\out\Y1605_3_cell02_cell_c2.tif,C:\Users\JackM\Desktop\out\Y1605_3_cell02_soma_c2.tif,C:\Users\JackM\Desktop\out\Y1605_3_cell02_cell_c3.tif,C:\Users\JackM\src2\ensheathment\ilastik_outputs\mbp\n4\Y1605_3_cell02_cell_c2__mbp_seg.tiff,C:\Users\JackM\src2\ensheathment\ilastik_outputs\mbp\n4\Y1605_3_cell02_soma_c2__mbp_seg.tiff,C:\Users\JackM\src2\ensheathment\ilastik_outputs\c3\n4\Y1605_3_cell02_cell_c3__c3_seg.tiff,C:\Users\JackM\src2\ensheathment\quantification\qc\Y1605_3_cell02__qc.png,C:\Users\JackM\src2\ensheathment\quantification\thesis\Y1605_3_cell02__thesis.png,397291,103524,101476,0.26057474244319656,0.7445801691958791,295815,293767,505932,505932,255370,255370,59660,59660,195710,195710,64.27782154642316,64.27782154642316,66.15959298886128,66.15959298886128
Y1605_3_cell03,Y1605_3_cell03_cell_c2.tif,Y1605_3.tif,Y1605_3,Y1605_3,n4,Y,vehicle,1605,Y,3,3,C:\Users\JackM\Desktop\out\Y1605_3_cell03_cell_c2.tif,C:\Users\JackM\Desktop\out\Y1605_3_cell03_soma_c2.tif,C:\Users\JackM\Desktop\out\Y1605_3_cell03_cell_c3.tif,C:\Users\JackM\src2\ensheathment\ilastik_outputs\mbp\n4\Y1605_3_cell03_cell_c2__mbp_seg.tiff,C:\Users\JackM\src2\ensheathment\ilastik_outputs\mbp\n4\Y1605_3_cell03_soma_c2__mbp_seg.tiff,C:\Users\JackM\src2\ensheathment\ilastik_outputs\c3\n4\Y1605_3_cell03_cell_c3__c3_seg.tiff,C:\Users\JackM\src2\ensheathment\quantification\qc\Y1605_3_cell03__qc.png,C:\Users\JackM\src2\ensheathment\quantification\thesis\Y1605_3_cell03__thesis.png,157698,74027,73195,0.46942256718537967,0.5358533399282173,84503,83671,347632,347632,97209,97209,46204,46204,51005,51005,61.642506563177726,61.642506563177726,60.35880382944985,60.35880382944985
Y1605_4_cell01,Y1605_4_cell01_cell_c2.tif,Y1605_4.tif,Y1605_4,Y1605_4,n4,Y,vehicle,1605,Y,4,1,C:\Users\JackM\Desktop\out\Y1605_4_cell01_cell_c2.tif,C:\Users\JackM\Desktop\out\Y1605_4_cell01_soma_c2.tif,C:\Users\JackM\Desktop\out\Y1605_4_cell01_cell_c3.tif,C:\Users\JackM\src2\ensheathment\ilastik_outputs\mbp\n4\Y1605_4_cell01_cell_c2__mbp_seg.tiff,C:\Users\JackM\src2\ensheathment\ilastik_outputs\mbp\n4\Y1605_4_cell01_soma_c2__mbp_seg.tiff,C:\Users\JackM\src2\ensheathment\ilastik_outputs\c3\n4\Y1605_4_cell01_cell_c3__c3_seg.tiff,C:\Users\JackM\src2\ensheathment\quantification\qc\Y1605_4_cell01__qc.png,C:\Users\JackM\src2\ensheathment\quantification\thesis\Y1605_4_cell01__thesis.png,141147,29952,29320,0.21220429764713383,0.792273303718818,111827,111195,802857,802857,81143,81143,17516,17516,63627,63627,57.48829234769425,57.48829234769425,56.8977080669248,56.8977080669248
Y1605_5_cell01,Y1605_5_cell01_cell_c2.tif,Y1605_5.tif,Y1605_5,Y1605_5,n4,Y,vehicle,1605,Y,5,1,C:\Users\JackM\Desktop\out\Y1605_5_cell01_cell_c2.tif,C:\Users\JackM\Desktop\out\Y1605_5_cell01_soma_c2.tif,C:\Users\JackM\Desktop\out\Y1605_5_cell01_cell_c3.tif,C:\Users\JackM\src2\ensheathment\ilastik_outputs\mbp\n4\Y1605_5_cell01_cell_c2__mbp_seg.tiff,C:\Users\JackM\src2\ensheathment\ilastik_outputs\mbp\n4\Y1605_5_cell01_soma_c2__mbp_seg.tiff,C:\Users\JackM\src2\ensheathment\ilastik_outputs\c3\n4\Y1605_5_cell01_cell_c3__c3_seg.tiff,C:\Users\JackM\src2\ensheathment\quantification\qc\Y1605_5_cell01__qc.png,C:\Users\JackM\src2\ensheathment\quantification\thesis\Y1605_5_cell01__thesis.png,271170,31940,31342,0.11778589076962791,0.8844193679241804,239828,239230,521201,521201,182684,182684,20674,20674,162010,162010,67.36880923405981,67.36880923405981,67.55257934853311,67.55257934853311
Z1605_1_cell01,Z1605_1_cell01_cell_c2.tif,Z1605_1.tif,Z1605_1,Z1605_1,n4,Z,HAMI3379,1605,Z,1,1,C:\Users\JackM\Desktop\out\Z1605_1_cell01_cell_c2.tif,C:\Users\JackM\Desktop\out\Z1605_1_cell01_soma_c2.tif,C:\Users\JackM\Desktop\out\Z1605_1_cell01_cell_c3.tif,C:\Users\JackM\src2\ensheathment\ilastik_outputs\mbp\n4\Z1605_1_cell01_cell_c2__mbp_seg.tiff,C:\Users\JackM\src2\ensheathment\ilastik_outputs\mbp\n4\Z1605_1_cell01_soma_c2__mbp_seg.tiff,C:\Users\JackM\src2\ensheathment\ilastik_outputs\c3\n4\Z1605_1_cell01_cell_c3__c3_seg.tiff,C:\Users\JackM\src2\ensheathment\quantification\qc\Z1605_1_cell01__qc.png,C:\Users\JackM\src2\ensheathment\quantification\thesis\Z1605_1_cell01__thesis.png,100990,34538,33820,0.34199425685711454,0.6651153579562333,67170,66452,203560,203560,64420,64420,21777,21777,42643,42643,63.788493910288146,63.788493910288146,63.485186839362804,63.485186839362804
Z1605_1_cell02,Z1605_1_cell02_cell_c2.tif,Z1605_1.tif,Z1605_1,Z1605_1,n4,Z,HAMI3379,1605,Z,1,2,C:\Users\JackM\Desktop\out\Z1605_1_cell02_cell_c2.tif,C:\Users\JackM\Desktop\out\Z1605_1_cell02_soma_c2.tif,C:\Users\JackM\Desktop\out\Z1605_1_cell02_cell_c3.tif,C:\Users\JackM\src2\ensheathment\ilastik_outputs\mbp\n4\Z1605_1_cell02_cell_c2__mbp_seg.tiff,C:\Users\JackM\src2\ensheathment\ilastik_outputs\mbp\n4\Z1605_1_cell02_soma_c2__mbp_seg.tiff,C:\Users\JackM\src2\ensheathment\ilastik_outputs\c3\n4\Z1605_1_cell02_cell_c3__c3_seg.tiff,C:\Users\JackM\src2\ensheathment\quantification\qc\Z1605_1_cell02__qc.png,C:\Users\JackM\src2\ensheathment\quantification\thesis\Z1605_1_cell02__thesis.png,128361,37062,36386,0.28873255895482275,0.7165338381595656,91975,91299,281077,281077,88163,88163,28010,28010,60153,60153,68.6836344372512,68.6836344372512,65.40146779016037,65.40146779016037
Z1605_2_cell01,Z1605_2_cell01_cell_c2.tif,Z1605_2.tif,Z1605_2,Z1605_2,n4,Z,HAMI3379,1605,Z,2,1,C:\Users\JackM\Desktop\out\Z1605_2_cell01_cell_c2.tif,C:\Users\JackM\Desktop\out\Z1605_2_cell01_soma_c2.tif,C:\Users\JackM\Desktop\out\Z1605_2_cell01_cell_c3.tif,C:\Users\JackM\src2\ensheathment\ilastik_outputs\mbp\n4\Z1605_2_cell01_cell_c2__mbp_seg.tiff,C:\Users\JackM\src2\ensheathment\ilastik_outputs\mbp\n4\Z1605_2_cell01_soma_c2__mbp_seg.tiff,C:\Users\JackM\src2\ensheathment\ilastik_outputs\c3\n4\Z1605_2_cell01_cell_c3__c3_seg.tiff,C:\Users\JackM\src2\ensheathment\quantification\qc\Z1605_2_cell01__qc.png,C:\Users\JackM\src2\ensheathment\quantification\thesis\Z1605_2_cell01__thesis.png,179783,32394,31877,0.18018388835429378,0.8226918006708087,147906,147389,939700,939700,126516,126516,25492,25492,101024,101024,70.37150342357175,70.37150342357175,68.30284099360404,68.30284099360404
Z1605_3_cell01,Z1605_3_cell01_cell_c2.tif,Z1605_3.tif,Z1605_3,Z1605_3,n4,Z,HAMI3379,1605,Z,3,1,C:\Users\JackM\Desktop\out\Z1605_3_cell01_cell_c2.tif,C:\Users\JackM\Desktop\out\Z1605_3_cell01_soma_c2.tif,C:\Users\JackM\Desktop\out\Z1605_3_cell01_cell_c3.tif,C:\Users\JackM\src2\ensheathment\ilastik_outputs\mbp\n4\Z1605_3_cell01_cell_c2__mbp_seg.tiff,C:\Users\JackM\src2\ensheathment\ilastik_outputs\mbp\n4\Z1605_3_cell01_soma_c2__mbp_seg.tiff,C:\Users\JackM\src2\ensheathment\ilastik_outputs\c3\n4\Z1605_3_cell01_cell_c3__c3_seg.tiff,C:\Users\JackM\src2\ensheathment\quantification\qc\Z1605_3_cell01__qc.png,C:\Users\JackM\src2\ensheathment\quantification\thesis\Z1605_3_cell01__thesis.png,201976,42184,41652,0.20885649780171903,0.7937774785122985,160324,159792,565029,565029,148376,148376,28647,28647,119729,119729,73.46219352794391,73.46219352794391,74.67939921658642,74.67939921658642
Z1605_4_cell01,Z1605_4_cell01_cell_c2.tif,Z1605_4.tif,Z1605_4,Z1605_4,n4,Z,HAMI3379,1605,Z,4,1,C:\Users\JackM\Desktop\out\Z1605_4_cell01_cell_c2.tif,C:\Users\JackM\Desktop\out\Z1605_4_cell01_soma_c2.tif,C:\Users\JackM\Desktop\out\Z1605_4_cell01_cell_c3.tif,C:\Users\JackM\src2\ensheathment\ilastik_outputs\mbp\n4\Z1605_4_cell01_cell_c2__mbp_seg.tiff,C:\Users\JackM\src2\ensheathment\ilastik_outputs\mbp\n4\Z1605_4_cell01_soma_c2__mbp_seg.tiff,C:\Users\JackM\src2\ensheathment\ilastik_outputs\c3\n4\Z1605_4_cell01_cell_c3__c3_seg.tiff,C:\Users\JackM\src2\ensheathment\quantification\qc\Z1605_4_cell01__qc.png,C:\Users\JackM\src2\ensheathment\quantification\thesis\Z1605_4_cell01__thesis.png,205541,41481,40574,0.2018137500547336,0.8025989948477432,164967,164060,649505,649505,127974,127974,26901,26901,101073,101073,62.26203044648027,62.26203044648027,61.26861735983561,61.26861735983561
