lif_path,lif_name,scene_idx,series_name,base_name,cell_id,cellpose_area_px,cell_area_px,num_nuclei,mbp_area_px,pdgfra_area_px,cnp_area_px,num_proc,num_branch3_px,num_branch4_px,avg_segment_len_px,area_ratio_union,perimeter_ratio_union,cell_perimeter_union_px,hull_perimeter_union_px,hull_area_union_px,area_ratio_mbp,perimeter_ratio_mbp,cell_perimeter_mbp_px,hull_perimeter_mbp_px,cell_area_mbp_px,hull_area_mbp_px,area_ratio_pdgfra,perimeter_ratio_pdgfra,cell_perimeter_pdgfra_px,hull_perimeter_pdgfra_px,cell_area_pdgfra_px,hull_area_pdgfra_px,area_ratio_cnp,perimeter_ratio_cnp,cell_perimeter_cnp_px,hull_perimeter_cnp_px,cell_area_cnp_px,hull_area_cnp_px,max_r_px,AUC,Imax,Rmax_px,CriticalValue,mbp_mean_in,mbp_mean_bg,mbp_int_ratio,pdg_mean_in,pdg_mean_bg,pdg_int_ratio,cnp_mean_in,cnp_mean_bg,cnp_int_ratio,scene_area_ratio_union,scene_perimeter_ratio_union,scene_area_ratio_mbp,scene_perimeter_ratio_mbp,scene_area_ratio_pdgfra,scene_perimeter_ratio_pdgfra,scene_area_ratio_cnp,scene_perimeter_ratio_cnp
C:\Users\JackM\40xMBPCNP\40xN1N2N3N4lif\Pranlukast_2602.lif,Pranlukast_2602,1,Image 2,Pranlukast_2602_S2_Image_2,1,23090,16314,2,2253,9223,12456,58,208,74,8.258278145695364,1.5250091945568223,3.2548729777884073,2350.01828996323,722.0,24879,6.2321349312028405,1.1643284288707532,759.1421356237311,652.0,2253,14041,2.1921283747153852,2.3512908444177034,1533.0416305603426,652.0,9223,20218,1.7681438664097624,3.694689605111341,2497.6101730552664,676.0,12456,22024,129,712.5,18.0,75.0,62.5,143.79094540612516,120.0,1.1982578783843763,1417.817738263038,133.0,10.660283746338632,164.8342164418754,113.0,1.4587098800165965,1.7801717584395584,2.9472051359619247,2.0749346679157834,3.180392080396828,3.2989649870821514,2.146030064036618,1.869591836734694,3.1555672136964095
C:\Users\JackM\40xMBPCNP\40xN1N2N3N4lif\Pranlukast_2602.lif,Pranlukast_2602,1,Image 2,Pranlukast_2602_S2_Image_2,2,6681,2984,0,25,2933,51,7,22,7,15.714285714285714,1.772788203753351,1.7853094078294016,599.863961030679,336.0,5290,1.16,0.8370097073805952,18.414213562373096,22.0,25,29,1.694510739856802,1.8408285620951368,570.6568542494924,310.0,2933,4970,1.0784313725490196,1.0,29.207106781186546,29.207106781186546,51,55,66,142.5,6.0,30.0,30.0,140.56,120.0,1.1713333333333333,193.85577906580292,133.0,1.4575622486150595,127.94117647058823,113.0,1.1322228006246746,1.7801717584395584,2.9472051359619247,2.0749346679157834,3.180392080396828,3.2989649870821514,2.146030064036618,1.869591836734694,3.1555672136964095
C:\Users\JackM\40xMBPCNP\40xN1N2N3N4lif\Pranlukast_2602.lif,Pranlukast_2602,1,Image 2,Pranlukast_2602_S2_Image_2,3,99165,57127,3,55144,14890,54574,98,497,120,11.381107491856678,2.2107584854797206,3.6190303047109667,5956.923881554251,1646.0,126294,2.2956078630494705,3.9749977042573255,6558.746212024587,1650.0,55144,126589,5.058294157152451,1.830193951149119,2551.290367901872,1394.0,14890,75318,2.302140213288379,3.6679153176392636,5993.373629022557,1634.0,54574,125637,290,1862.5,23.0,130.0,142.5,331.67807921079356,120.0,2.7639839934232797,1221.7007387508395,133.0,9.185719840231876,252.85410635100965,113.0,2.2376469588584924,1.7801717584395584,2.9472051359619247,2.0749346679157834,3.180392080396828,3.2989649870821514,2.146030064036618,1.869591836734694,3.1555672136964095
C:\Users\JackM\40xMBPCNP\40xN1N2N3N4lif\Pranlukast_2602.lif,Pranlukast_2602,1,Image 2,Pranlukast_2602_S2_Image_2,4,79495,50956,1,55392,6911,50928,75,317,74,14.004651162790697,1.8173914749980375,2.723563158849919,3987.2964645562815,1464.0,92607,1.6990540150202196,2.9391192760238356,4344.018289963229,1478.0,55392,94114,4.1682824482708725,1.7406091503370602,1528.254833995939,878.0,6911,28807,1.818390669180019,2.7264368656676696,3991.503571337468,1464.0,50928,92607,219,1407.5,19.0,160.0,107.5,490.72642258809935,120.0,4.089386854900828,753.9620894226596,133.0,5.668887890395936,299.074006440465,113.0,2.6466726233669466,1.7801717584395584,2.9472051359619247,2.0749346679157834,3.180392080396828,3.2989649870821514,2.146030064036618,1.869591836734694,3.1555672136964095
C:\Users\JackM\40xMBPCNP\40xN1N2N3N4lif\Pranlukast_2602.lif,Pranlukast_2602,1,Image 2,Pranlukast_2602_S2_Image_2,5,93786,67010,5,47698,22342,64013,102,421,90,11.972413793103449,1.457394418743471,3.213977540214437,4679.55129855222,1456.0,97660,1.9852824017778523,4.107831975688005,5898.846717087976,1436.0,47698,94694,3.109345627070092,3.067602113774741,4110.586832458153,1340.0,22342,69469,1.5186134066517738,3.1957736400140573,4627.480230740355,1448.0,64013,97211,228,1442.5,22.0,155.0,110.0,315.3485051784142,120.0,2.627904209820118,540.7242413391818,133.0,4.065595799542721,279.66791120553637,113.0,2.4749372673056316,1.7801717584395584,2.9472051359619247,2.0749346679157834,3.180392080396828,3.2989649870821514,2.146030064036618,1.869591836734694,3.1555672136964095
C:\Users\JackM\40xMBPCNP\40xN1N2N3N4lif\Pranlukast_2602.lif,Pranlukast_2602,1,Image 2,Pranlukast_2602_S2_Image_2,6,8681,3586,0,0,3586,0,13,33,9,9.884615384615385,1.449525934188511,1.4095645257656886,482.0710678118655,342.0,5198,,,0.0,0.0,0,0,1.449525934188511,1.4095645257656886,482.0710678118655,342.0,3586,5198,,,0.0,0.0,0,0,57,182.5,11.0,35.0,25.0,121.5122699386503,120.0,1.0126022494887525,359.03262688232013,133.0,2.6994934352054143,114.91355270496375,113.0,1.0169340947341925,1.7801717584395584,2.9472051359619247,2.0749346679157834,3.180392080396828,3.2989649870821514,2.146030064036618,1.869591836734694,3.1555672136964095
C:\Users\JackM\40xMBPCNP\40xN1N2N3N4lif\Pranlukast_2602.lif,Pranlukast_2602,1,Image 2,Pranlukast_2602_S2_Image_2,8,12580,5914,1,1736,3206,4178,19,69,21,10.145833333333334,1.865573216097396,2.0737888108677223,1122.3492424049173,541.2071067811866,11033,4.139976958525345,1.2438178204351427,591.0710678118655,475.20710678118655,1736,7187,1.2960074859638178,1.382456441828333,409.20710678118655,296.0,3206,4155,2.53326950694112,2.104883057254901,1139.1776695296635,541.2071067811866,4178,10584,128,337.5,7.0,80.0,62.27272727272727,151.14285714285714,120.0,1.2595238095238095,267.07018091079226,133.0,2.0080464730134757,154.05026328386788,113.0,1.3632766662289193,1.7801717584395584,2.9472051359619247,2.0749346679157834,3.180392080396828,3.2989649870821514,2.146030064036618,1.869591836734694,3.1555672136964095
C:\Users\JackM\40xMBPCNP\40xN1N2N3N4lif\Pranlukast_2602.lif,Pranlukast_2602,2,Image 3,Pranlukast_2602_S3_Image_3,2,10709,4540,1,1471,3419,2799,6,36,12,10.826086956521738,1.2041850220264316,1.60093805637477,547.5208152801713,342.0,5467,1.8096532970768184,1.3778499278071261,355.4852813742385,258.0,1471,2662,1.440479672418836,1.413794417382416,452.4142135623731,320.0,3419,4925,1.4551625580564487,1.5669382973845971,476.3492424049175,304.0,2799,4073,59,175.0,9.0,40.0,27.5,156.7647858599592,124.0,1.264232144031929,263.51652529979526,133.0,1.9813272578931975,195.5409074669525,113.0,1.7304505085571016,1.5026921035241099,2.9168612899730793,1.687493658899523,3.695384460988034,3.789955700776022,1.8630419022782663,1.529454230978925,2.963514640980524
C:\Users\JackM\40xMBPCNP\40xN1N2N3N4lif\Pranlukast_2602.lif,Pranlukast_2602,2,Image 3,Pranlukast_2602_S3_Image_3,4,77423,59393,2,55198,11101,58990,74,378,82,12.066147859922179,1.4235515969895443,2.7991147867225705,3672.4386001800126,1312.0,84549,1.533606290082974,3.675941569333891,4837.539105243401,1316.0,55198,84652,4.599225295018467,1.9462671650951064,2261.5624458405136,1162.0,11101,51056,1.4332768265807765,2.8308383540576005,3714.059920523572,1312.0,58990,84549,243,1102.5,19.0,160.0,117.5,400.0183702308055,124.0,3.225954598635528,566.7276821907936,133.0,4.261110392411982,346.88479403288693,113.0,3.0697769383441322,1.5026921035241099,2.9168612899730793,1.687493658899523,3.695384460988034,3.789955700776022,1.8630419022782663,1.529454230978925,2.963514640980524
C:\Users\JackM\40xMBPCNP\40xN1N2N3N4lif\Pranlukast_2602.lif,Pranlukast_2602,2,Image 3,Pranlukast_2602_S3_Image_3,5,60523,51664,3,34249,15370,49870,51,229,40,15.529032258064516,1.265775007742335,1.8538304681598552,2176.39696961967,1174.0,65395,1.6810417822418173,3.34375872724539,3724.9472221513643,1114.0,34249,57574,3.1164606376057256,2.1016051419312514,2307.562445840514,1098.0,15370,47900,1.2502907559655103,1.9697948085548562,2312.539105243401,1174.0,49870,62352,209,702.5,12.0,100.0,102.5,263.45817396128353,124.0,2.1246626932361576,1181.738321405335,133.0,8.885250536882218,498.43856025666736,113.0,4.410960710235995,1.5026921035241099,2.9168612899730793,1.687493658899523,3.695384460988034,3.789955700776022,1.8630419022782663,1.529454230978925,2.963514640980524
C:\Users\JackM\40xMBPCNP\40xN1N2N3N4lif\Pranlukast_2602.lif,Pranlukast_2602,2,Image 3,Pranlukast_2602_S3_Image_3,7,57723,38853,1,35501,11695,35318,68,336,92,11.32876712328767,1.4969757805060098,3.4922342221086478,4023.0538238691624,1152.0,58162,1.6235035632799075,3.7626779469733114,4304.503571337468,1144.0,35501,57636,3.8837964942283025,2.1118379925797433,2251.219300090006,1066.0,11695,45421,1.6265926722917492,3.436753240350699,3931.6457069611993,1144.0,35318,57448,300,1222.5,14.0,240.0,147.5,387.27176699247906,124.0,3.1231594112296697,999.2011970927747,133.0,7.512790955584772,293.93742567529307,113.0,2.6012161564185226,1.5026921035241099,2.9168612899730793,1.687493658899523,3.695384460988034,3.789955700776022,1.8630419022782663,1.529454230978925,2.963514640980524
C:\Users\JackM\40xMBPCNP\40xN1N2N3N4lif\Pranlukast_2602.lif,Pranlukast_2602,2,Image 3,Pranlukast_2602_S3_Image_3,8,105874,70143,1,63985,7606,70139,143,580,149,11.551282051282051,1.759348758963831,4.160020348079339,7105.314754519512,1708.0,123406,1.9277330624365085,4.795806551553417,8191.237590053236,1708.0,63985,123346,6.337102287667631,1.4391108666798857,1784.4974746830583,1240.0,7606,48200,1.759249490297837,4.158849387891986,7103.314754519512,1708.0,70139,123392,309,2207.5,23.0,170.0,152.5,351.81369070875985,124.0,2.83720718313516,471.7108861425191,133.0,3.5466983920490156,324.3469824206219,113.0,2.8703272780586007,1.5026921035241099,2.9168612899730793,1.687493658899523,3.695384460988034,3.789955700776022,1.8630419022782663,1.529454230978925,2.963514640980524
C:\Users\JackM\40xMBPCNP\40xN1N2N3N4lif\Pranlukast_2602.lif,Pranlukast_2602,2,Image 3,Pranlukast_2602_S3_Image_3,9,8717,4381,1,0,4367,1038,11,37,9,8.035714285714286,1.3478657840675645,1.3054568615913957,459.5208152801713,352.0,5905,,,0.0,0.0,0,0,1.3480650332035722,1.3608963099970992,476.31370849898474,350.0,4367,5887,1.6464354527938343,1.150205003303458,239.2426406871193,208.0,1038,1709,70,167.5,10.0,45.0,32.5,130.44556037434376,124.0,1.0519803255995464,2639.4861460957177,133.0,19.845760496960285,132.59730250481695,113.0,1.1734274557948403,1.5026921035241099,2.9168612899730793,1.687493658899523,3.695384460988034,3.789955700776022,1.8630419022782663,1.529454230978925,2.963514640980524
C:\Users\JackM\40xMBPCNP\40xN1N2N3N4lif\Pranlukast_2602.lif,Pranlukast_2602,2,Image 3,Pranlukast_2602_S3_Image_3,10,69427,47947,2,46148,10100,47801,85,427,127,10.272413793103448,1.5275825390535382,2.6725922317655457,4008.8883476483184,1500.0,73243,1.5885845540435122,3.067024743841175,4594.40306627408,1498.0,46148,73310,3.74970297029703,2.0679658021056295,2233.4030662740797,1080.0,10100,37872,1.5322482793247003,2.6697874939114214,4004.681240867132,1500.0,47801,73243,271,1262.5,15.0,130.0,132.5,331.9774638120829,124.0,2.677237611387765,770.1661386138613,133.0,5.790722846720762,283.096692537813,113.0,2.505280464936398,1.5026921035241099,2.9168612899730793,1.687493658899523,3.695384460988034,3.789955700776022,1.8630419022782663,1.529454230978925,2.963514640980524
C:\Users\JackM\40xMBPCNP\40xN1N2N3N4lif\Pranlukast_2602.lif,Pranlukast_2602,3,Image 4,Pranlukast_2602_S4_Image_4,1,7666,4005,1,816,4005,464,14,50,7,8.970588235294118,1.5508114856429462,1.8636097081572545,670.8994949366116,360.0,6211,1.7426470588235294,1.5287091780417184,289.2426406871193,189.20710678118655,816,1422,1.5508114856429462,1.8636097081572545,670.8994949366116,360.0,4005,6211,1.5280172413793103,1.1527193705326926,145.24264068711926,126.0,464,709,66,232.5,11.0,40.0,30.0,153.43872549019608,123.0,1.2474693129284233,312.50536828963794,135.0,2.314854579923244,130.46120689655172,113.0,1.1545239548367408,1.5848529855163096,2.5742288997815406,1.6498052570117965,3.209399820405338,2.308132731527917,1.7156847563581643,1.687988121949758,2.5358008973988206
C:\Users\JackM\40xMBPCNP\40xN1N2N3N4lif\Pranlukast_2602.lif,Pranlukast_2602,3,Image 4,Pranlukast_2602_S4_Image_4,2,79408,58336,3,52138,9567,57196,101,599,187,9.300518134715025,1.3967704333516182,3.53435475706422,4842.066017177982,1370.0,81482,1.5701024204994438,4.890854873678961,6749.379725676967,1380.0,52138,81862,2.7432842061252223,1.412965922937608,1285.7989898732233,910.0,9567,26245,1.4191202181970768,3.5212160709328333,4824.066017177982,1370.0,57196,81168,207,1352.5,21.0,155.0,100.0,329.91779508228166,123.0,2.682258496603916,823.916797324135,135.0,6.103087387586186,263.99760472760335,113.0,2.3362619887398526,1.5848529855163096,2.5742288997815406,1.6498052570117965,3.209399820405338,2.308132731527917,1.7156847563581643,1.687988121949758,2.5358008973988206
C:\Users\JackM\40xMBPCNP\40xN1N2N3N4lif\Pranlukast_2602.lif,Pranlukast_2602,3,Image 4,Pranlukast_2602_S4_Image_4,3,13914,7638,1,347,4914,4438,25,105,29,7.4714285714285715,1.5331238544121497,2.1465638527607624,1116.2132034355964,520.0,11710,4.219020172910663,0.5443772223117997,110.62132034355963,203.20710678118655,347,1464,2.1998371998371997,1.6516651811861127,842.3492424049175,510.0,4914,10810,2.3071203244704823,2.0716690475583124,1035.8345237791561,500.0,4438,10239,149,345.0,6.0,90.0,72.5,156.19020172910663,123.0,1.2698390384480214,975.0966625966626,135.0,7.22293824145676,161.58427219468228,113.0,1.4299493114573654,1.5848529855163096,2.5742288997815406,1.6498052570117965,3.209399820405338,2.308132731527917,1.7156847563581643,1.687988121949758,2.5358008973988206
C:\Users\JackM\40xMBPCNP\40xN1N2N3N4lif\Pranlukast_2602.lif,Pranlukast_2602,3,Image 4,Pranlukast_2602_S4_Image_4,4,50627,23749,1,30406,6072,22488,146,444,176,6.54954954954955,2.318834477241147,3.563828445729181,4447.657900270018,1248.0,55070,1.8831809511280668,3.0853786396327765,3906.089357775095,1266.0,30406,57260,2.9255599472990776,1.9667472303259963,1231.1837661840736,626.0,6072,17764,2.4488616150836,3.6670563520791384,4576.486327394765,1248.0,22488,55070,325,1437.5,14.0,220.0,160.0,200.79704663553247,123.0,1.6324963141100202,495.96590909090907,135.0,3.6738215488215484,182.73692636072573,113.0,1.6171409412453606,1.5848529855163096,2.5742288997815406,1.6498052570117965,3.209399820405338,2.308132731527917,1.7156847563581643,1.687988121949758,2.5358008973988206
C:\Users\JackM\40xMBPCNP\40xN1N2N3N4lif\Pranlukast_2602.lif,Pranlukast_2602,3,Image 4,Pranlukast_2602_S4_Image_4,5,26570,12844,2,347,12711,730,47,80,17,8.606060606060606,2.2347399563998755,1.8630422092911239,1736.3553390593274,932.0,28703,2.7377521613832854,0.7138339470183135,124.20710678118655,174.0,347,950,2.25812288568956,1.7977756565821688,1675.5269119345812,932.0,12711,28703,13.035616438356165,0.5056210018934121,315.1066017177982,623.2071067811866,730,9516,282,622.5,7.0,240.0,137.5,143.52449567723343,123.0,1.166865818514093,1609.0582959641256,135.0,11.918950340475005,131.9,113.0,1.1672566371681417,1.5848529855163096,2.5742288997815406,1.6498052570117965,3.209399820405338,2.308132731527917,1.7156847563581643,1.687988121949758,2.5358008973988206
C:\Users\JackM\40xMBPCNP\40xN1N2N3N4lif\Pranlukast_2602.lif,Pranlukast_2602,3,Image 4,Pranlukast_2602_S4_Image_4,6,10479,5211,1,0,4026,3142,17,49,11,8.88888888888889,1.579351372097486,1.4273542422871506,641.1776695296637,449.20710678118655,8230,,,0.0,0.0,0,0,1.95926477893691,1.0079861775027645,439.89949493661163,436.4142135623731,4026,7888,2.0875238701464034,1.6471211786715372,711.5563491861041,432.0,3142,6559,73,227.5,10.0,45.0,32.5,131.5933601995778,123.0,1.0698647170697382,1736.4309488325882,135.0,12.862451472833987,145.30776575429664,113.0,1.2859094314539525,1.5848529855163096,2.5742288997815406,1.6498052570117965,3.209399820405338,2.308132731527917,1.7156847563581643,1.687988121949758,2.5358008973988206
C:\Users\JackM\40xMBPCNP\40xN1N2N3N4lif\Pranlukast_2602.lif,Pranlukast_2602,3,Image 4,Pranlukast_2602_S4_Image_4,7,70899,55518,4,49633,22899,53157,65,204,45,19.6056338028169,1.3334053820382579,2.396838809291618,2991.2548339959394,1248.0,74028,1.5039389116112265,3.126092822790189,3957.6335136523794,1266.0,49633,74645,2.3223284859600857,2.401717810174296,2713.9411254969546,1130.0,22899,53179,1.384765882198017,2.5120061902137127,3119.9116882454314,1242.0,53157,73610,323,1000.0,10.0,180.0,157.5,466.3384240323978,123.0,3.791369301076405,1605.2914101052447,135.0,11.891047482261072,376.22275523449406,113.0,3.3294049135795936,1.5848529855163096,2.5742288997815406,1.6498052570117965,3.209399820405338,2.308132731527917,1.7156847563581643,1.687988121949758,2.5358008973988206
C:\Users\JackM\40xMBPCNP\40xN1N2N3N4lif\Pranlukast_2602.lif,Pranlukast_2602,3,Image 4,Pranlukast_2602_S4_Image_4,8,12454,7463,1,6535,4660,6496,35,25,2,11.125,1.5769797668497922,1.6519306057863339,806.142135623731,488.0,11769,1.8999234889058914,2.5797881020547546,1300.2132034355964,504.0,6535,12416,2.0525751072961373,1.0786627773594257,502.6568542494924,466.0,4660,9565,1.7707820197044335,1.6708271186953463,795.3137084989849,476.0,6496,11503,141,332.5,6.0,15.0,67.5,173.982402448355,123.0,1.4144910768158943,1997.048068669528,135.0,14.792948656811319,238.77586206896552,113.0,2.113060726274031,1.5848529855163096,2.5742288997815406,1.6498052570117965,3.209399820405338,2.308132731527917,1.7156847563581643,1.687988121949758,2.5358008973988206
C:\Users\JackM\40xMBPCNP\40xN1N2N3N4lif\Pranlukast_2602.lif,Pranlukast_2602,3,Image 4,Pranlukast_2602_S4_Image_4,9,7686,4334,1,2787,2930,2082,22,43,15,8.236842105263158,1.5323027226580526,1.9850509058331152,750.3492424049175,378.0,6641,2.1234302116971655,1.9682120810725112,708.5563491861041,360.0,2787,5918,1.816382252559727,1.3148250847952392,486.4852813742385,370.0,2930,5322,2.4735830931796348,1.7176568372844794,556.5208152801713,324.0,2082,5150,73,267.5,8.0,45.0,32.5,185.54861858629351,123.0,1.5085253543601098,1313.3744027303753,135.0,9.728699279484262,175.5749279538905,113.0,1.5537604243707124,1.5848529855163096,2.5742288997815406,1.6498052570117965,3.209399820405338,2.308132731527917,1.7156847563581643,1.687988121949758,2.5358008973988206
C:\Users\JackM\40xMBPCNP\40xN1N2N3N4lif\Pranlukast_2602.lif,Pranlukast_2602,4,Image 5,Pranlukast_2602_S5_Image_5,1,7326,4463,1,0,4462,75,9,9,1,14.285714285714286,1.4987676450817835,1.396750699063011,494.4497474683059,354.0,6689,,,0.0,0.0,0,0,1.4903630658897355,1.396750699063011,494.4497474683059,354.0,4462,6650,2.64,0.4591014504304041,41.41421356237309,90.20710678118655,75,198,76,152.5,6.0,45.0,35.0,121.64709836432893,123.0,0.9890007997099912,1665.1519497982968,136.0,12.243764336752182,129.29333333333332,114.0,1.1341520467836257,1.3528893581718078,1.9320934874906928,1.5793561597438186,2.689178579934095,3.0828538241601144,1.8665530178205105,1.3970100159531602,2.0318310387119904
C:\Users\JackM\40xMBPCNP\40xN1N2N3N4lif\Pranlukast_2602.lif,Pranlukast_2602,4,Image 5,Pranlukast_2602_S5_Image_5,2,55868,51725,2,34875,13838,51651,47,186,57,18.41007194244604,1.131851135814403,1.357948318155922,1596.9472221513643,1176.0,58545,1.5442293906810036,3.3355497834729637,3835.882250993908,1150.0,34875,53855,3.08866888278653,2.8099806990388148,2776.260930650349,988.0,13838,42741,1.1334727304408434,1.3440208694684725,1580.5685424949238,1176.0,51651,58545,165,592.5,22.0,125.0,80.0,247.12378494623655,123.0,2.009136462977533,926.5627258274317,136.0,6.812961219319351,400.56444212115935,114.0,3.5137231765013976,1.3528893581718078,1.9320934874906928,1.5793561597438186,2.689178579934095,3.0828538241601144,1.8665530178205105,1.3970100159531602,2.0318310387119904
C:\Users\JackM\40xMBPCNP\40xN1N2N3N4lif\Pranlukast_2602.lif,Pranlukast_2602,4,Image 5,Pranlukast_2602_S5_Image_5,3,93213,68297,4,64917,18885,64027,83,437,146,12.505226480836237,1.4903582880653616,2.5892313921710333,4013.3086578651014,1550.0,101787,1.5977324891784894,2.9195604263239554,4548.675144212722,1558.0,64917,103720,4.5266084193804605,2.135785334617417,2938.840620433566,1376.0,18885,85485,1.5703843690942882,2.625239731075979,4063.8711037056155,1548.0,64027,100547,452,1160.0,7.0,120.0,222.5,378.96714265908776,123.0,3.081033680155185,1293.1422292824993,136.0,9.50839874472426,293.10726724663033,114.0,2.5711163793564062,1.3528893581718078,1.9320934874906928,1.5793561597438186,2.689178579934095,3.0828538241601144,1.8665530178205105,1.3970100159531602,2.0318310387119904
C:\Users\JackM\40xMBPCNP\40xN1N2N3N4lif\Pranlukast_2602.lif,Pranlukast_2602,4,Image 5,Pranlukast_2602_S5_Image_5,4,23224,18305,3,17907,8119,18094,41,120,30,11.855555555555556,1.2815077847582628,1.825746423466838,1358.3553390593274,744.0,23458,1.3126151784218463,2.188177111857102,1623.6274169979697,742.0,17907,23505,1.9791846286488484,1.7509914213142523,1082.112698372208,618.0,8119,16069,1.2939648502265944,1.9314680017591666,1437.0121933088199,744.0,18094,23413,135,527.5,15.0,70.0,65.0,209.64924331267102,123.0,1.7044653927859432,1849.91365931765,136.0,13.602306318512133,242.31529788880292,114.0,2.125572788498271,1.3528893581718078,1.9320934874906928,1.5793561597438186,2.689178579934095,3.0828538241601144,1.8665530178205105,1.3970100159531602,2.0318310387119904
C:\Users\JackM\40xMBPCNP\40xN1N2N3N4lif\Pranlukast_2602.lif,Pranlukast_2602,4,Image 5,Pranlukast_2602_S5_Image_5,5,44538,39659,3,30486,10835,38936,43,268,77,12.290909090909091,1.2323558334804205,1.593131645161086,1765.1898628384834,1108.0,48874,1.58400577314177,2.605274222603285,2871.01219330882,1102.0,30486,48290,3.8596215966774343,2.0331057910349752,2122.562445840514,1044.0,10835,41819,1.2541863570988288,1.8056955578688219,2000.7106781186546,1108.0,38936,48833,173,602.5,16.0,100.0,85.0,403.927081283212,123.0,3.283960010432618,1057.360590678357,136.0,7.774710225576155,457.5186716663242,114.0,4.0133216812835455,1.3528893581718078,1.9320934874906928,1.5793561597438186,2.689178579934095,3.0828538241601144,1.8665530178205105,1.3970100159531602,2.0318310387119904
C:\Users\JackM\40xMBPCNP\40xN1N2N3N4lif\Pranlukast_2602.lif,Pranlukast_2602,4,Image 5,Pranlukast_2602_S5_Image_5,6,29738,24439,1,22638,4139,24197,31,146,42,13.697916666666666,1.2293465362739884,1.7856595969712301,1453.5269119345812,814.0,30044,1.3301970138704833,2.4545360358629127,1993.0832611206852,812.0,22638,30113,4.42836433921237,1.28672683622411,833.7989898732233,648.0,4139,18329,1.2311030293011531,1.7463475576591907,1421.5269119345812,814.0,24197,29789,151,517.5,17.0,80.0,72.5,251.2855817651736,123.0,2.042972209472956,1059.134815172747,136.0,7.787755993917258,285.13199983469025,114.0,2.5011578932867566,1.3528893581718078,1.9320934874906928,1.5793561597438186,2.689178579934095,3.0828538241601144,1.8665530178205105,1.3970100159531602,2.0318310387119904
C:\Users\JackM\40xMBPCNP\40xN1N2N3N4lif\Pranlukast_2602.lif,Pranlukast_2602,4,Image 5,Pranlukast_2602_S5_Image_5,7,19115,11544,1,3027,9750,5551,29,78,24,8.9375,1.573891198891199,1.8340101596994525,1261.7989898732233,688.0,18169,2.734720845721837,1.321296195861056,741.5208152801713,561.2071067811866,3027,8278,1.7393846153846153,1.7047320266476054,1111.4852813742386,652.0,9750,16959,2.5051342100522427,1.8114631176118818,1188.3198051533946,656.0,5551,13906,235,442.5,6.0,145.0,115.0,162.97588371324744,123.0,1.3250071846605482,1973.9850256410257,136.0,14.514595776772248,164.63069717168077,114.0,1.4441289225586031,1.3528893581718078,1.9320934874906928,1.5793561597438186,2.689178579934095,3.0828538241601144,1.8665530178205105,1.3970100159531602,2.0318310387119904
C:\Users\JackM\40xMBPCNP\40xN1N2N3N4lif\Pranlukast_2602.lif,Pranlukast_2602,4,Image 5,Pranlukast_2602_S5_Image_5,8,10586,7110,0,150,6367,3594,18,38,6,10.033333333333333,1.1766526019690577,1.334752426515435,565.9350288425444,424.0,8366,8.346666666666666,0.4324807271609453,81.82842712474618,189.20710678118655,150,1252,1.2073189885346316,1.335591857107595,552.9350288425444,414.0,6367,7687,1.7863105175292153,1.4602566337650698,525.6923881554251,360.0,3594,6420,71,212.5,20.0,50.0,32.5,146.06,123.0,1.187479674796748,2352.296057798021,136.0,17.29629454263251,146.72092376182528,114.0,1.287025647033555,1.3528893581718078,1.9320934874906928,1.5793561597438186,2.689178579934095,3.0828538241601144,1.8665530178205105,1.3970100159531602,2.0318310387119904
C:\Users\JackM\40xMBPCNP\40xN1N2N3N4lif\Pranlukast_2602.lif,Pranlukast_2602,4,Image 5,Pranlukast_2602_S5_Image_5,9,47545,35367,2,31664,12165,33504,52,229,52,12.567073170731707,1.4477620380580767,2.646985881921217,2938.154328932551,1110.0,51203,1.610977766548762,2.999855634450694,3311.840620433566,1104.0,31664,51010,3.442992190711056,2.2033589458348626,2163.698484809835,982.0,12165,41884,1.5148042024832855,2.91633445365939,3196.3025612106912,1096.0,33504,50752,171,937.5,15.0,105.0,82.5,466.48701995957555,123.0,3.7925773980453297,841.6308261405673,136.0,6.188461956915936,368.4548412129895,114.0,3.2320600106402586,1.3528893581718078,1.9320934874906928,1.5793561597438186,2.689178579934095,3.0828538241601144,1.8665530178205105,1.3970100159531602,2.0318310387119904
C:\Users\JackM\40xMBPCNP\40xN1N2N3N4lif\Pranlukast_2602.lif,Pranlukast_2602,4,Image 5,Pranlukast_2602_S5_Image_5,10,8761,3607,1,0,3607,314,11,7,2,17.444444444444443,1.578874410867757,1.1487309678726458,491.6568542494924,428.0,5695,,,0.0,0.0,0,0,1.578874410867757,1.1487309678726458,491.6568542494924,428.0,3607,5695,3.9044585987261144,0.8349776765420951,195.38477631085024,234.0,314,1226,105,187.5,5.0,60.0,50.0,125.56917105627946,123.0,1.0208875695632476,1173.5411699473245,136.0,8.62897919078915,128.14968152866243,114.0,1.1241200134093194,1.3528893581718078,1.9320934874906928,1.5793561597438186,2.689178579934095,3.0828538241601144,1.8665530178205105,1.3970100159531602,2.0318310387119904
C:\Users\JackM\40xMBPCNP\40xN1N2N3N4lif\Pranlukast_2602.lif,Pranlukast_2602,4,Image 5,Pranlukast_2602_S5_Image_5,11,10066,9133,1,6772,4366,9125,12,52,17,11.447368421052632,1.114858206503887,1.4135090263934416,664.3492424049175,470.0,10182,1.4588009450679267,1.8349927075489232,855.1066017177982,466.0,6772,9879,1.2361429225836005,1.0535504849807,379.278174593052,360.0,4366,5397,1.1158356164383563,1.4390409412870586,676.3492424049175,470.0,9125,10182,88,222.5,10.0,50.0,40.0,191.64131718842293,123.0,1.5580594893367719,2588.8854786990382,136.0,19.035922637492927,280.9037808219178,114.0,2.4640682528238402,1.3528893581718078,1.9320934874906928,1.5793561597438186,2.689178579934095,3.0828538241601144,1.8665530178205105,1.3970100159531602,2.0318310387119904
C:\Users\JackM\40xMBPCNP\40xN1N2N3N4lif\Pranlukast_2602.lif,Pranlukast_2602,4,Image 5,Pranlukast_2602_S5_Image_5,12,70897,54768,3,47347,12329,54582,69,254,78,13.52659574468085,1.468028775927549,2.4930970443907667,3455.4325035256024,1386.0,80401,1.6963271168183833,3.3821822377086908,4687.704581464245,1386.0,47347,80316,4.159461432395166,1.830440483443253,2088.9116882454314,1141.2071067811867,12329,51282,1.4730314022937965,2.469684528179868,3422.9827560572967,1386.0,54582,80401,208,1177.5,19.0,160.0,102.5,400.7650326314233,123.0,3.25825229781645,1118.84264741666,136.0,8.226784172181324,393.483016379026,114.0,3.4516054068335618,1.3528893581718078,1.9320934874906928,1.5793561597438186,2.689178579934095,3.0828538241601144,1.8665530178205105,1.3970100159531602,2.0318310387119904
C:\Users\JackM\40xMBPCNP\40xN1N2N3N4lif\Pranlukast_2602.lif,Pranlukast_2602,4,Image 5,Pranlukast_2602_S5_Image_5,13,8070,3058,1,33,3058,365,15,23,13,6.95,1.6468279921517333,1.2455299481712538,455.8639610306789,366.0,5036,3.757575757575758,0.3335095741488988,22.414213562373096,67.20710678118655,33,124,1.6468279921517333,1.2455299481712538,455.8639610306789,366.0,3058,5036,1.36986301369863,1.2565685424949238,125.65685424949238,100.0,365,500,118,175.0,5.0,65.0,60.0,142.5151515151515,123.0,1.158659768415866,1145.8620013080445,136.0,8.425455891970914,130.27123287671233,114.0,1.142730112953617,1.3528893581718078,1.9320934874906928,1.5793561597438186,2.689178579934095,3.0828538241601144,1.8665530178205105,1.3970100159531602,2.0318310387119904
C:\Users\JackM\40xMBPCNP\40xN1N2N3N4lif\Pranlukast_2602.lif,Pranlukast_2602,5,Image 6,Pranlukast_2602_S6_Image_6,2,9176,2896,0,0,2372,1068,37,50,20,4.884615384615385,2.5369475138121547,1.7852691518354682,721.2487373415291,404.0,7347,,,0.0,0.0,0,0,2.84822934232715,1.5525152416360248,621.0060966544099,400.0,2372,6756,3.8895131086142323,1.1410377296940066,381.1066017177982,334.0,1068,4154,90,352.5,15.0,40.0,42.5,128.36947513812154,122.0,1.0522088126075537,494.7386172006745,132.0,3.748019827277837,138.5683520599251,112.0,1.2372174291064741,1.5516710745883315,2.501519635624197,1.6633474995058313,2.525183884054294,3.4646507926791945,1.8591061674328055,1.5880699754472114,2.3438957876151116
C:\Users\JackM\40xMBPCNP\40xN1N2N3N4lif\Pranlukast_2602.lif,Pranlukast_2602,5,Image 6,Pranlukast_2602_S6_Image_6,3,6351,2733,2,616,2733,500,2,4,1,33.0,1.1877058177826565,1.2864076271351066,357.62132034355966,278.0,3246,2.456168831168831,1.439664118348364,270.6568542494924,188.0,616,1513,1.1877058177826565,1.2864076271351066,357.62132034355966,278.0,2733,3246,1.336,1.0535686955444354,139.07106781186548,132.0,500,668,54,97.5,5.0,25.0,25.0,147.91233766233765,122.0,1.2123962103470298,240.83754116355652,132.0,1.8245268269966404,130.352,112.0,1.163857142857143,1.5516710745883315,2.501519635624197,1.6633474995058313,2.525183884054294,3.4646507926791945,1.8591061674328055,1.5880699754472114,2.3438957876151116
C:\Users\JackM\40xMBPCNP\40xN1N2N3N4lif\Pranlukast_2602.lif,Pranlukast_2602,5,Image 6,Pranlukast_2602_S6_Image_6,6,113271,90737,2,83327,11452,85492,97,508,146,13.336283185840708,1.295017468067051,2.3174103550216545,3666.1431816442573,1582.0,117506,1.4076709829947076,2.791508547560917,4416.16652224137,1582.0,83327,117297,5.148271044359064,1.5980956608129016,2045.562445840514,1280.0,11452,58958,1.3221938894867356,2.175567563319353,3363.4274528917194,1546.0,85492,113037,260,1237.5,19.0,160.0,127.5,505.43299290746097,122.0,4.142893384487385,306.84177436255675,132.0,2.3245588966860358,358.6280470687316,112.0,3.2020361345422463,1.5516710745883315,2.501519635624197,1.6633474995058313,2.525183884054294,3.4646507926791945,1.8591061674328055,1.5880699754472114,2.3438957876151116
C:\Users\JackM\40xMBPCNP\40xN1N2N3N4lif\Pranlukast_2602.lif,Pranlukast_2602,5,Image 6,Pranlukast_2602_S6_Image_6,7,26888,5042,1,0,490,4929,52,64,30,6.181818181818182,2.5414518048393493,1.7929579060903884,1100.8761543394985,614.0,12814,,,0.0,0.0,0,0,4.414285714285715,0.6887544079089447,232.79898987322332,338.0,490,2163,2.567660783120308,1.7687725319133638,1071.8761543394985,606.0,4929,12656,203,527.5,7.0,145.0,97.5,129.90043633478777,122.0,1.0647576748753096,179.16122448979593,132.0,1.3572820037105753,141.3822276323798,112.0,1.2623413181462482,1.5516710745883315,2.501519635624197,1.6633474995058313,2.525183884054294,3.4646507926791945,1.8591061674328055,1.5880699754472114,2.3438957876151116
C:\Users\JackM\40xMBPCNP\40xN1N2N3N4lif\Pranlukast_2602.lif,Pranlukast_2602,5,Image 6,Pranlukast_2602_S6_Image_6,8,94173,68752,2,64366,20086,65806,77,268,51,16.59893048128342,1.714321037933442,2.870156150055681,4534.846717087976,1580.0,117863,1.6567908523133332,3.0504338759990466,4850.189862838484,1590.0,64366,106641,3.7757642138803145,2.5294401186094415,3379.331998462214,1336.0,20086,75840,1.7147068656353524,2.6903643349848805,4250.775649276111,1580.0,65806,112838,251,1502.5,19.0,145.0,122.5,429.0775720100674,122.0,3.5170292787710444,505.3481529423479,132.0,3.82839509804809,383.06414308725647,112.0,3.4202155632790756,1.5516710745883315,2.501519635624197,1.6633474995058313,2.525183884054294,3.4646507926791945,1.8591061674328055,1.5880699754472114,2.3438957876151116
C:\Users\JackM\40xMBPCNP\40xN1N2N3N4lif\Pranlukast_2602.lif,Pranlukast_2602,5,Image 6,Pranlukast_2602_S6_Image_6,9,21065,9432,1,2797,133,9432,40,139,28,8.05050505050505,1.859626802374894,3.0226922553460565,1958.7045814642447,648.0,17540,2.9474436896675007,1.9436984033632845,905.7634559672906,466.0,2797,8244,1.0601503759398496,0.9841421356237309,49.207106781186546,50.0,133,141,1.859626802374894,3.0226922553460565,1958.7045814642447,648.0,9432,17540,110,677.5,14.0,55.0,52.5,160.8373257061137,122.0,1.3183387352960139,170.54887218045113,132.0,1.292036910457963,144.03604749787957,112.0,1.2860361383739247,1.5516710745883315,2.501519635624197,1.6633474995058313,2.525183884054294,3.4646507926791945,1.8591061674328055,1.5880699754472114,2.3438957876151116
C:\Users\JackM\40xMBPCNP\40xN1N2N3N4lif\Pranlukast_2602.lif,Pranlukast_2602,5,Image 6,Pranlukast_2602_S6_Image_6,10,87552,59718,4,49304,14969,58246,117,436,132,11.21311475409836,1.546786563515188,3.118783076599823,4746.78784258493,1522.0,92371,1.823422034723349,2.920754293556404,4404.497474683058,1508.0,49304,89902,3.669784220722827,2.020506908285661,2291.2548339959394,1134.0,14969,54933,1.574305531710332,3.139948124849229,4779.001046020527,1522.0,58246,91697,257,1647.5,20.0,115.0,125.0,444.94805695278274,122.0,3.647115220924449,883.2801790366758,132.0,6.6915165078536045,305.433592006318,112.0,2.7270856429135537,1.5516710745883315,2.501519635624197,1.6633474995058313,2.525183884054294,3.4646507926791945,1.8591061674328055,1.5880699754472114,2.3438957876151116
C:\Users\JackM\40xMBPCNP\40xN1N2N3N4lif\Pranlukast_2602.lif,Pranlukast_2602,5,Image 6,Pranlukast_2602_S6_Image_6,11,7574,4260,0,103,4005,381,15,21,5,10.055555555555555,1.3570422535211268,1.378247160837886,487.89949493661163,354.0,5781,1.1067961165048543,1.0,46.0,46.0,103,114,1.2232209737827715,1.1262776916713235,396.4497474683059,352.0,4005,4899,4.706036745406824,0.700858072828027,178.86396103067892,255.20710678118655,381,1793,76,167.5,6.0,35.0,35.0,141.3495145631068,122.0,1.1586025783861214,2501.859925093633,132.0,18.953484281012372,129.28608923884514,112.0,1.1543400824896888,1.5516710745883315,2.501519635624197,1.6633474995058313,2.525183884054294,3.4646507926791945,1.8591061674328055,1.5880699754472114,2.3438957876151116
C:\Users\JackM\40xMBPCNP\40xN1N2N3N4lif\Pranlukast_2602.lif,Pranlukast_2602,5,Image 6,Pranlukast_2602_S6_Image_6,12,15266,6764,0,483,5354,1974,51,75,26,8.16,2.198403311649911,2.889358120117813,1629.5979797464465,564.0,14870,19.801242236024844,0.3831182082884854,187.72792206135784,490.0,483,9564,2.7174075457601794,2.479479444807079,1398.4264068711927,564.0,5354,14549,3.6879432624113475,1.4860419209900104,579.5563491861041,390.0,1974,7280,157,597.5,11.0,105.0,75.0,149.175983436853,122.0,1.2227539625971557,447.20433320881585,132.0,3.387911615218302,141.35866261398175,112.0,1.2621309161962657,1.5516710745883315,2.501519635624197,1.6633474995058313,2.525183884054294,3.4646507926791945,1.8591061674328055,1.5880699754472114,2.3438957876151116
C:\Users\JackM\40xMBPCNP\40xN1N2N3N4lif\Pranlukast_2602.lif,Pranlukast_2602,5,Image 6,Pranlukast_2602_S6_Image_6,13,6682,3754,1,1364,3754,252,9,27,1,11.88888888888889,1.3114011720831114,1.5098261839003615,498.2426406871193,330.0,4923,2.434017595307918,1.5965051335422527,443.8284271247462,278.0,1364,3320,1.3114011720831114,1.5098261839003615,498.2426406871193,330.0,3754,4923,2.1587301587301586,0.7331868334580445,120.24264068711929,164.0,252,544,55,177.5,8.0,45.0,25.0,141.08137829912025,122.0,1.1564047401567232,262.98135322322855,132.0,1.9922829789638528,123.51984126984127,112.0,1.1028557256235827,1.5516710745883315,2.501519635624197,1.6633474995058313,2.525183884054294,3.4646507926791945,1.8591061674328055,1.5880699754472114,2.3438957876151116
C:\Users\JackM\40xMBPCNP\40xN1N2N3N4lif\Pranlukast_2602.lif,Pranlukast_2602,6,Image 7,Pranlukast_2602_S7_Image_7,1,3758,2093,1,649,2093,0,5,11,0,9.4,1.20831342570473,1.2018466686411475,278.8284271247462,232.0,2529,1.325115562403698,1.056338028169014,150.0,142.0,649,860,1.20831342570473,1.2018466686411475,278.8284271247462,232.0,2093,2529,,,0.0,0.0,0,0,45,97.5,7.0,30.0,20.0,145.4406779661017,123.0,1.18244453630977,244.10941232680364,132.0,1.8493137297485125,110.51505016722408,112.0,0.9867415193502149,2.025405985354319,3.1685920373017344,2.008428317473596,3.976823326754862,3.9644843989357414,1.5538012429645378,2.015242491587493,3.471818223550921
C:\Users\JackM\40xMBPCNP\40xN1N2N3N4lif\Pranlukast_2602.lif,Pranlukast_2602,6,Image 7,Pranlukast_2602_S7_Image_7,2,11176,3438,1,0,3438,781,16,12,3,9.538461538461538,2.081151832460733,1.0043767164438056,435.89949493661163,434.0,7155,,,0.0,0.0,0,0,2.081151832460733,1.0043767164438056,435.89949493661163,434.0,3438,7155,1.17797695262484,0.9848691340668765,154.82842712474618,157.20710678118655,781,920,120,152.5,4.0,10.0,56.05263157894737,132.85485747527633,123.0,1.0801207924819214,1928.3350785340315,132.0,14.60859907980327,131.6862996158771,112.0,1.1757705322846168,2.025405985354319,3.1685920373017344,2.008428317473596,3.976823326754862,3.9644843989357414,1.5538012429645378,2.015242491587493,3.471818223550921
C:\Users\JackM\40xMBPCNP\40xN1N2N3N4lif\Pranlukast_2602.lif,Pranlukast_2602,6,Image 7,Pranlukast_2602_S7_Image_7,3,14464,4058,1,89,4058,0,21,60,10,7.317073170731708,1.5231641202562838,1.7303025028283352,591.7634559672906,342.0,6181,3.4831460674157304,0.46226415094339623,49.0,106.0,89,310,1.5231641202562838,1.7303025028283352,591.7634559672906,342.0,4058,6181,,,0.0,0.0,0,0,61,212.5,11.0,50.0,27.5,142.31460674157304,123.0,1.15702932310222,511.5140463282405,132.0,3.8751064115775797,119.42336126170527,112.0,1.0662800112652255,2.025405985354319,3.1685920373017344,2.008428317473596,3.976823326754862,3.9644843989357414,1.5538012429645378,2.015242491587493,3.471818223550921
C:\Users\JackM\40xMBPCNP\40xN1N2N3N4lif\Pranlukast_2602.lif,Pranlukast_2602,6,Image 7,Pranlukast_2602_S7_Image_7,4,42403,2485,1,0,2216,481,31,3,0,8.95,8.191146881287727,0.8531448237513533,615.970562748477,722.0,20355,,,0.0,0.0,0,0,5.0798736462093865,0.9190561154669218,476.0710678118655,518.0,2216,11257,17.908523908523907,0.4605020252805992,233.9350288425444,508.0,481,8614,251,330.0,6.0,90.0,130.13888888888889,131.1661971830986,123.0,1.066391847017062,189.4192238267148,132.0,1.4349941198993545,132.8191268191268,112.0,1.1858850608850608,2.025405985354319,3.1685920373017344,2.008428317473596,3.976823326754862,3.9644843989357414,1.5538012429645378,2.015242491587493,3.471818223550921
C:\Users\JackM\40xMBPCNP\40xN1N2N3N4lif\Pranlukast_2602.lif,Pranlukast_2602,6,Image 7,Pranlukast_2602_S7_Image_7,7,94365,38056,0,37658,2941,36493,159,542,139,9.347043701799485,2.4873081774227455,5.533460931952753,8366.592929112563,1512.0,94657,2.520261299059961,5.176339261606465,7785.214249456123,1504.0,37658,94908,6.328459707582455,0.9176517018884252,673.5563491861041,734.0,2941,18612,2.5892362918915954,5.473800147044561,8276.385822331376,1512.0,36493,94489,231,2767.5,30.0,135.0,112.5,199.86074672048437,123.0,1.6248841196787347,210.16116967018021,132.0,1.592130073258941,178.0276491381909,112.0,1.5895325815909902,2.025405985354319,3.1685920373017344,2.008428317473596,3.976823326754862,3.9644843989357414,1.5538012429645378,2.015242491587493,3.471818223550921
C:\Users\JackM\40xMBPCNP\40xN1N2N3N4lif\Pranlukast_2602.lif,Pranlukast_2602,6,Image 7,Pranlukast_2602_S7_Image_7,9,19079,2393,1,0,814,2335,20,38,5,6.285714285714286,2.063518595904722,0.9489236778762602,409.9350288425444,432.0,4938,,,0.0,0.0,0,0,3.3034398034398036,0.7537570250780623,229.14213562373095,304.0,814,2689,2.014561027837259,0.9523739890236541,409.5208152801713,430.0,2335,4704,156,182.5,4.0,35.0,66.0,131.53614709569578,123.0,1.0693995698837055,178.48648648648648,132.0,1.352170352170352,139.17516059957174,112.0,1.2426353624961763,2.025405985354319,3.1685920373017344,2.008428317473596,3.976823326754862,3.9644843989357414,1.5538012429645378,2.015242491587493,3.471818223550921
C:\Users\JackM\40xMBPCNP\40xN1N2N3N4lif\Pranlukast_2602.lif,Pranlukast_2602,6,Image 7,Pranlukast_2602_S7_Image_7,10,105558,59124,4,63113,10886,57479,128,651,178,10.366132723112129,1.9122183884716866,5.155129444306464,8299.758405333407,1610.0,113058,1.7906611949994455,5.087307784842937,8261.78784258493,1624.0,63113,113014,5.223681793128789,1.8171827033408798,2082.4913780286483,1146.0,10886,56865,1.9562622870961568,5.0626673567097695,8150.8944443027285,1610.0,57479,112444,268,2337.5,29.0,160.0,132.5,280.31499057246526,123.0,2.2789836631907745,668.4508543082859,132.0,5.06402162354762,235.27987612867307,112.0,2.1007131797202954,2.025405985354319,3.1685920373017344,2.008428317473596,3.976823326754862,3.9644843989357414,1.5538012429645378,2.015242491587493,3.471818223550921
C:\Users\JackM\40xMBPCNP\40xN1N2N3N4lif\Pranlukast_2602.lif,Pranlukast_2602,6,Image 7,Pranlukast_2602_S7_Image_7,11,73374,53318,7,40639,16478,51577,124,486,150,8.946778711484594,1.6948122585243257,3.043952732484466,4346.764501987817,1428.0,90364,1.6866556755825686,3.021135145387791,3703.9116882454314,1226.0,40639,68544,4.169862847432941,2.581612565394688,3283.8111831820434,1272.0,16478,68711,1.7441689124997577,3.250614285966404,4641.877200360025,1428.0,51577,89959,225,1437.5,23.0,135.0,110.0,340.90334407834837,123.0,2.771571903076003,722.3703726180362,132.0,5.472502822863911,235.30484518293036,112.0,2.100936117704735,2.025405985354319,3.1685920373017344,2.008428317473596,3.976823326754862,3.9644843989357414,1.5538012429645378,2.015242491587493,3.471818223550921
C:\Users\JackM\40xMBPCNP\40xN1N2N3N4lif\Pranlukast_2602.lif,Pranlukast_2602,6,Image 7,Pranlukast_2602_S7_Image_7,12,21752,18478,2,1172,5371,18373,29,150,44,9.360824742268042,1.1852473211386514,1.8922892740171633,1334.4558441227157,705.2071067811866,21901,8.774744027303754,1.1129247252152683,568.9350288425444,511.20710678118655,1172,10284,2.479612735058648,1.7307367927944326,941.5208152801713,544.0,5371,13318,1.1920209002340392,1.9876408948963664,1401.698484809835,705.2071067811866,18373,21901,119,392.5,11.0,75.0,57.5,154.44027303754265,123.0,1.2556119759149809,1164.6633773971328,132.0,8.823207404523734,231.8474936047461,112.0,2.070066907185233,2.025405985354319,3.1685920373017344,2.008428317473596,3.976823326754862,3.9644843989357414,1.5538012429645378,2.015242491587493,3.471818223550921
C:\Users\JackM\40xMBPCNP\40xN1N2N3N4lif\Pranlukast_2602.lif,Pranlukast_2602,6,Image 7,Pranlukast_2602_S7_Image_7,13,33307,8559,2,125,1317,7518,51,152,48,6.051282051282051,3.2415001752541186,1.773017069752598,1496.4264068711927,844.0,27744,1.432,1.0005731275150442,62.03553390593274,62.0,125,179,7.113895216400911,0.7804578237265614,410.5208152801713,526.0,1317,9369,2.6218409151370046,1.746314792323814,1236.3908729652603,708.0,7518,19711,153,512.5,8.0,40.0,72.5,144.88,123.0,1.1778861788617885,176.21108580106304,132.0,1.3349324681898715,159.7976855546688,112.0,1.426765049595257,2.025405985354319,3.1685920373017344,2.008428317473596,3.976823326754862,3.9644843989357414,1.5538012429645378,2.015242491587493,3.471818223550921
C:\Users\JackM\40xMBPCNP\40xN1N2N3N4lif\Pranlukast_2602.lif,Pranlukast_2602,7,Image 8,Pranlukast_2602_S8_Image_8,1,17910,2193,1,3131,2035,466,13,15,9,7.125,2.611035111719106,1.0055673865910362,374.0710678118655,372.0,5726,1.9137655701053977,1.4604695538151198,550.8994949366117,377.20710678118655,3131,5992,2.0004914004914003,0.9491459972476296,301.8284271247462,318.0,2035,4071,9.225321888412017,0.730206078586064,245.3492424049175,336.0,466,4299,109,107.5,3.0,30.0,54.375,170.10859150431173,124.0,1.3718434798734818,196.54643734643736,132.0,1.4889881617154346,132.14163090128756,112.0,1.1798359901900675,1.5105651197255958,1.8896878953720635,1.5301385325808106,2.3427728796382294,3.444480975580596,1.8166627053123205,1.5454906675360665,1.9322697771382336
C:\Users\JackM\40xMBPCNP\40xN1N2N3N4lif\Pranlukast_2602.lif,Pranlukast_2602,7,Image 8,Pranlukast_2602_S8_Image_8,3,6858,2506,1,1448,2506,115,4,6,2,16.4,1.1181165203511572,1.077370645220055,256.4142135623731,238.0,2802,1.2748618784530388,1.3949704773590466,273.4142135623731,196.0,1448,1846,1.1181165203511572,1.077370645220055,256.4142135623731,238.0,2506,2802,3.5391304347826087,0.8004536243310563,75.24264068711929,94.0,115,407,43,92.5,13.0,30.0,17.5,165.95303867403314,124.0,1.3383309570486543,262.80287310454906,132.0,1.9909308568526445,127.95652173913044,112.0,1.142468944099379,1.5105651197255958,1.8896878953720635,1.5301385325808106,2.3427728796382294,3.444480975580596,1.8166627053123205,1.5454906675360665,1.9322697771382336
C:\Users\JackM\40xMBPCNP\40xN1N2N3N4lif\Pranlukast_2602.lif,Pranlukast_2602,7,Image 8,Pranlukast_2602_S8_Image_8,4,8305,2906,0,172,1822,2464,29,15,3,7.84,2.425326909841707,1.6852044739809062,663.970562748477,394.0,7048,1.0406976744186047,1.0208121858825268,59.207106781186546,58.0,172,179,3.1514818880351263,1.0835307439218484,390.0710678118655,360.0,1822,5742,2.282061688311688,1.4756606937786187,572.5563491861041,388.0,2464,5623,99,265.0,5.0,30.0,47.5,143.7325581395349,124.0,1.159133533383346,929.692096597146,132.0,7.043121943917773,139.14001623376623,112.0,1.24232157351577,1.5105651197255958,1.8896878953720635,1.5301385325808106,2.3427728796382294,3.444480975580596,1.8166627053123205,1.5454906675360665,1.9322697771382336
C:\Users\JackM\40xMBPCNP\40xN1N2N3N4lif\Pranlukast_2602.lif,Pranlukast_2602,7,Image 8,Pranlukast_2602_S8_Image_8,5,6646,2133,0,0,2133,0,19,35,10,6.161290322580645,1.9662447257383966,1.664211506183035,495.9350288425444,298.0,4194,,,0.0,0.0,0,0,1.9662447257383966,1.664211506183035,495.9350288425444,298.0,2133,4194,,,0.0,0.0,0,0,53,177.5,10.0,35.0,22.5,129.2555086732302,124.0,1.0423831344615337,420.3061415846226,132.0,3.184137436247141,117.62306610407876,112.0,1.050205947357846,1.5105651197255958,1.8896878953720635,1.5301385325808106,2.3427728796382294,3.444480975580596,1.8166627053123205,1.5454906675360665,1.9322697771382336
C:\Users\JackM\40xMBPCNP\40xN1N2N3N4lif\Pranlukast_2602.lif,Pranlukast_2602,7,Image 8,Pranlukast_2602_S8_Image_8,6,55070,37823,2,34710,8358,37294,47,224,49,14.271523178807946,1.4455754435132062,2.267448556656742,2476.0538238691624,1092.0,54676,1.5178622875252088,2.52860903441773,2741.0121933088194,1084.0,34710,52685,4.273390763340512,2.002321920450902,1673.941125496954,836.0,8358,35717,1.4594572853542125,2.2094094727222733,2412.6751442127224,1092.0,37294,54429,214,867.5,14.0,105.0,105.0,274.15399020455203,124.0,2.2109192758431617,630.1902368987796,132.0,4.7741684613543915,311.12119912050196,112.0,2.777867849290196,1.5105651197255958,1.8896878953720635,1.5301385325808106,2.3427728796382294,3.444480975580596,1.8166627053123205,1.5454906675360665,1.9322697771382336
C:\Users\JackM\40xMBPCNP\40xN1N2N3N4lif\Pranlukast_2602.lif,Pranlukast_2602,7,Image 8,Pranlukast_2602_S8_Image_8,7,83620,59726,4,57989,16603,57813,83,384,97,12.496124031007753,1.4669992967886683,2.060649465548887,3103.338095116624,1506.0,87618,1.5245994930072946,2.60461309515733,3917.338095116624,1504.0,57989,88410,3.7773896283804134,2.2923053136732103,2920.39696961967,1274.0,16603,62716,1.5037275353294242,2.190186598748933,3267.7584053334076,1492.0,57813,86935,373,977.5,9.0,225.0,182.5,467.16263429271066,124.0,3.7674405991347633,769.5438776124797,132.0,5.829877860700604,347.87731133136145,112.0,3.1060474226014416,1.5105651197255958,1.8896878953720635,1.5301385325808106,2.3427728796382294,3.444480975580596,1.8166627053123205,1.5454906675360665,1.9322697771382336
C:\Users\JackM\40xMBPCNP\40xN1N2N3N4lif\Pranlukast_2602.lif,Pranlukast_2602,8,Image 9,Pranlukast_2602_S9_Image_9,1,38576,37965,3,31742,7016,37965,20,125,31,14.011904761904763,1.025233767944159,1.147916059974164,1023.9411254969542,892.0,38923,1.2039569025266208,2.0088826836174816,1779.8700576850888,886.0,31742,38216,2.88939566704675,1.8786544549400523,1258.698484809835,670.0,7016,20272,1.025233767944159,1.147916059974164,1023.9411254969542,892.0,37965,38923,151,322.5,8.0,105.0,72.5,224.75836431226764,125.0,1.7980669144981412,475.29304446978335,137.0,3.4692922953998786,367.7172659028052,114.0,3.225590051778993,1.3267925187840566,2.029948376019323,1.4382221953224692,1.8430624048990472,2.363202905240057,1.7119713535820502,1.447075626399591,1.9746802794056983
C:\Users\JackM\40xMBPCNP\40xN1N2N3N4lif\Pranlukast_2602.lif,Pranlukast_2602,8,Image 9,Pranlukast_2602_S9_Image_9,2,69793,56527,3,60812,7364,56526,93,708,250,8.98194130925508,1.329842376209599,2.8679224791944065,3659.4690834520625,1276.0,75172,1.241810826810498,2.76511047197343,3533.8111831820434,1278.0,60812,75517,3.42802824551874,1.9214729016565866,1452.6335136523794,756.0,7364,25244,1.329865902416587,2.8702735763730898,3662.4690834520625,1276.0,56526,75172,196,1037.5,26.0,135.0,95.0,300.84262974412945,125.0,2.4067410379530356,458.397474198805,137.0,3.345966964954781,247.6782896366274,114.0,2.1726165757598896,1.3267925187840566,2.029948376019323,1.4382221953224692,1.8430624048990472,2.363202905240057,1.7119713535820502,1.447075626399591,1.9746802794056983
C:\Users\JackM\40xMBPCNP\40xN1N2N3N4lif\Pranlukast_2602.lif,Pranlukast_2602,8,Image 9,Pranlukast_2602_S9_Image_9,3,15939,12031,1,12072,531,12012,25,60,14,10.4,1.2288255340370708,1.2906808770339053,712.4558441227157,552.0,14784,1.3074884029158382,1.6580774654139563,948.420310216783,572.0,12072,15784,11.589453860640301,0.4642494615129029,188.48528137423858,406.0,531,6154,1.2211122211122212,1.2840886133482348,706.2487373415291,550.0,12012,14668,190,300.0,6.0,160.0,92.5,465.41683233929757,125.0,3.7233346587143807,164.17325800376648,137.0,1.1983449489326021,370.0288877788878,114.0,3.2458674366569102,1.3267925187840566,2.029948376019323,1.4382221953224692,1.8430624048990472,2.363202905240057,1.7119713535820502,1.447075626399591,1.9746802794056983
C:\Users\JackM\40xMBPCNP\40xN1N2N3N4lif\Pranlukast_2602.lif,Pranlukast_2602,8,Image 9,Pranlukast_2602_S9_Image_9,4,12267,8936,2,6210,6624,4722,13,86,28,9.278688524590164,1.3463518352730528,1.7276383203393189,888.0060966544099,514.0,12031,1.7840579710144928,1.755534212336757,881.278174593052,502.0,6210,11079,1.3689613526570048,1.384512230824887,634.1066017177982,458.0,6624,9068,2.3500635324015247,1.6586911372587696,832.6629509039024,502.0,4722,11097,101,232.5,12.0,60.0,47.5,204.04814814814816,125.0,1.6323851851851852,1737.0297403381642,137.0,12.679049199548643,192.39305379076663,114.0,1.6876583665856721,1.3267925187840566,2.029948376019323,1.4382221953224692,1.8430624048990472,2.363202905240057,1.7119713535820502,1.447075626399591,1.9746802794056983
C:\Users\JackM\40xMBPCNP\40xN1N2N3N4lif\Pranlukast_2602.lif,Pranlukast_2602,8,Image 9,Pranlukast_2602_S9_Image_9,5,24023,11687,4,64,11482,1192,32,148,38,7.298076923076923,1.604004449388209,1.921101803924612,1225.6629509039024,638.0,18746,15.078125,0.18440962418423085,42.41421356237309,230.0,64,965,1.5961504964291935,1.8427318979684986,1175.6629509039021,638.0,11482,18327,8.273489932885907,1.0965495471405675,508.7989898732234,464.0,1192,9862,166,335.0,7.0,140.0,82.67857142857143,144.046875,125.0,1.152375,1425.62680717645,137.0,10.406035088879197,133.08808724832215,114.0,1.1674393618273873,1.3267925187840566,2.029948376019323,1.4382221953224692,1.8430624048990472,2.363202905240057,1.7119713535820502,1.447075626399591,1.9746802794056983
C:\Users\JackM\40xMBPCNP\40xN1N2N3N4lif\Pranlukast_2602.lif,Pranlukast_2602,8,Image 9,Pranlukast_2602_S9_Image_9,6,9652,4661,2,0,2727,4177,38,63,13,7.775510204081633,1.8051920188800687,1.9313903845977776,791.8700576850888,410.0,8414,,,0.0,0.0,0,0,2.5903923725705904,1.1914480838949701,483.72792206135784,406.0,2727,7064,1.8735934881493894,1.9311422783885503,760.8700576850888,394.0,4177,7826,74,337.5,12.0,45.0,35.0,139.7421154258743,125.0,1.1179369234069942,898.9743307664099,137.0,6.561856428951898,178.05793631793154,114.0,1.5619117220871188,1.3267925187840566,2.029948376019323,1.4382221953224692,1.8430624048990472,2.363202905240057,1.7119713535820502,1.447075626399591,1.9746802794056983
C:\Users\JackM\40xMBPCNP\40xN1N2N3N4lif\Pranlukast_2602.lif,Pranlukast_2602,8,Image 9,Pranlukast_2602_S9_Image_9,7,26841,19930,2,2521,10713,16327,50,260,78,8.208333333333334,1.2995484194681386,2.7419606781186547,2193.568542494924,800.0,25900,6.973423244744149,1.7679310966350847,1166.834523779156,660.0,2521,17580,2.268738915336507,1.8561131698994224,1470.0416305603426,792.0,10713,24305,1.5250199056777118,3.4881135072994827,2713.7523086789975,778.0,16327,24899,135,572.5,15.0,95.0,65.0,156.82863942879808,125.0,1.2546291154303846,1278.681321758611,137.0,9.333440304807379,183.6500888099467,114.0,1.610965691315322,1.3267925187840566,2.029948376019323,1.4382221953224692,1.8430624048990472,2.363202905240057,1.7119713535820502,1.447075626399591,1.9746802794056983
C:\Users\JackM\40xMBPCNP\40xN1N2N3N4lif\Pranlukast_2602.lif,Pranlukast_2602,8,Image 9,Pranlukast_2602_S9_Image_9,8,20542,9147,1,340,8624,2260,49,92,27,7.922077922077922,2.0620968623592435,1.9699156078460092,1331.6629509039021,676.0,18862,2.876470588235294,0.9898347023229045,154.4142135623731,156.0,340,978,2.187152133580705,1.8103535353154194,1223.7989898732235,676.0,8624,18862,4.84070796460177,1.6269116882454313,813.4558441227157,500.0,2260,10940,181,507.5,8.0,80.0,80.48387096774194,148.49705882352941,125.0,1.1879764705882354,1109.9839981447124,137.0,8.102072979158484,136.17256637168143,114.0,1.1944961962428196,1.3267925187840566,2.029948376019323,1.4382221953224692,1.8430624048990472,2.363202905240057,1.7119713535820502,1.447075626399591,1.9746802794056983
C:\Users\JackM\40xMBPCNP\40xN1N2N3N4lif\Pranlukast_2602.lif,Pranlukast_2602,8,Image 9,Pranlukast_2602_S9_Image_9,9,32378,29563,2,26099,8696,28354,24,176,50,12.877358490566039,1.2618475797449515,1.292332628886923,1307.840620433566,1012.0,37304,1.3604735813632707,1.8251999369633092,1814.2487373415292,994.0,26099,35507,3.234705611775529,1.866231797705455,1675.8761543394985,898.0,8696,28129,1.291140579812372,1.4574577293985813,1474.9472221513643,1012.0,28354,36609,153,587.5,14.0,115.0,72.5,449.63557990727617,125.0,3.597084639258209,991.1608785648574,137.0,7.234750938429616,387.7459265006701,114.0,3.4012800570234223,1.3267925187840566,2.029948376019323,1.4382221953224692,1.8430624048990472,2.363202905240057,1.7119713535820502,1.447075626399591,1.9746802794056983
C:\Users\JackM\40xMBPCNP\40xN1N2N3N4lif\Pranlukast_2602.lif,Pranlukast_2602,8,Image 9,Pranlukast_2602_S9_Image_9,10,6965,4694,1,1219,2752,3443,36,137,42,4.680851063829787,1.463996591393268,2.242759211297821,856.7340187157677,382.0,6872,2.047579983593109,1.3490427332657182,342.6568542494924,254.0,1219,2496,2.2380087209302326,1.7703882398693387,633.7989898732233,358.0,2752,6159,1.68602962532675,2.0912292567392274,736.1126983722081,352.0,3443,5805,67,302.5,11.0,35.0,30.0,175.81050041017227,125.0,1.4064840032813781,633.7845203488372,137.0,4.626164382108301,172.63404008132443,114.0,1.5143336849238984,1.3267925187840566,2.029948376019323,1.4382221953224692,1.8430624048990472,2.363202905240057,1.7119713535820502,1.447075626399591,1.9746802794056983
C:\Users\JackM\40xMBPCNP\40xN1N2N3N4lif\Pranlukast_2602.lif,Pranlukast_2602,8,Image 9,Pranlukast_2602_S9_Image_9,11,10816,6871,1,4519,3038,4259,29,91,18,7.63768115942029,1.4321059525542135,2.322092816061264,1119.2487373415292,482.0,9840,1.595485726930737,1.8386002885611294,777.7279220613577,423.0,4519,7210,2.6129032258064515,0.9892525124418826,447.14213562373095,452.0,3038,7938,1.7579243953979808,1.9633940546227693,881.9705627484772,449.20710678118655,4259,7487,90,422.5,14.0,40.0,42.5,185.37884487718523,125.0,1.4830307590174818,1972.99275839368,137.0,14.401406995574307,202.54895515379198,114.0,1.776745220647298,1.3267925187840566,2.029948376019323,1.4382221953224692,1.8430624048990472,2.363202905240057,1.7119713535820502,1.447075626399591,1.9746802794056983
C:\Users\JackM\40xMBPCNP\40xN1N2N3N4lif\Pranlukast_2602.lif,Pranlukast_2602,8,Image 9,Pranlukast_2602_S9_Image_9,12,38806,32697,2,33662,7312,32648,39,253,68,10.558282208588958,1.3993944398568676,2.290152671325985,2500.846717087976,1092.0,45756,1.3763888063691998,2.1438854788410904,2349.698484809835,1096.0,33662,46332,4.577954048140044,1.2389680307971374,1201.7989898732233,970.0,7312,33474,1.401494731683411,2.2850374822805395,2495.260930650349,1092.0,32648,45756,196,692.5,10.0,125.0,95.0,245.5994890380845,125.0,1.964795912304676,566.4621170678337,137.0,4.134759978597326,250.36519848076452,114.0,2.1961859515856537,1.3267925187840566,2.029948376019323,1.4382221953224692,1.8430624048990472,2.363202905240057,1.7119713535820502,1.447075626399591,1.9746802794056983
C:\Users\JackM\40xMBPCNP\40xN1N2N3N4lif\Pranlukast_2602.lif,Pranlukast_2602,8,Image 9,Pranlukast_2602_S9_Image_9,13,11085,6378,1,1904,4540,2789,19,74,14,10.085106382978724,1.6050486045782377,2.0437441551734983,952.3847763108502,466.0,10237,2.428046218487395,1.4989538239313793,491.6568542494924,328.0,1904,4623,1.7464757709251102,1.231090804578577,544.142135623731,442.0,4540,7929,2.4209394048045896,1.866003286785496,705.3492424049175,378.0,2789,6752,140,285.0,7.0,115.0,72.5,167.5231092436975,125.0,1.3401848739495799,1144.3726872246696,137.0,8.353085308209266,163.9526712083184,114.0,1.438181326388758,1.3267925187840566,2.029948376019323,1.4382221953224692,1.8430624048990472,2.363202905240057,1.7119713535820502,1.447075626399591,1.9746802794056983
C:\Users\JackM\40xMBPCNP\40xN1N2N3N4lif\Pranlukast_2602.lif,Pranlukast_2602,8,Image 9,Pranlukast_2602_S9_Image_9,14,45012,40160,4,38909,11802,39868,38,272,117,10.829545454545455,1.1389193227091634,1.708231965387318,1653.5685424949238,968.0,45739,1.1953275591765402,2.009655915237874,1997.5979797464468,994.0,38909,46509,3.132180986273513,2.191520469899336,1959.2193000900065,894.0,11802,36966,1.124661382562456,1.7162073364417578,1630.39696961967,950.0,39868,44838,234,490.0,9.0,210.0,120.0,363.3695031997738,125.0,2.9069560255981903,826.3722250466022,137.0,6.031914051435053,304.5955653657068,114.0,2.671890924260586,1.3267925187840566,2.029948376019323,1.4382221953224692,1.8430624048990472,2.363202905240057,1.7119713535820502,1.447075626399591,1.9746802794056983
C:\Users\JackM\40xMBPCNP\40xN1N2N3N4lif\Pranlukast_2602.lif,Pranlukast_2602,8,Image 9,Pranlukast_2602_S9_Image_9,15,15093,11135,4,254,10910,3899,18,58,12,11.928571428571429,1.2973506960035923,1.5875653523181799,850.9350288425444,536.0,14446,30.35433070866142,0.3591210528565446,159.44974746830582,444.0,254,7710,1.2201649862511457,1.4365890707597926,749.8994949366117,522.0,10910,13312,3.3903565016670942,2.001816844588715,1036.9411254969543,518.0,3899,13219,162,262.5,10.0,150.0,77.5,150.08661417322836,125.0,1.2006929133858268,2512.379835013749,137.0,18.338538941706197,141.5868171325981,114.0,1.2419896239701587,1.3267925187840566,2.029948376019323,1.4382221953224692,1.8430624048990472,2.363202905240057,1.7119713535820502,1.447075626399591,1.9746802794056983
C:\Users\JackM\40xMBPCNP\40xN1N2N3N4lif\Pranlukast_2602.lif,Pranlukast_2602,8,Image 9,Pranlukast_2602_S9_Image_9,16,18519,15531,1,13925,5090,14477,25,103,29,10.222222222222221,1.1979267271907796,1.423181058658941,973.4558441227157,684.0,18605,1.3375224416517055,1.6987629753461935,1158.556349186104,682.0,13925,18625,2.7838899803536346,1.5333507715386632,923.0771644662752,602.0,5090,14170,1.2851419492988878,1.5031406904651181,1028.1482322781408,684.0,14477,18605,121,377.5,11.0,50.0,57.5,299.71202872531416,125.0,2.3976962298025133,1126.4345776031435,137.0,8.2221502014828,259.74262623471714,114.0,2.2784440897782203,1.3267925187840566,2.029948376019323,1.4382221953224692,1.8430624048990472,2.363202905240057,1.7119713535820502,1.447075626399591,1.9746802794056983
C:\Users\JackM\40xMBPCNP\40xN1N2N3N4lif\Pranlukast_2602.lif,Pranlukast_2602,8,Image 9,Pranlukast_2602_S9_Image_9,17,16549,11806,1,12807,8069,8983,31,115,16,8.947368421052632,1.4294426562764695,1.7967518591928697,1261.3198051533946,702.0,16876,1.227375653939252,1.4723635986671038,1014.7634559672906,689.2071067811866,12807,15719,1.8255050192093196,1.206088380621472,817.727922061358,678.0,8069,14730,1.7245908939107202,2.1346160822724722,1477.1543289325507,692.0,8983,15492,126,372.5,6.0,30.0,60.0,190.03209182478332,125.0,1.5202567345982665,1446.115751642087,137.0,10.55558942804443,197.44606478904598,114.0,1.7319830244653156,1.3267925187840566,2.029948376019323,1.4382221953224692,1.8430624048990472,2.363202905240057,1.7119713535820502,1.447075626399591,1.9746802794056983
C:\Users\JackM\40xMBPCNP\40xN1N2N3N4lif\Pranlukast_2602.lif,Pranlukast_2602,8,Image 9,Pranlukast_2602_S9_Image_9,18,20064,12115,2,9050,8030,8609,46,163,35,8.11504424778761,1.5934791580685101,2.966200417046442,1844.976659402887,622.0,19305,1.9424309392265193,2.236994525740821,1333.2487373415292,596.0,9050,17579,2.1254047322540472,1.9382874162583998,1155.2193000900063,596.0,8030,17067,2.1405505865954235,3.014675144212722,1808.8050865276332,600.0,8609,18428,101,582.5,18.0,85.0,47.5,182.3214364640884,125.0,1.4585714917127073,1189.7940224159402,137.0,8.684627900846278,161.81821349750263,114.0,1.419458013135988,1.3267925187840566,2.029948376019323,1.4382221953224692,1.8430624048990472,2.363202905240057,1.7119713535820502,1.447075626399591,1.9746802794056983
C:\Users\JackM\40xMBPCNP\40xN1N2N3N4lif\Pranlukast_2602.lif,Pranlukast_2602,8,Image 9,Pranlukast_2602_S9_Image_9,19,11985,9408,2,381,9145,1553,15,60,13,11.047619047619047,1.1743197278911566,1.4283602834802769,679.8994949366117,476.0,11048,13.188976377952756,0.42624824666144734,155.2426406871193,364.20710678118655,381,5025,1.135702569710224,1.2752107943572282,601.8994949366117,472.0,9145,10386,3.34835801674179,0.9083191343476977,417.1066017177982,459.20710678118655,1553,5200,92,227.5,11.0,60.0,42.5,155.8766404199475,125.0,1.24701312335958,1256.3264078731547,137.0,9.17026575089894,141.60914359304573,114.0,1.2421854701144361,1.3267925187840566,2.029948376019323,1.4382221953224692,1.8430624048990472,2.363202905240057,1.7119713535820502,1.447075626399591,1.9746802794056983
C:\Users\JackM\40xMBPCNP\40xN1N2N3N4lif\Pranlukast_2602.lif,Pranlukast_2602,8,Image 9,Pranlukast_2602_S9_Image_9,20,9468,7535,2,613,5514,5910,17,116,42,5.935897435897436,1.254014598540146,2.201008288950554,964.0416305603426,438.0,9449,7.892332789559544,0.9805814639152631,323.5918830920368,330.0,613,4838,1.4934711643090315,1.8418198051533947,736.7279220613578,400.0,5514,8235,1.4983079526226735,2.401787114286066,1051.982756057297,438.0,5910,8855,83,217.5,9.0,55.0,40.0,160.66394779771616,125.0,1.2853115823817294,1204.8132027566196,137.0,8.79425695442788,181.02876480541454,114.0,1.5879716211001276,1.3267925187840566,2.029948376019323,1.4382221953224692,1.8430624048990472,2.363202905240057,1.7119713535820502,1.447075626399591,1.9746802794056983
C:\Users\JackM\40xMBPCNP\40xN1N2N3N4lif\Pranlukast_2602.lif,Pranlukast_2602,8,Image 9,Pranlukast_2602_S9_Image_9,21,5112,3670,1,4433,2951,3003,12,59,13,7.513513513513513,1.2405994550408719,1.405031623626232,480.5208152801713,342.0,4553,1.1509136025265057,1.2006758198956988,405.8284271247462,338.0,4433,5102,1.2975262622839716,1.0442486409178162,332.07106781186553,318.0,2951,3829,1.4179154179154179,1.9956837012514763,634.6274169979695,318.0,3003,4258,62,127.5,10.0,35.0,27.5,184.15971125648545,125.0,1.4732776900518836,1568.3893595391394,137.0,11.448097514884228,151.23343323343323,114.0,1.3266090634511687,1.3267925187840566,2.029948376019323,1.4382221953224692,1.8430624048990472,2.363202905240057,1.7119713535820502,1.447075626399591,1.9746802794056983
C:\Users\JackM\40xMBPCNP\40xN1N2N3N4lif\Pranlukast_2602.lif,Pranlukast_2602,8,Image 9,Pranlukast_2602_S9_Image_9,22,14651,13153,1,2450,4885,12686,26,173,62,7.228571428571429,1.1332015509769635,1.8445462589228228,1058.7695526217003,574.0,14905,2.763265306122449,1.3859306356737344,498.9350288425444,360.0,2450,6770,2.3772773797338793,1.6389608974217427,835.8700576850888,510.0,4885,11613,1.1736559987387671,1.8721219159345759,1074.5979797464465,574.0,12686,14889,196,317.5,7.0,160.0,95.0,165.0681632653061,125.0,1.3205453061224488,1045.0730808597748,137.0,7.628270663210035,228.2855904146303,114.0,2.0025051790757042,1.3267925187840566,2.029948376019323,1.4382221953224692,1.8430624048990472,2.363202905240057,1.7119713535820502,1.447075626399591,1.9746802794056983
C:\Users\JackM\40xMBPCNP\40xN1N2N3N4lif\Pranlukast_2602.lif,Pranlukast_2602,8,Image 9,Pranlukast_2602_S9_Image_9,23,7140,5010,1,820,3588,3970,9,21,3,16.466666666666665,1.2574850299401197,1.5701674884682335,587.2426406871193,374.0,6300,4.871951219512195,1.1762549435734513,381.1066017177982,324.0,820,3995,1.3977146042363433,1.4560026203972158,474.65685424949237,326.0,3588,5015,1.4030226700251889,1.474188506671097,545.4497474683059,370.0,3970,5570,70,187.5,11.0,55.0,32.5,162.98170731707316,125.0,1.3038536585365852,1363.8196767001116,137.0,9.954888151095705,144.92241813602016,114.0,1.2712492818949137,1.3267925187840566,2.029948376019323,1.4382221953224692,1.8430624048990472,2.363202905240057,1.7119713535820502,1.447075626399591,1.9746802794056983
C:\Users\JackM\40xMBPCNP\40xN1N2N3N4lif\Pranlukast_2602.lif,Pranlukast_2602,8,Image 9,Pranlukast_2602_S9_Image_9,24,11231,6287,1,92,4788,3949,21,75,20,8.153846153846153,1.439001113408621,1.5723115760856785,748.4203102167829,476.0,9047,2.010869565217391,0.7814419842075792,57.207106781186546,73.20710678118655,92,185,1.8719715956558063,1.6269334248251746,774.420310216783,476.0,4788,8963,1.4368194479615093,1.6721593221121303,652.1421356237308,390.0,3949,5674,79,232.5,8.0,50.0,37.5,143.72826086956522,125.0,1.1498260869565218,656.1852548036759,137.0,4.789673392727561,151.82273993416055,114.0,1.3317784204750927,1.3267925187840566,2.029948376019323,1.4382221953224692,1.8430624048990472,2.363202905240057,1.7119713535820502,1.447075626399591,1.9746802794056983
C:\Users\JackM\40xMBPCNP\40xN1N2N3N4lif\Pranlukast_2602.lif,Pranlukast_2602,8,Image 9,Pranlukast_2602_S9_Image_9,25,49631,42295,2,40741,15344,40625,55,319,109,10.704225352112676,1.22437640383024,2.1305457724169394,2262.6396103067896,1062.0,51785,1.267911931469527,2.3810443009023654,2528.6690475583123,1062.0,40741,51656,3.1039494264859226,2.5468925106076608,2572.361435713737,1010.0,15344,47627,1.2463261538461539,2.18967853124295,2325.4386001800126,1062.0,40625,50632,312,705.0,7.0,300.0,152.5,457.3075525883017,125.0,3.6584604207064135,1201.5217022940562,137.0,8.77023140360625,350.0770707692308,114.0,3.0708514979757084,1.3267925187840566,2.029948376019323,1.4382221953224692,1.8430624048990472,2.363202905240057,1.7119713535820502,1.447075626399591,1.9746802794056983
C:\Users\JackM\40xMBPCNP\40xN1N2N3N4lif\Pranlukast_2602.lif,Pranlukast_2602,8,Image 9,Pranlukast_2602_S9_Image_9,26,9828,7954,0,7094,5748,6472,19,63,8,10.5,1.2133517726929846,1.6442898802269394,785.970562748477,478.0,9651,1.3680575133915984,2.2834639011672646,1109.7634559672906,486.0,7094,9705,1.371955462769659,1.651286702373993,759.5918830920368,460.0,5748,7886,1.478831891223733,1.988333179790097,944.8700576850888,475.20710678118655,6472,9571,92,262.5,10.0,40.0,42.5,264.4802650126868,125.0,2.1158421201014943,1774.9234516353515,137.0,12.955645632374829,225.264369592089,114.0,1.9760032420358684,1.3267925187840566,2.029948376019323,1.4382221953224692,1.8430624048990472,2.363202905240057,1.7119713535820502,1.447075626399591,1.9746802794056983
C:\Users\JackM\40xMBPCNP\40xN1N2N3N4lif\Pranlukast_2602.lif,Pranlukast_2602,8,Image 9,Pranlukast_2602_S9_Image_9,27,22592,10859,1,0,10420,540,43,96,21,9.25974025974026,1.8624182705589833,2.62393492745158,1763.284271247462,672.0,20224,,,0.0,0.0,0,0,1.9298464491362763,2.437119489082222,1632.8700576850888,670.0,10420,20109,13.048148148148147,0.40425535952533126,222.8284271247462,551.2071067811866,540,7046,194,592.5,12.0,35.0,95.0,130.333179850815,125.0,1.04266543880652,937.0934740882917,137.0,6.840098351009429,132.4351851851852,114.0,1.1617121507472385,1.3267925187840566,2.029948376019323,1.4382221953224692,1.8430624048990472,2.363202905240057,1.7119713535820502,1.447075626399591,1.9746802794056983
C:\Users\JackM\40xMBPCNP\40xN1N2N3N4lif\Pranlukast_2602.lif,Pranlukast_2602,8,Image 9,Pranlukast_2602_S9_Image_9,28,25601,20583,1,10345,8696,18706,36,247,50,8.825,1.269639994169946,2.753875858597509,2114.976659402887,768.0,26133,1.6247462542290962,1.0569985013002228,684.9350288425444,648.0,10345,16808,1.8701701931922723,1.5777470491654857,1053.9350288425444,668.0,8696,16263,1.3964503367903347,3.155418536085596,2423.3614357137376,768.0,18706,26122,124,472.5,14.0,80.0,60.0,180.31996133397777,125.0,1.442559690671822,713.5595676172953,137.0,5.208463997206535,155.8595103175452,114.0,1.3671886869960104,1.3267925187840566,2.029948376019323,1.4382221953224692,1.8430624048990472,2.363202905240057,1.7119713535820502,1.447075626399591,1.9746802794056983
C:\Users\JackM\40xMBPCNP\40xN1N2N3N4lif\Pranlukast_2602.lif,Pranlukast_2602,8,Image 9,Pranlukast_2602_S9_Image_9,29,11879,4820,1,413,4068,1411,25,37,11,9.777777777777779,1.9184647302904565,1.8312285248012508,816.7279220613578,446.0,9247,6.702179176755448,0.8102284322524247,226.86396103067892,280.0,413,2768,1.4813176007866273,1.4954028379004782,583.2071067811866,390.0,4068,6026,4.95747696669029,1.151381019527673,469.7634559672906,408.0,1411,6995,124,305.0,7.0,45.0,60.0,142.58111380145277,125.0,1.1406489104116222,219.0105703048181,137.0,1.5986173014950225,136.05527994330262,114.0,1.1934673679237071,1.3267925187840566,2.029948376019323,1.4382221953224692,1.8430624048990472,2.363202905240057,1.7119713535820502,1.447075626399591,1.9746802794056983
C:\Users\JackM\40xMBPCNP\40xN1N2N3N4lif\Pranlukast_2602.lif,Pranlukast_2602,8,Image 9,Pranlukast_2602_S9_Image_9,30,19129,13374,3,14417,6432,11029,34,212,78,7.666666666666667,1.4096754897562433,2.3132869643890124,1610.0477272147525,696.0,18853,1.3144898383852397,2.360701364787537,1647.7695526217005,698.0,14417,18951,1.7837375621890548,1.6024029677389333,842.863961030679,526.0,6432,11473,1.7022395502765437,2.5265345365395624,1758.4680374315353,696.0,11029,18774,127,442.5,14.0,60.0,60.0,249.1394187417632,125.0,1.9931153499341057,331.37748756218906,137.0,2.4188137778261973,198.76997007888295,114.0,1.7435962287621312,1.3267925187840566,2.029948376019323,1.4382221953224692,1.8430624048990472,2.363202905240057,1.7119713535820502,1.447075626399591,1.9746802794056983
C:\Users\JackM\40xMBPCNP\40xN1N2N3N4lif\Pranlukast_2602.lif,Pranlukast_2602,8,Image 9,Pranlukast_2602_S9_Image_9,31,6091,3955,0,3146,2399,3329,19,27,3,9.0,1.3666245259165613,1.404125781595107,505.4852813742385,360.0,5405,1.7555626191989828,1.6223323544219839,589.2426406871193,363.20710678118655,3146,5523,1.7482284285118799,1.1770071808424445,397.8284271247462,338.0,2399,4194,1.6206067888254732,1.4709898588502888,529.556349186104,360.0,3329,5395,65,227.5,10.0,50.0,30.0,167.78035600762874,125.0,1.34224284806103,1001.137140475198,137.0,7.307570368432102,148.65905677380596,114.0,1.3040268138053155,1.3267925187840566,2.029948376019323,1.4382221953224692,1.8430624048990472,2.363202905240057,1.7119713535820502,1.447075626399591,1.9746802794056983
C:\Users\JackM\40xMBPCNP\40xN1N2N3N4lif\Pranlukast_2602.lif,Pranlukast_2602,8,Image 9,Pranlukast_2602_S9_Image_9,32,3798,3045,1,56,4,3045,8,36,15,6.423076923076923,1.1343185550082102,1.3622054769099459,365.0710678118655,268.0,3454,1.2321428571428572,0.879321409536134,33.41421356237309,38.0,56,69,5.5,0.0,0.0,16.207106781186546,4,22,1.1343185550082102,1.3622054769099459,365.0710678118655,268.0,3045,3454,49,112.5,12.0,35.0,22.5,143.60714285714286,125.0,1.1488571428571428,194.25,137.0,1.417883211678832,157.6952380952381,114.0,1.3832915622389306,1.3267925187840566,2.029948376019323,1.4382221953224692,1.8430624048990472,2.363202905240057,1.7119713535820502,1.447075626399591,1.9746802794056983
C:\Users\JackM\40xMBPCNP\40xN1N2N3N4lif\Pranlukast_2602.lif,Pranlukast_2602,8,Image 9,Pranlukast_2602_S9_Image_9,33,66477,55026,3,54788,10179,54644,71,495,154,9.408637873754152,1.355722749245811,2.4477421718922554,3010.7228714274743,1230.0,74600,1.3829305687376798,2.870774062975145,3554.0182899632296,1238.0,54788,75768,5.463012083701739,2.0051483936159324,2113.4264068711927,1054.0,10179,55608,1.3652002049630334,2.484890454945447,3056.4152595829,1230.0,54644,74600,350,907.5,10.0,310.0,172.5,374.42724684237425,125.0,2.995417974738994,610.6456429904706,137.0,4.457267467083727,298.6922992460288,114.0,2.62010788812306,1.3267925187840566,2.029948376019323,1.4382221953224692,1.8430624048990472,2.363202905240057,1.7119713535820502,1.447075626399591,1.9746802794056983
C:\Users\JackM\40xMBPCNP\40xN1N2N3N4lif\Pranlukast_2602.lif,Pranlukast_2602,8,Image 9,Pranlukast_2602_S9_Image_9,34,16305,10461,1,636,10173,322,38,148,39,7.88785046728972,1.558168435140044,2.7673681319665935,1748.976659402887,632.0,16300,1.119496855345912,1.0634920634920635,134.0,126.0,636,712,1.6022805465447754,2.5993189123761082,1642.7695526217003,632.0,10173,16300,9.72360248447205,0.5854040918263553,162.27817459305203,277.20710678118655,322,3131,115,527.5,13.0,55.0,55.0,152.41981132075472,125.0,1.2193584905660377,480.7788263049248,137.0,3.5093344985760933,126.83850931677019,114.0,1.112618502778686,1.3267925187840566,2.029948376019323,1.4382221953224692,1.8430624048990472,2.363202905240057,1.7119713535820502,1.447075626399591,1.9746802794056983
